ant-1.3,34.10401366,0.264,0.264,0.264,39.3551647,0.264,0.264,0.264,0.264,39.3551647,0.264,41.96898203,34.10401366,0.264,0.264,0.264,0.264,0.264,35.23218273,0.264,0.264,0.264,0.264,41.58103782,0.264,0.264,0.264,0.264,0.264,0.264,0.264,0.264,0.264,0.264,0.264,0.264,0.264,0.264,0.264,41.96898203,0.264,35.23218273,0.264,35.23218273,0.264,0.264,0.264,34.10401366,0.264,34.10401366,0.264,0.264,830.9378953,0.264,0.264,0.264,0.264,0.264,0.264,0.264,0.264,41.45482872,0.264,0.264,0.264,0.264,35.23218273,0.264,0.264,43.91458746,0.264,45.40537859,0.264,34.80819051,0.264,0.264,0.264,0.264,0.264,0.264,0.264,41.45482872,0.264,0.264,0.264,927.6999003,34.10401366,0.264,0.264,0.264,0.264,43.15345478,34.10401366,0.264,34.10401366,0.264,0.264,0.264,0.264,0.264
ant-1.4,0.264044944,12.70874069,5.856356095,9.240898013,7.507590219,8.044574069,9.783944758,6.349095284,7.368656804,6.053536235,8.441162609,7.454863051,9.369377954,7.612650341,5.775506236,5.824102444,7.60092764,7.026892959,8.733132138,10.02096153,5.978317314,12.70874069,0.264044944,10.08283321,7.265918264,8.855319601,8.054255104,7.854063273,5.911328673,8.010563289,7.590361392,7.993605599,7.89192951,7.124171556,8.441162609,12.6018157,8.724317129,12.60714543,6.997802988,9.368114141,9.752448449,9.192890278,8.731827633,8.42853472,8.728893442,7.212753955,7.618799443,7.888683932,8.721862479,7.018844536,7.499163841,7.881386561,8.817540983,7.798161047,5.832742077,8.715495849,10.0290356,8.002868614,8.738878925,5.673509016,7.885476417,9.754817084,5.789876837,9.252867755,7.922317463,7.885476417,7.17750824,8.472149035,9.877668963,8.767742225,7.067585907,7.229689683,5.673681596,7.042277702,8.527314604,7.124171556,7.801494215,8.069238881,7.562102242,7.067585907,7.998550037,8.793181369,7.270118532,7.914647493,7.854832412,7.490353689,7.984853784,5.849256567,7.378274125,7.605695301,5.97227213,6.61955185,7.491224497,5.18543728,7.38846734,9.252867755,7.286048892,7.767542966,5.882634942,7.440498686
ant-1.5,40.46055813,53.2808415,42.68540224,33.63536215,52.6258176,55.03177326,38.64562704,36.32047167,36.32047167,53.29411118,36.96666384,40.83573739,34.28950879,34.02394188,37.12457779,0.119453925,33.0761906,45.80990723,45.31075621,33.52455804,45.16078264,39.75927129,31.2463355,37.40262797,52.81328826,0.119453925,41.30813972,38.61551532,42.91214568,44.08363938,41.28412208,52.5777218,44.14414634,38.61808681,42.90181311,48.7771092,44.59051421,59.77302404,33.63536215,44.26266483,40.8048683,36.32047167,38.82046088,59.78089675,41.69929543,33.52455804,37.92987143,38.66996953,36.96666384,38.66996953,38.82046088,33.85403653,39.75589683,42.90181311,43.85740718,57.02253505,53.45786305,0.119453925,47.46443003,33.85403653,42.02632664,39.77669332,40.8048683,53.44251782,41.5460481,40.88194826,43.93033784,41.69929543,45.43924923,52.5777218,0.119453925,53.44251782,60.45983853,52.99014253,38.9208202,57.53626153,35.4725458,34.52890299,0.119453925,30.55238525,39.75589683,56.97883159,45.49537653,42.5113536,57.46888001,39.14764938,36.96666384,34.86208231,42.95225587,41.69929543,41.18324928,45.33304737,34.70085672,34.52890299,31.2463355,39.14764938,45.16078264,44.26266483,37.40262797,60.01483377
ant-1.6,0.524216524,0.524216524,0.524216524,0.524216524,0.524216524,0.524216524,0.524216524,0.524216524,0.524216524,10.9358212,0.524216524,0.524216524,0.524216524,0.524216524,0.524216524,0.524216524,0.524216524,0.524216524,0.524216524,0.524216524,0.524216524,0.524216524,0.524216524,0.524216524,0.524216524,0.524216524,10.63412666,0.524216524,0.524216524,0.524216524,0.524216524,0.524216524,0.524216524,0.524216524,0.524216524,0.524216524,0.524216524,0.524216524,0.524216524,0.524216524,0.524216524,0.524216524,0.524216524,0.524216524,0.524216524,10.63412666,0.524216524,0.524216524,0.524216524,0.524216524,0.524216524,0.524216524,0.524216524,0.524216524,0.524216524,0.524216524,0.524216524,0.524216524,0.524216524,0.524216524,0.524216524,0.524216524,0.524216524,0.524216524,0.524216524,0.524216524,0.524216524,0.524216524,0.524216524,0.524216524,0.524216524,0.524216524,0.524216524,0.524216524,0.524216524,10.9358212,0.524216524,0.524216524,0.524216524,0.524216524,0.524216524,0.524216524,0.524216524,0.524216524,33.77342892,0.524216524,0.524216524,0.524216524,0.524216524,0.524216524,0.524216524,0.524216524,0.524216524,0.524216524,10.9358212,33.77342892,0.524216524,0.524216524,0.524216524,0.524216524
ant-1.7,33.90874051,40.3112162,0.453691275,42.27110848,0.453691275,0.453691275,41.85425346,42.11973238,38.59733435,0.453691275,0.453691275,40.30753373,0.453691275,41.87642036,42.11973238,0.453691275,0.453691275,0.453691275,0.453691275,0.453691275,41.77771562,0.453691275,34.9596096,0.453691275,42.27110848,0.453691275,42.11973238,0.453691275,40.18134261,40.3111123,0.453691275,40.1395301,0.453691275,38.84981719,0.453691275,0.453691275,0.453691275,40.52490469,39.4082653,42.27110848,41.70206327,38.98751937,0.453691275,40.21145758,0.453691275,41.92535251,38.96935218,41.82418713,39.4082653,0.453691275,0.453691275,0.453691275,39.38763267,42.11973238,40.58119394,39.3284909,39.35799802,40.28212127,41.70206327,39.24812235,41.87642036,39.21782607,0.453691275,0.453691275,0.453691275,0.453691275,42.09897055,0.453691275,39.01029733,39.05025095,40.52490469,0.453691275,40.3112162,0.453691275,41.85425346,0.453691275,40.52490469,40.24991898,40.58898135,0.453691275,0.453691275,40.21743461,38.96935218,40.3112162,39.24812235,41.98460578,39.3284909,39.35799802,0.453691275,40.52490469,0.453691275,0.453691275,39.30317259,42.27110848,42.27110848,40.3112162,41.85425346,39.38763267,33.90874051,40.30753373
camel-1.0,25.95965167,118.0933435,63.65196452,42.13875508,26.03307495,0.041297935,105.4109504,110.0149559,36.54114767,0.041297935,36.54114767,0.041297935,34.90079106,0.041297935,25.44760519,39.99682654,0.041297935,0.041297935,110.6579139,35.46415509,36.05376161,40.41247675,9.925619552,42.13875508,0.041297935,0.041297935,32.19889048,63.65196452,64.13209189,0.041297935,0.041297935,0.041297935,32.9668316,25.80066193,0.041297935,39.75477071,0.041297935,109.8973211,0.041297935,63.65196452,117.9064436,36.54114767,0.041297935,0.041297935,0.041297935,34.6340867,112.9343758,110.6579139,9.925619552,64.13209189,34.18711081,0.041297935,64.13209189,0.041297935,112.9767897,64.13209189,0.041297935,0.041297935,0.041297935,0.041297935,9.925619552,0.041297935,110.6579139,39.12869548,64.13209189,0.041297935,0.041297935,64.13209189,35.46415509,0.041297935,111.8357412,0.041297935,112.6410848,0.041297935,0.041297935,9.925619552,39.75477071,26.75498686,0.041297935,0.041297935,112.0369452,26.75498686,63.65196452,32.05213878,0.041297935,118.9450921,39.7834205,34.89195133,0.041297935,36.54114767,25.95965167,110.7706261,9.925619552,26.0465333,110.9718301,26.44437219,29.97894672,26.03307495,0.041297935,0.041297935
camel-1.2,9.035221818,11.08488512,10.7209864,12.43906864,10.7994396,10.18152688,9.716431953,11.15065059,11.01330105,12.20900883,9.757512802,11.13732689,12.38942319,12.58322632,11.04934928,10.18050957,10.02090479,19.37599894,19.37599894,12.10342061,8.073114238,11.24362036,10.20154523,8.251527964,0.858552632,9.180424185,10.13907457,11.1290471,11.24289841,12.0546966,8.107737042,9.898051538,12.05798579,11.26779637,11.62755613,12.70773226,11.02504552,10.78014318,12.40444161,10.86278134,11.23682562,9.304467128,10.64535489,11.18203086,12.10787095,0.858552632,8.721239254,9.02344581,10.04287919,10.76730955,10.95017853,8.21380081,11.01757936,9.903134184,9.927279298,10.40508071,9.43682986,11.02980779,10.08835533,11.26866947,10.96749624,12.59793673,9.180424185,9.25392966,8.568356993,10.73213856,9.892073128,11.29393347,9.298380903,8.536153303,8.750152792,11.13309666,11.09066352,11.28890229,8.775446245,11.90055684,12.38942319,12.33479273,10.33777904,12.13222956,10.84919606,12.64831691,8.613072795,12.65868698,10.26217814,11.91611586,8.950523603,12.42949961,11.63258731,11.03277675,10.88882784,12.21670429,9.405057734,8.321629113,10.88882784,8.073114238,9.142319631,10.4012696,10.66035473,12.4253623
camel-1.4,0.384174312,9.197673934,40.45653726,34.91321717,36.47758221,12.30002401,61.54938766,15.89916159,40.94605676,40.94605676,41.0542341,15.1589714,126.5834211,9.079281803,15.40583939,64.71763353,46.21576698,128.4725388,20.82904671,11.54800834,11.91418314,130.0740855,0.384174312,46.14410497,122.3887537,49.05268426,12.32615608,15.9062177,130.0740855,8.960287943,40.45653726,77.19567634,42.92149697,12.30002401,12.3174567,8.670705211,11.91757915,47.16662747,46.99341696,46.2771047,46.22136042,122.6473718,13.24540484,52.37957593,36.78961656,12.28236034,42.88430597,12.34479673,50.23863779,42.41809934,75.93167706,0.384174312,33.81563678,51.47314972,33.99965946,42.88430597,121.699957,126.0347045,46.46594068,63.78085639,8.960287943,51.15350594,50.51605626,11.82261541,11.82261541,9.588478986,0.384174312,33.98336679,8.209898443,129.3503365,122.5136294,33.49639729,12.30342003,49.48682173,129.3503365,12.43273796,51.58707546,8.606721362,11.25947918,47.16662747,8.960008791,33.71409998,36.78961656,63.78085639,50.89386628,9.079281803,33.72023437,11.45325542,49.16318898,48.06635744,64.65223943,13.24540484,49.43839451,11.45325542,75.67976408,50.00705639,12.34479673,9.588478986,8.960008791,40.47518036
camel-1.6,34.47626979,32.91854899,13.64460206,34.4586633,40.30146228,10.58465792,37.59070243,41.51261101,30.06366998,31.71341974,34.0847224,31.78409666,37.44095718,29.43992851,39.106577,50.48914601,36.75480644,30.8155624,36.82271397,49.57542332,36.25550061,36.24698376,37.56390198,46.44898553,38.79755124,38.0485405,0.518134715,30.2067727,36.20259469,35.47098661,31.3635258,37.85533924,38.89667581,32.01635254,36.95192167,31.6165499,31.07454912,36.87053583,35.07844997,31.04593397,32.26968287,34.01735452,37.58728541,51.0563897,39.24678565,41.83566315,79.45465707,50.35967238,47.85330649,34.65435795,34.72521756,41.99887906,49.83424673,44.28543266,50.71945923,78.36011701,35.6262517,13.77577503,35.3825154,37.30635879,32.01635254,35.22030015,35.05252561,30.50611339,42.03469478,14.67583949,48.58075898,51.16673319,50.41065309,49.6851438,38.68662069,35.24126426,14.29187292,36.17237216,38.92775113,46.4107896,35.95742036,37.34017039,33.60503447,32.799093,77.20098884,29.99653887,34.93109329,30.13417403,46.78369425,14.08201682,34.82800682,77.9248161,33.51430746,76.50877791,34.90341564,14.77066608,30.71853452,34.92971968,0.518134715,29.57550016,13.90031468,37.77653069,36.09322322,33.75592973
ivy-1.1,2.099099099,36.67952843,41.9701115,2.099099099,2.099099099,30.29030052,42.60954442,47.40781191,42.17129603,40.6920036,36.67952843,2.099099099,39.33615568,36.67952843,30.29030052,2.099099099,2.099099099,30.29030052,2.099099099,38.30877301,40.06482619,30.93939585,2.099099099,42.96417394,44.62469029,46.85720542,47.0120602,44.9702459,36.68463951,36.52237117,39.96239574,38.4727356,2.099099099,44.64077672,4.784004953,2.099099099,38.31394898,45.3920414,2.099099099,2.099099099,2.099099099,4.784004953,37.32691846,38.0439007,38.13862395,36.7380805,30.29030052,2.099099099,2.099099099,2.099099099,30.29030052,42.74246394,2.099099099,2.099099099,36.23591537,36.23591537,42.96417394,46.85720542,30.93939585,36.7692974,45.45048884,40.06482619,38.14016242,2.099099099,39.8847372,35.58913544,36.40741822,30.29030052,38.63716525,36.23579899,38.13862395,2.099099099,36.58409363,4.784004953,2.099099099,30.93939585,42.96417394,38.4727356,2.099099099,2.099099099,36.397718,36.3986267,47.40781191,42.96417394,2.099099099,35.94622635,4.784004953,44.9702459,2.099099099,41.78309068,38.15280949,2.099099099,36.40741822,2.099099099,2.099099099,42.35562817,41.9701115,30.29030052,2.099099099,37.877205
ivy-1.4,30.66562971,29.50740021,257.2104443,30.16623658,0.074688797,32.76185033,30.42899902,31.22450345,31.33816089,0.074688797,30.87344174,31.86466582,0.074688797,36.14509351,30.61653332,245.9347362,29.57345786,31.2424187,31.93616943,35.64553412,269.0370486,288.0577338,32.05444862,35.64553412,30.08096062,31.23821112,31.1746412,30.0572726,30.47927157,288.0577338,30.84724486,30.87344174,32.00027863,31.11945748,277.4069244,29.59093938,29.48049517,30.74989062,30.16623658,31.28899598,36.64742485,269.0370486,30.88269196,245.9347362,246.7753093,33.94036342,30.84724486,29.45015884,30.2695243,278.3933135,30.73601354,275.7747055,250.9080523,30.93391794,30.87344174,31.93616943,32.57850078,30.76425702,35.46135327,31.28634175,32.08895998,246.7753093,278.3933135,30.66562971,250.4572109,32.18451335,31.86466582,32.77669339,30.65065534,30.29572448,31.28634175,33.22156331,258.3476054,31.65680292,250.4572109,33.94036342,246.7753093,29.7912297,32.58164472,32.47442609,31.51963916,31.45937511,32.58502543,30.67953996,251.1443488,35.43319019,30.74989062,31.3137282,30.75040757,30.92343737,30.47927157,35.47326741,36.16228097,35.72198193,271.6808984,29.05835561,33.94036342,30.03258869,30.29572448,31.12551955
ivy-2.0,0.159090909,41.29494877,298.6106115,333.8033273,373.7639098,343.3320028,286.5063804,294.8430356,295.7087049,321.3661655,324.2340493,329.7360415,333.8033273,302.296555,33.91125955,326.6506161,650.9469353,321.4874795,325.0252913,55.62045832,294.9871325,48.78186794,354.2627601,292.1050688,360.4892489,296.8626706,347.8791866,399.8245201,680.4695825,361.1344322,55.38513358,428.9680951,370.1829633,300.8097632,301.6836225,437.769631,650.9469353,327.0430698,663.3887917,649.4863834,322.1022957,306.8902973,327.2318061,300.75117,680.4695825,438.0265415,352.612697,437.769631,347.7133725,313.578452,296.0267305,359.0389272,322.5230525,649.1442602,279.4879973,299.3428154,301.692969,370.2150688,299.5954655,328.560191,296.8626706,293.2812663,324.2340493,41.29494877,300.75117,428.5493798,372.1993584,666.5904017,347.8791866,256.1808941,373.1096288,354.9088173,428.5493798,348.4518627,297.2651334,352.4222922,341.8090571,354.9088173,295.2129528,418.6791205,313.578452,378.4231605,330.8893013,348.4518627,362.9975591,33.91125955,293.2812663,48.78186794,422.4722627,278.629252,0.159090909,361.9151058,299.5954655,329.7360415,298.6106115,249.2556268,296.0267305,357.5404745,263.4085652,359.2105542
jedit-3.2,47.22754023,57.42693771,44.50188538,47.6649809,38.7940875,51.22642459,40.79513581,47.21967689,64.12974241,48.10370521,40.34201877,57.78751633,47.35909099,45.64188442,43.82697889,42.49921,39.07055781,43.27292351,41.72015817,38.38062685,49.06159652,38.43827876,49.06159652,40.91183025,42.13699896,59.19137562,44.5396134,43.913327,86.3939142,48.15802453,38.55296418,44.77047075,41.09448743,42.51265508,47.91719454,42.8866262,40.4716881,63.51368187,57.36039678,47.35909099,48.46623911,41.2723714,42.18747588,65.34665893,48.07891176,47.16619903,45.41764313,40.85491698,45.106417,43.62422979,85.53935337,40.06640052,49.16947669,41.01570467,44.49575251,1.404411765,36.3352554,46.23208372,47.98072853,59.50535532,48.46623911,42.44419856,40.69894825,40.40470555,38.94572005,45.48206487,47.24704838,42.27660958,40.56026049,46.75097045,57.80211337,44.70051759,45.80410899,41.05876838,59.20441233,40.14674379,45.78285762,41.09448743,43.29365551,65.75014034,43.62706511,39.21651999,38.11041555,47.49293903,42.01892905,38.16820812,41.37814354,59.04945943,50.21341567,57.83674481,40.43529201,47.15328692,51.18160289,40.83295715,42.67329367,59.50535532,50.62461589,1.404411765,46.22075124,36.3352554
jedit-4.0,80.8997314,64.51571345,69.27695257,58.94660682,80.15137336,79.10291449,65.04711783,59.04875714,58.6373136,61.18568555,58.85547456,61.15699867,61.67556704,54.04730372,57.9740732,56.37601436,60.88044784,61.44750893,38.4740599,60.81299246,64.35153555,59.87820172,62.47528137,63.90579958,69.84286026,69.71273453,69.81188085,61.02323408,57.0807016,37.50398676,52.44582591,62.32161476,0.738562092,56.38565619,58.31696701,61.17757289,55.00686099,63.69921524,70.36872087,70.32880097,59.86149724,54.79822015,56.54713468,51.28986892,62.10022348,55.75054822,65.37927291,0.738562092,80.30997933,54.85772215,56.36126563,61.20671612,53.82675063,70.01841333,63.691331,58.45894283,66.23763149,58.99128787,54.85682495,61.12206364,62.33309398,65.17425051,62.24246288,50.87163071,54.15099495,62.51910973,60.51879489,65.78031188,64.25644798,61.04968897,37.50398676,64.98593707,54.94356272,58.89185154,59.89948669,64.19882578,79.10291449,45.01910939,69.93250277,59.87817342,65.37927291,69.7009571,64.67828823,64.34585843,59.74013266,6.879138619,66.5927652,55.39118456,46.53472148,63.89105281,63.7700682,81.00064555,80.52309161,55.52191571,6.879138619,58.43219089,63.1556175,59.22222986,80.66920212,65.26142206
jedit-4.1,43.39596044,48.32469963,44.59451764,48.40168814,47.62508562,47.25922612,43.26566844,56.09039436,50.6448795,48.9937105,45.21149236,46.67627846,48.14220101,43.2263707,44.82431355,50.70343284,46.0034262,46.45598263,47.15514076,43.16190093,50.65210234,43.71902366,45.49744457,43.20389598,50.73953572,48.92630754,47.26670877,45.44435275,46.25537491,45.52809626,45.75684279,42.81701337,42.93789702,46.25537491,49.08220045,43.37521141,47.07714003,46.05238705,0.695512821,50.62038869,39.17628684,49.08220045,47.25816275,42.60316481,48.99213951,44.62647695,44.45294608,44.72541294,47.2818183,43.43849664,56.0486856,44.75933707,43.45752953,49.15157104,43.16190093,47.13213773,48.27182056,56.0486856,44.09773782,39.17628684,45.39795922,43.49022246,48.40168814,48.31205859,47.19527874,44.62647695,0.695512821,44.09773782,44.49189643,42.85060399,47.17426551,42.54403701,45.18680741,55.035844,43.71206743,45.57638783,47.62508562,48.91060331,43.55062281,43.67532633,46.65687342,43.63823072,44.86310147,46.70156701,48.25973408,45.92021129,47.48690275,42.55252954,44.47335094,48.14406701,46.5051319,43.57950698,48.07966105,44.44306674,45.42029042,55.035844,44.44306674,56.09039436,50.62038869,47.24501161
jedit-4.2,0.288828338,0.288828338,40.69653764,55.98805643,0.288828338,48.04139048,24.59127808,20.494075,7.05223783,0.288828338,48.04139048,63.56744586,56.64091248,64.83263089,56.14296927,55.98674307,63.57970982,64.24877487,40.69653764,24.08031961,48.24831127,48.24831127,25.06106518,48.03760381,48.04139048,23.70924079,64.9262592,48.32540416,48.25086297,22.36001071,23.85346715,0.288828338,0.288828338,24.59409259,63.39299177,22.42787328,63.56744586,20.51168022,48.32540416,22.43946688,24.32621467,0.288828338,24.09519144,48.04139048,48.03760381,0.288828338,24.07390365,24.34044949,19.80204217,0.288828338,23.72450809,21.59932361,0.288828338,56.00189644,0.288828338,23.1628954,24.70675194,48.04139048,0.288828338,56.7453865,24.31097521,24.32621467,20.53328208,49.0709119,48.31699204,24.76076143,24.32621467,23.57799555,64.77524479,48.25086297,48.25086297,64.24877487,56.64091248,64.77524479,24.51770315,0.288828338,55.99738274,56.00189644,56.64091248,24.29310761,0.288828338,24.94436763,21.73475064,23.12415411,63.56744586,0.288828338,24.07390365,0.288828338,0.288828338,48.356011,48.31699204,0.288828338,48.25086297,63.57970982,0.288828338,0.288828338,7.05223783,20.98345339,20.38602169,25.16469524
jedit-4.3,8.347006118,11.48682048,9.25116848,10.01573511,8.841215516,10.52225265,17.61097069,12.61314987,8.21029151,11.71169474,12.52064725,7.536840272,11.55642734,9.955728436,11.48682048,8.232873058,11.61288095,8.637816901,13.41630647,9.37309829,15.28267286,14.37936963,8.974370733,14.87499495,11.53077842,15.68463241,10.67947472,10.83078572,10.40771955,8.372229885,10.83078572,15.20736493,8.637816901,14.59144523,10.37705513,14.34068361,9.99578685,10.88042475,17.61097069,15.31333394,10.86177678,8.801414029,14.51097382,8.297367141,11.02378652,11.6254526,10.05101375,14.88757552,14.25095614,11.42370772,15.31333394,15.88553221,8.526084811,8.90432787,10.91096147,14.72867784,10.17802241,15.06907891,7.073207814,10.86177678,14.88757552,9.141517506,13.33397169,9.522645374,14.68640925,10.57026191,7.536840272,9.09192288,10.24131999,14.0153627,10.61358921,10.69759211,14.77303072,12.67131221,9.724559583,8.978087143,11.05896964,9.37309829,17.55514485,8.184520485,14.74827549,9.792296468,15.13869163,10.54353258,0.024390244,15.81110595,8.459798815,8.801414029,11.88732016,15.28267286,9.724559583,8.762550147,10.74183767,0.024390244,13.37971411,14.80191672,14.9173296,8.894484712,8.526084811,8.706441605
log4j-1.0,59.96587568,0.451851852,14.12631174,0.451851852,56.55579279,0.451851852,0.451851852,14.56909143,15.02306083,10.62360849,0.451851852,0.451851852,56.38341231,0.451851852,0.451851852,14.42788087,0.451851852,56.23354918,0.451851852,0.451851852,108.547004,0.451851852,14.12631174,14.56909143,57.71880097,0.451851852,4.029715622,56.55579279,57.73192094,0.451851852,14.10718852,0.451851852,11.5501843,11.5501843,12.12828383,0.451851852,0.451851852,55.75021987,14.10718852,12.88907987,108.8645586,13.17000285,108.8645586,0.451851852,0.451851852,0.451851852,4.029715622,56.38341231,0.451851852,59.66889312,60.86084288,0.451851852,0.451851852,0.451851852,58.40570782,108.4215196,0.451851852,0.451851852,54.54337045,54.89002646,54.94919196,0.451851852,0.451851852,0.451851852,59.03026332,106.4240145,0.451851852,13.41766813,10.65333344,18.02453158,0.451851852,59.03026332,0.451851852,105.1742383,0.451851852,0.451851852,110.8634892,0.451851852,10.65333344,54.94919196,54.54337045,0.451851852,17.60079184,0.451851852,0.451851852,108.6361123,0.451851852,0.451851852,14.56909143,12.12828383,11.5501843,0.451851852,0.451851852,11.64539031,0.451851852,59.34862852,55.37602603,0.451851852,14.12631174,0.451851852
log4j-1.1,30.75690165,51.34941133,0.788990826,40.40550311,50.75939776,0.788990826,0.788990826,0.788990826,46.67195178,33.16914109,0.788990826,37.92678771,29.33933783,39.13147349,29.33933783,32.55583261,0.788990826,31.01397413,56.65048209,0.788990826,6.073933569,31.01397413,0.788990826,35.06028727,0.788990826,32.55583261,30.6667638,0.788990826,47.2363085,0.788990826,56.29833157,0.788990826,0.788990826,30.75690165,32.55583261,0.788990826,31.98875968,0.788990826,30.15294652,38.69920732,38.67105465,0.788990826,47.86841193,0.788990826,39.13147349,0.788990826,46.67295519,0.788990826,29.33933783,47.43063837,0.788990826,30.8406799,0.788990826,0.788990826,0.788990826,35.60245366,0.788990826,31.11530586,57.02123851,29.33933783,33.16914109,0.788990826,0.788990826,38.77161594,0.788990826,0.788990826,0.788990826,6.073933569,0.788990826,0.788990826,33.3107698,35.06028727,0.788990826,32.55583261,0.788990826,0.788990826,30.70798125,0.788990826,50.67363345,0.788990826,34.26721282,50.76249384,39.03213264,32.19671368,30.15294652,0.788990826,32.43702287,57.02123851,30.59371909,38.68714244,31.68082322,0.788990826,0.788990826,31.01397413,47.43063837,31.68082322,0.788990826,0.788990826,51.50969035,0.788990826
log4j-1.2,9.693673738,9.150098955,12.70162846,25.91740778,17.42345994,14.18095953,13.24876603,25.39807962,21.93520791,23.4506688,2.429268293,25.91025693,16.9807681,22.35958344,24.51971349,16.9807681,8.034407212,22.13123836,9.722075606,23.6934874,8.905249262,14.69531291,14.52935396,9.822590524,27.7399021,22.60268589,25.64676469,22.62832586,24.51971349,3.706910693,26.08780782,9.117519509,16.29172722,23.23916664,20.70086445,17.27624565,23.23524514,14.93635454,9.055395073,14.94774821,22.84046476,22.14979894,9.712842554,14.18592089,17.70861231,22.46924711,23.47851514,8.961925583,16.44111954,8.833454621,28.02063913,26.69667787,22.82007997,22.60060255,26.09764811,23.25509926,14.53693683,13.16819855,8.066596356,8.496541412,8.03827934,28.1787411,9.529657708,8.157302658,13.38948635,24.36117211,22.48517973,14.34167776,25.72931865,15.65337025,13.40987114,23.6934874,7.702143767,28.19380471,8.868532976,9.802324613,17.67216665,22.67335071,12.74855848,9.683466702,15.04066754,23.33403327,8.695816438,13.05749903,17.41013878,9.08508698,17.52240828,16.98389937,23.74992717,3.914303798,8.548576969,2.429268293,17.70861231,26.73123714,21.9961588,9.977468981,8.821640304,24.36867249,13.17646523,23.08835728
lucene-2.0,33.60078271,76.62759764,86.05714322,483.7308751,1.374358974,1.374358974,1.374358974,1.374358974,1.374358974,1.374358974,1.374358974,1.374358974,32.5528875,72.28891463,1.374358974,1.374358974,440.6932367,88.63290778,1.374358974,475.9518886,21.83962006,480.526301,1.374358974,21.83962006,494.6338497,72.28891463,471.5876464,38.68131907,1.374358974,440.6932367,86.02999952,76.19517869,1.374358974,440.6932367,1.374358974,467.0511452,1.374358974,86.16247244,440.6932367,32.4040774,1.374358974,32.4040774,31.86673567,31.70228173,440.6932367,76.19517869,33.60078271,450.716267,1.374358974,32.5528875,31.86673567,449.4939361,441.8445022,441.7087796,480.526301,1.374358974,1.374358974,471.4689886,32.5528875,1.374358974,440.8529413,1.374358974,1.374358974,38.65316679,38.59034975,37.67413833,32.4040774,495.9432613,1.374358974,1.374358974,88.63290778,76.62759764,37.67413833,1.374358974,1.374358974,84.6427648,1.374358974,1.374358974,1.374358974,497.3325911,490.0045337,38.36309332,38.68131907,33.54295584,496.494477,474.9216442,33.03281053,1.374358974,440.6932367,475.9518886,1.374358974,1.374358974,72.28891463,21.83962006,86.05714322,1.374358974,1.374358974,31.70228173,1.374358974,86.16247244
lucene-2.2,316.4403625,166.3360971,324.5911558,322.359136,363.5815646,323.2377346,132.5619012,172.2132872,341.2318902,137.4420571,327.5036488,363.530982,327.3496792,165.415094,341.2318902,169.7797824,253.7795077,21.28783383,161.3785124,365.2370928,309.7351927,335.5600268,364.2971657,272.3871698,134.8323949,280.2007272,308.8344675,280.2007272,134.7571636,135.6519244,146.6340882,317.8887467,146.6340882,328.0345448,264.3730046,310.9152541,361.1003131,344.3562363,130.7484165,255.7013105,281.4536088,336.1631315,169.7797824,31.05808907,253.3258829,132.6290994,31.05808907,1.67611336,319.1150438,345.5828649,125.8797293,254.0232531,345.3214858,308.8344675,320.3802856,270.5470889,311.6895633,172.2132872,255.7013105,172.9127058,362.4578269,317.0100429,370.942005,125.9240311,362.5831276,324.8436464,135.7289196,156.8934228,314.1740268,322.359136,161.2630483,361.1003131,364.5360099,319.5264602,324.5911558,324.8436464,145.8214399,317.8887467,341.468817,334.3215615,314.1740268,185.9749382,370.942005,124.2903436,336.5361858,371.3796801,156.7297193,21.28783383,334.6411502,1.67611336,185.6492134,320.0885679,159.721627,238.572779,344.2030619,328.2371335,334.1688564,129.2379524,158.2845307,310.6506619
lucene-2.4,65.07143782,51.22353084,47.99212456,69.74793531,61.57018958,43.97167592,55.64167624,64.22003342,54.21551014,43.58905382,1.858823529,35.74163953,51.31627925,51.04932233,56.81674231,55.61887067,59.12095912,34.27725204,56.89870745,62.07560593,30.12673523,61.63145593,62.09174759,45.43664142,63.9279173,45.448383,55.38465977,1.858823529,59.17063342,55.64421194,55.24907943,58.22863528,55.24380424,59.40734476,57.78254336,49.94534263,57.59120349,59.27997819,59.90003373,58.2023541,52.0946622,51.19233493,45.48156683,55.76525694,60.56559693,47.25223904,51.12962478,64.47110296,55.58354817,54.63670469,43.22642134,59.22189476,62.53871118,63.14839239,58.37762892,52.46412923,54.69970188,62.74391883,51.09164473,68.88476231,59.79100036,57.70200144,48.01276751,59.44824695,48.62898358,58.43471483,51.99643775,51.10750432,65.53787733,58.36624159,60.37215944,56.74008468,45.22092327,57.8204917,43.01907544,54.47224276,52.68979924,55.38930848,59.09587658,55.52969551,46.61177947,61.77472437,52.29800707,35.55886785,23.89994526,64.3082419,61.93902856,60.46227249,55.56428002,23.34531391,60.90284651,56.89870745,58.52970563,45.88476196,59.54539287,59.09020177,61.35196183,35.53192375,63.65318311,59.38521799
poi-1.5,35.20765189,85.33344491,1.443037975,73.3936573,235.6643656,355.8285028,86.38712902,35.44899236,235.6643656,53.904598,35.20765189,356.2012913,65.43113753,86.22488874,64.54707711,88.14789441,33.70379215,66.79529667,73.51891731,79.66631769,232.4532452,78.46217099,68.57855946,232.898388,232.898388,53.83089549,83.02249283,86.43764027,90.19471526,66.19232244,361.1855793,353.9458076,35.54983226,67.02157466,65.43113753,51.79697851,77.1026337,53.83089549,341.0888856,68.98505939,85.40751797,48.65592866,82.92328656,338.9082449,358.4409507,33.70379215,66.83324181,48.74226612,353.8728311,344.3296925,357.1801891,68.55438527,359.4165434,51.31061027,66.98990157,371.6424637,36.52428284,51.33128088,35.44899236,65.42553126,64.54707711,66.31864478,82.92328656,1.443037975,47.68854372,84.37911837,68.4637778,52.60446703,36.26908408,46.32666255,358.4409507,35.2816805,36.52428284,35.82444984,65.16434797,36.65288786,355.8285028,53.92308041,50.7908468,35.30494394,50.7908468,53.83028545,356.2012913,64.57329412,1.443037975,66.79529667,1.443037975,46.53841228,371.6424637,84.40729144,361.1855793,1.443037975,36.52428284,51.66151908,357.1801891,344.3296925,,,,
poi-2.0,0.124203822,0.124203822,0.124203822,1.039216879,0.124203822,0.124203822,0.124203822,0.124203822,53.15262057,0.124203822,0.124203822,51.75253912,0.124203822,0.124203822,0.124203822,0.124203822,18.00549052,0.124203822,0.124203822,0.124203822,0.124203822,0.124203822,18.00549052,0.124203822,0.124203822,0.124203822,0.124203822,0.124203822,8.174265714,1.039216879,0.124203822,0.124203822,18.00549052,0.124203822,0.124203822,0.124203822,0.124203822,0.124203822,0.124203822,3.463071512,0.124203822,0.124203822,0.124203822,0.124203822,0.124203822,0.124203822,54.04924384,0.124203822,9.365779224,0.124203822,0.124203822,0.124203822,0.124203822,0.124203822,1.039216879,0.124203822,0.124203822,0.124203822,3.463071512,0.124203822,0.124203822,53.15262057,53.41019335,3.463071512,0.124203822,0.124203822,1.039216879,18.00549052,0.124203822,0.124203822,0.124203822,0.124203822,0.124203822,0.124203822,0.124203822,0.124203822,18.00549052,18.00549052,0.124203822,18.00549052,0.124203822,0.124203822,0.124203822,0.124203822,0.124203822,0.124203822,0.124203822,1.039216879,0.124203822,0.124203822,0.124203822,0.124203822,0.124203822,0.124203822,53.15262057,0.124203822,0.124203822,0.124203822,9.33842601,0.124203822
poi-2.5,6.275100625,19.9798059,1.288311688,2.276012129,1.288311688,18.5606661,15.68530645,1.288311688,18.604822,7.721284856,20.58811867,18.18547783,2.276012129,1.288311688,19.01252183,16.40747736,20.57940695,16.62686703,18.97156715,21.30967712,21.21406146,5.878333116,9.156045332,17.47132323,7.475293875,18.40609892,18.604822,15.68300443,5.198346445,1.288311688,20.76099762,7.590652202,19.81447249,19.11263529,18.18547783,1.288311688,19.9798059,15.68530645,20.46594967,19.20904246,20.55847838,1.288311688,16.64242809,15.68300443,8.498534781,1.288311688,9.03907332,15.68300443,6.458710929,20.55229715,1.288311688,18.70063579,6.275100625,20.54971667,8.3669608,6.198677073,7.7591446,6.198677073,15.68530645,12.97960459,1.288311688,18.97156715,16.64298016,21.21406146,18.42412123,1.288311688,12.97960459,8.859778489,1.288311688,7.859275935,9.321311462,1.288311688,8.273863756,16.64242809,1.288311688,20.46010897,15.68530645,18.70063579,1.288311688,16.64242809,15.68530645,12.97960459,1.288311688,1.288311688,1.288311688,2.276012129,1.288311688,15.68530645,1.288311688,5.884536034,20.03567751,1.288311688,9.391997469,18.36740443,17.47132323,20.42004055,1.288311688,9.391997469,2.276012129,1.288311688
poi-3.0,60.32939617,57.07609286,54.30806696,39.37392031,54.34690092,47.37752947,46.84812465,64.29097937,47.38394663,41.49044302,55.6978961,53.46937456,45.98514857,29.24379601,50.65497485,56.05310283,56.4641461,55.44369984,50.87937733,53.79395215,49.46289792,58.43809472,49.5593186,49.57389087,56.09892995,58.53263194,50.87937733,47.15965872,56.72976974,58.59215702,50.64314751,1.131221719,49.5510154,53.07690278,56.83401472,29.24379601,47.51465279,46.1544311,54.19289406,55.55410157,56.53142809,55.42985329,47.53529702,41.40892145,9.01171469,41.49001473,41.39510834,39.35905436,54.58518022,56.09892995,39.37392031,47.53529702,46.80791694,47.30387707,57.45738878,55.42489393,47.37752947,56.05310283,54.81619355,47.22705305,56.49270439,47.27787042,57.45738878,53.42525056,54.81619355,47.45109238,47.55067562,57.48840155,55.44369984,55.6978961,54.30697335,56.53652865,54.30697335,47.30387707,47.05521036,9.01171469,1.131221719,46.84812465,60.38274153,54.15054787,54.06842261,56.1601082,39.77903966,53.48425196,57.47783611,54.34690092,47.38394663,56.0688187,41.40892145,59.5800909,46.49566273,57.07609286,46.25794399,47.24248659,57.9616043,56.49270439,57.34623799,58.66036354,41.31375507,59.51612317
synapse-1.0,0.133757962,0.133757962,0.133757962,0.133757962,0.133757962,0.133757962,0.133757962,0.133757962,0.133757962,0.133757962,0.133757962,0.133757962,0.133757962,0.133757962,0.133757962,0.133757962,0.133757962,0.133757962,0.133757962,341.5072748,0.133757962,0.133757962,0.133757962,0.133757962,0.133757962,48.6658351,0.133757962,57.7398225,57.7398225,0.133757962,0.133757962,0.133757962,0.133757962,0.133757962,0.133757962,0.133757962,0.133757962,0.133757962,57.89543232,0.133757962,0.133757962,0.133757962,51.08163171,183.3455797,0.133757962,183.3455797,0.133757962,0.133757962,0.133757962,0.133757962,0.133757962,0.133757962,0.133757962,0.133757962,0.133757962,0.133757962,183.3455797,0.133757962,0.133757962,0.133757962,0.133757962,0.133757962,183.3455797,185.1674925,0.133757962,0.133757962,0.133757962,0.133757962,0.133757962,0.133757962,0.133757962,0.133757962,0.133757962,48.66500139,183.3455797,0.133757962,0.133757962,0.133757962,0.133757962,0.133757962,0.133757962,0.133757962,0.133757962,0.133757962,0.133757962,0.133757962,0.133757962,0.133757962,0.133757962,0.133757962,0.133757962,0.133757962,0.133757962,0.133757962,0.133757962,0.133757962,183.3455797,48.66500139,0.133757962,185.1674925
synapse-1.1,18.46712731,17.47717894,19.27543972,19.5146699,17.06620781,16.58699788,18.49582072,15.5065727,103.7093137,8.162706619,19.15125969,0.445945946,19.28530448,16.55476548,0.445945946,18.81616095,88.50368166,15.48683343,19.27523658,19.0355324,18.40390208,19.27523658,19.34304048,17.06620781,0.445945946,103.9414256,18.71733044,19.15125969,0.445945946,17.06620781,97.40309979,17.1363468,18.51610433,18.49582072,17.98333972,16.09104494,19.45828956,98.08964915,90.90497689,19.06255719,15.48683343,95.91032664,19.0355324,0.445945946,96.45897191,19.92861418,0.445945946,95.5480422,97.5500644,104.2160862,19.26161571,19.35528006,0.445945946,19.27523658,96.84545526,19.0355324,16.58699788,8.162706619,90.90497689,19.30252905,96.61057267,0.445945946,17.82260788,97.46385906,18.40390208,16.09104494,97.1301949,100.12409,17.572391,18.27276607,18.76814297,15.5065727,96.11979949,15.48683343,108.4530701,98.20653123,18.51610433,19.72259435,0.445945946,19.72259435,108.2339989,8.162706619,16.19641346,18.40390208,18.98678044,18.61272753,88.50368166,16.09104494,18.71781596,97.83834911,19.06255719,19.38593508,18.71781596,18.57949598,19.92329857,8.162706619,16.34367806,97.40309979,18.94204141,88.50368166
synapse-1.2,242.5041208,242.1029927,246.3620095,243.2225758,237.6476232,239.9841094,230.912767,236.6116182,219.9576909,219.7677861,237.7542026,240.0518961,245.6440259,0.56640625,246.6169877,214.8829175,238.3461053,239.8427017,239.60489,237.6476232,219.3731597,242.1533646,237.4279174,225.36929,218.9995317,245.6440259,219.1752028,246.6134494,242.8473002,243.1793404,241.9542675,247.4748385,239.5378375,236.7674993,240.6104912,239.60489,239.7852636,219.2630428,242.1255182,240.9182532,239.6852682,236.0018335,243.8641862,247.3148592,242.1184855,213.4907502,240.9003966,218.894927,240.3311122,0.56640625,229.6626369,229.8950205,246.7458265,218.8980723,221.2273719,240.6767124,238.8129753,239.5382473,235.2498214,229.8691116,247.3294554,208.4232931,225.6318482,225.4459435,208.4232931,213.2791082,239.4660714,219.096848,229.4457487,240.362054,236.7960719,242.313024,243.76541,235.7003863,241.9212617,242.5041208,249.9345019,249.240002,239.4398838,241.0884888,238.7841806,235.7262952,246.4187558,224.3057646,235.4872793,229.6544443,208.857066,208.9000803,247.4748385,235.7854304,219.7197899,235.1581515,215.2491556,239.1949299,242.8683156,224.1353877,235.4411357,240.5163524,243.1931946,243.694931
velocity-1.4,1.071428571,5.184620226,1.071428571,1.071428571,1.071428571,0.878290963,1.071428571,1.071428571,1.071428571,13.42381844,1.071428571,1.071428571,1.071428571,1.071428571,1.071428571,1.071428571,1.071428571,1.071428571,6.881989712,5.526508862,1.071428571,1.071428571,9.569419059,1.071428571,9.569419059,5.243641468,1.071428571,1.071428571,9.569419059,1.071428571,1.071428571,14.88921074,1.071428571,1.071428571,1.071428571,1.071428571,5.016774084,1.071428571,1.071428571,1.071428571,6.108533649,1.071428571,6.108533649,5.120052273,5.184620226,1.071428571,1.071428571,1.071428571,1.071428571,1.071428571,6.108533649,1.071428571,13.42381844,1.071428571,9.569419059,1.071428571,1.071428571,1.071428571,1.071428571,1.071428571,1.071428571,1.071428571,1.071428571,1.071428571,1.071428571,14.88921074,13.23541845,9.569419059,1.071428571,1.071428571,6.108533649,1.071428571,5.011555311,1.071428571,5.011555311,5.644614633,5.011555311,1.071428571,1.071428571,5.011555311,1.071428571,1.071428571,1.071428571,1.071428571,1.071428571,1.071428571,5.644614633,13.42381844,1.071428571,1.071428571,5.011555311,1.071428571,1.071428571,1.071428571,1.071428571,5.62315401,13.23541845,1.071428571,1.071428571,1.071428571
velocity-1.5,40.57750928,53.62320969,52.56823063,51.68631708,60.29350837,290.2621606,247.7771902,77.25442546,60.32819895,77.11842896,18.61985036,288.6020106,51.01982495,18.61985036,56.96005328,49.4146143,59.19273849,50.75631397,76.87879056,50.76955423,36.94325839,50.75631397,51.1940223,1.546728972,269.0147437,51.00606084,38.89528168,9.117352002,30.54673511,9.117352002,53.70283848,279.3094325,37.92187924,37.52668705,34.79523892,51.08604242,59.83093633,38.13455494,37.21686803,40.83501489,39.03060041,41.56204847,37.52668705,36.34652348,77.67053552,39.97183886,35.28198434,57.52790655,37.94517096,59.87729342,75.62336122,40.13441118,53.22905546,77.83110659,50.04471216,59.73784333,50.09369796,266.9887128,40.3582743,274.5936781,48.46567153,40.82039049,283.3653997,64.20205285,36.34343188,38.9042827,37.69183494,30.54673511,38.21482407,52.87434448,39.18792387,56.33787543,38.65044902,38.65044902,37.14618745,52.56823063,77.15121755,37.53996449,76.78741875,39.45595118,279.0518783,50.30555859,37.67693737,78.38119568,39.79005086,59.08644018,50.178961,41.30681587,49.66342849,40.16548286,40.57750928,35.60102232,266.9887128,53.69640716,258.4499096,50.32681024,1.546728972,35.28198434,37.55189079,56.91304126
velocity-1.6,58.64564262,42.8022558,72.57526079,33.26613524,52.2487559,51.74741641,48.05048099,38.47834886,28.8569801,48.62685504,25.33042967,43.80384882,32.20061648,37.7229434,48.22944741,45.44873363,29.54929138,74.71364571,0.829694323,35.6635126,54.33761144,44.03177659,253.7267101,36.98070921,37.30242247,47.34434332,58.22345191,53.96280426,26.41636791,33.79457879,46.9795432,54.93783437,55.65196588,31.19103325,24.82931147,34.31754317,25.59726282,35.05628682,49.24911899,26.65864741,32.59890392,34.37905668,55.16469392,42.28291278,36.64769342,79.27994498,31.61724778,27.98093023,74.14393138,49.24911899,74.60963824,67.52882897,45.83201226,29.19849899,18.94497863,53.1622174,31.61724778,35.15779024,50.62319604,44.63541079,38.80651021,50.62319604,0.829694323,68.29028086,42.24571608,56.12956868,66.71553744,61.56802936,72.10935897,5.394428863,27.51285203,71.22575469,31.07615494,30.21372362,46.54802946,28.3300745,42.21747682,62.11626749,27.44493194,73.2404731,49.88514955,36.24636758,68.00031528,29.82050598,51.85438414,28.42904054,68.80638171,5.394428863,30.6352398,27.04468918,79.24150086,67.15613659,24.98043325,71.22815805,25.9017191,46.37813858,33.79457879,58.95876354,73.22892769,18.94497863
xalan-2.4,339.5414839,634.9120102,396.5786311,328.1183391,319.0084347,333.6553243,422.7713628,414.233111,350.8386437,331.3672493,448.9060968,327.9077237,458.144773,351.2023686,335.8803463,339.150725,345.5951214,329.5603948,337.908728,336.5032182,346.0817389,630.4737671,331.7292393,410.0225589,328.031329,0.215767635,332.7766085,336.1387138,314.7182407,349.8550936,338.6730723,461.1914093,345.0989146,314.7182407,365.4833179,334.9261853,432.1883365,335.6317571,330.6300118,0.496520178,337.6614127,634.8904024,379.8843025,327.0272755,334.8908746,412.9589969,447.2263751,322.3639447,440.8646677,448.4155548,458.144773,326.7447944,448.4155548,364.8593496,319.5784155,378.676315,453.1756895,0.496520178,335.6414429,453.0828159,422.0603297,334.8537505,402.7297369,319.1093187,335.2879222,329.3652242,395.8912843,335.9792587,331.3672493,335.8803463,332.5909319,410.5298915,459.6048577,329.9559452,450.0369426,326.4548484,337.6614127,462.9171199,333.3181584,389.9250684,628.4464189,364.8593496,326.4433946,365.5411663,326.6711885,322.3115436,339.2388371,347.4136494,333.8303435,350.0912975,389.9250684,333.327524,396.9503433,330.6517664,327.1147684,334.98808,395.8912843,0.215767635,328.2139407,329.3863623
xalan-2.5,38.49668528,37.84698536,45.07572989,32.79805809,37.18265382,39.06235838,37.83326,44.00342509,44.47225222,35.15055673,38.21479177,43.35868584,42.73738883,43.50229797,43.19325477,43.91884674,42.15704951,0.661270237,38.65283004,33.65847483,38.14504868,31.67829286,38.09469404,38.79009676,41.34384326,28.93776652,34.89114996,38.27454902,38.46904733,39.48264929,32.23430025,37.94467183,38.93529538,408.899955,37.4639323,41.14763032,38.46932847,38.62334455,379.2571976,38.68446618,38.43124114,39.75689328,36.61016342,39.50977082,45.0053916,38.01069515,38.69719906,38.07494904,39.56382317,43.13435555,0.661270237,32.23430025,41.34670027,38.60268609,38.58281258,36.03191542,38.25843517,379.2571976,44.63631081,39.6266962,38.33768388,28.93776652,42.78006902,37.35550429,39.30832768,38.20425731,43.53530449,37.82836719,38.69719906,43.68390034,38.10681983,38.95792536,34.56596712,45.04804572,41.60727312,44.40418788,37.10863139,37.74124356,38.57396672,42.71354652,44.54573656,38.63625399,45.05299983,408.877781,38.01148357,33.68049097,38.55903162,38.36429179,43.2423663,39.02330777,37.84698536,33.07607891,41.62923974,43.50229797,44.61113408,44.00342509,38.05827201,37.88466113,36.68445838,36.78600368
xalan-2.6,534.6844618,569.1766722,805.0434678,718.702231,550.0592128,623.9840579,597.6301133,592.4779678,963.2081399,566.8100413,589.417886,667.4896214,971.9906863,568.8646471,591.6240117,532.6474187,658.4000055,0.706214689,518.1454505,658.3509478,549.695613,0.706214689,513.0995521,597.9928467,512.153156,516.6567198,607.7064111,722.0223197,531.2179844,531.3195824,228.7304264,721.147189,972.6264326,821.2236082,534.9221878,533.7592246,464.5381368,946.2281909,805.0803707,816.2658504,727.5856611,821.2236082,515.5182232,474.5519887,961.8171998,474.5519887,699.9114896,510.3260443,473.4937031,661.1781642,972.0876591,529.132177,975.1823498,803.3257495,726.0405428,698.9287773,552.2784431,714.8474158,512.1806043,946.0186873,805.0803707,529.6014589,0.706214689,615.2935069,816.7286144,961.8891833,613.199277,656.6357749,529.8854613,803.3257495,698.2744911,532.732012,553.0658943,974.8863697,566.902443,0.706214689,562.9427124,656.5496918,,,,,,,,,,,,,,,,,,,,,,
xalan-2.7,298.6022058,2386.954806,275.9041325,282.9825925,563.9826305,464.7862521,583.7769715,566.8447268,290.1028394,301.2131823,271.0580243,295.9989523,455.0703821,466.3764076,316.7871309,415.4076757,304.8134139,423.513568,606.1693764,606.4229028,277.478065,568.7013522,310.593781,283.8064583,623.3443403,568.9678968,310.0727803,322.7842383,410.7278661,422.4775469,1.334433443,277.9441793,465.290018,2390.15478,464.5849306,594.2425447,583.7769715,397.1994829,602.1481033,272.542776,599.1977049,414.926548,320.7872046,572.0227842,402.6544052,308.9650474,413.0055976,279.9173868,1.334433443,388.1670307,312.3439848,304.8175783,453.5475306,470.2071921,306.7118079,637.1102996,605.6982036,411.7935692,415.4076757,566.8685768,296.6566844,455.1807941,580.4843333,389.4516611,280.0528097,291.5169871,305.3248203,552.0026952,300.5479097,303.5020715,297.3036367,278.2955762,397.3215438,415.5910596,470.2071921,298.7944768,550.5850107,303.9099204,298.3314593,395.6767387,275.418294,269.9855006,322.9055416,411.8357246,295.8549784,290.8099734,563.9826305,465.2304411,292.513563,2387.21258,292.2645678,394.1036173,302.6771624,425.1101256,283.9034592,316.1979308,608.2892718,589.009887,270.9344989,273.9353465
xerces-init,11.81512556,14.78433345,12.9997347,11.75573808,14.6649631,9.247636091,8.929400803,10.19007334,12.77047669,1.030864198,17.47547336,10.10334492,18.22267576,11.08626827,11.92535697,11.63174248,17.34302849,11.50743702,15.47980201,17.34302849,9.389061402,10.96447541,15.82357576,15.97064589,8.803397429,10.97662429,13.14371082,10.94801085,11.79930854,11.95314934,17.52946504,16.69106311,10.22086466,12.81974492,16.70085326,18.22267576,12.68494734,9.196495058,11.04010905,11.89867401,13.92743363,8.717765834,14.60461864,9.1228856,11.64588328,9.247636091,14.60461864,14.78433345,8.517179444,14.72976156,11.20072069,10.30290646,8.629520797,11.81512556,11.63174248,7.487687519,8.691942836,8.913651938,10.4231584,12.87849698,1.030864198,9.403172757,15.69933273,14.91516852,15.33608554,11.50743702,10.9102804,8.629520797,10.29579663,11.8800827,15.72732528,9.320077006,16.60857452,11.88204241,8.748895443,10.45894911,9.297344266,11.92535697,16.78281338,16.8002334,13.79541826,13.06548882,8.929400803,14.93376102,9.141079241,11.20072069,10.17864982,13.85267629,15.66790637,12.80196292,12.72319713,8.820569071,11.96677425,13.81262053,8.517179444,10.07810185,12.60870257,10.13633623,13.0944745,10.86927928
xerces-1.2,0.261363636,1.827098666,4.568713451,3.241646129,1.786368037,1.410054451,1.70785248,4.928282615,1.898599005,3.900387892,2.029755551,1.918449276,4.628085759,4.440821276,4.38414309,5.79889148,4.568790998,5.800135373,1.732709908,1.84847121,1.764349395,2.02848603,3.878670916,4.574505825,4.864854802,1.928618694,4.341847825,4.407442212,3.129655738,1.812367197,6.001881992,3.957305908,4.683922666,1.899381936,3.119119768,6.499806618,3.190256533,1.086844059,1.444328101,4.458799997,4.556766869,2.070163226,3.94504971,5.460855392,1.686718521,4.328691609,1.458452682,4.53918682,1.262562187,4.37221795,1.482418308,1.940848339,3.02236585,1.859817908,0.971973006,0.595684839,4.459058323,3.225245412,1.881000744,4.015569501,3.112160256,1.864374112,0.902352425,4.238005935,4.916278059,4.076007426,4.124472697,3.147224083,1.881000744,3.072541014,3.174286053,1.43218201,4.391408919,4.401168048,6.478277883,3.043648777,1.370031198,4.166449236,4.081800422,4.896468048,1.84847121,4.477893716,4.61323477,4.408598888,3.866539423,2.047565835,4.370304145,3.155097696,3.832689669,3.92132146,1.80498933,0.261363636,4.352783353,4.700510367,1.955731289,3.00326301,1.4784464,3.100472505,4.153885142,4.061638025
xerces-1.3,47.41028426,48.23760222,33.35802009,28.06793843,32.11546028,46.70302026,40.16071223,26.91966156,36.29908811,46.30214148,24.62447349,29.64643705,38.11204251,47.9868178,46.39510982,42.39470284,45.88462489,42.16262856,48.32186943,48.1769574,47.86322426,38.31226642,38.50943526,30.29256985,26.06495349,47.23973376,41.607203,32.82896854,25.87755039,49.62248283,25.45379549,47.73671902,48.8128131,46.07261969,30.71183134,29.75044463,41.1789326,48.20425136,49.14117606,29.68930299,25.22269115,32.4288292,49.42753953,48.89122833,47.43359799,48.87096887,27.26567855,46.56387841,39.02984631,31.83204136,45.40869676,49.53969624,32.82780757,27.77894871,38.69240596,0.426048565,39.63759751,0.426048565,46.11071215,32.67409492,44.45369463,45.78144426,26.63983968,38.96200889,47.74343644,31.82105629,46.32791977,46.62819528,39.34073515,31.67792525,37.4361051,24.35964226,30.26929335,47.27946092,32.18200182,32.27204184,47.25424268,49.05894444,28.7696084,46.60665175,30.02150353,31.98988804,44.73624996,49.32078939,21.57633334,48.40376028,37.77742289,48.12306564,30.81897572,36.36752277,46.33286296,31.84028982,40.08064165,47.25336278,31.21894201,39.42899884,45.99822057,30.74265674,46.65716064,40.016213
xerces-1.4,325.4701494,326.7419121,331.5725189,345.9283987,281.1056133,338.7904096,339.8086504,325.6213564,271.0598965,260.4739284,352.5407973,336.9621105,2.714285714,311.1640344,316.3245951,352.851633,343.6433568,296.935252,321.8425845,267.9564139,280.3082057,311.4117332,333.2673305,250.4711925,328.8109618,339.3596893,278.2209661,237.4634358,354.8044812,339.290058,354.9970435,278.3060188,290.1286421,253.9643139,272.4828635,237.4634358,264.1204641,260.6419102,291.6325052,339.8086504,348.9985833,242.4088392,317.7950325,288.7056464,325.6055568,258.3092376,354.0846956,287.6321388,353.0237059,328.2566599,309.5166793,345.5604178,277.6706279,337.0917053,338.2398475,320.7620944,303.0251245,334.5898801,2.714285714,342.0367481,286.4617483,269.8828287,343.740404,323.3695896,355.0149079,285.5330146,305.9014148,332.8387677,311.9047185,264.1379662,285.998139,256.6082727,258.7981377,293.6040917,337.9017494,333.2949486,348.8697424,309.3651434,342.2213802,240.7726613,344.9402952,268.5392404,323.5395368,338.9258926,246.0132597,293.6560769,338.9670775,341.2750016,318.9935362,276.7530334,352.5407973,327.718258,275.5802962,267.7522568,246.9829138,260.9743081,338.2797125,300.4785359,345.1240609,329.5654087
