ant-1.3,0.7924848484848485,0.7958787878787879,0.7956363636363636,0.7883636363636364,0.7856969696969697,0.7953939393939394,0.792969696969697,0.782060606060606,0.7932121212121213,0.7823030303030303,0.792,0.7946666666666666,0.784969696969697,0.7886060606060606,0.7852121212121213,0.7859393939393939,0.7842424242424243,0.7832727272727272,0.7912727272727272,0.7808484848484849,0.7941818181818182,0.7881212121212121,0.7876363636363637,0.7847272727272727,0.7815757575757576,0.790060606060606,0.7915151515151515,0.7844848484848485,0.7818181818181819,0.7936969696969697
ant-1.4,0.6704518288309825,0.6857518527372699,0.6409275639493187,0.6416447525699259,0.6049486014821898,0.6331580205594072,0.6451111642361941,0.699497967965575,0.6565861821659096,0.6770260578532153,0.6214439397561559,0.6858713841740378,0.6900549844609132,0.6777432464738227,0.6404494382022472,0.698541716471432,0.6751135548649295,0.689337795840306,0.6371025579727468,0.6942385847477887,0.6979440592875926,0.6679416686588573,0.621324408319388,0.6590963423380349,0.6782213722208941,0.6655510399234998,0.6457088214200335,0.6760698063590724,0.6932823332536457,0.6032751613674396,0.6759502749223045,0.6917284245756634,0.6500119531436768,0.7000956251494143,0.6638775998087497,0.6914893617021277,0.6453502271097299,0.618575185273727,0.6033946928042075,0.6834807554386804,0.6411666268228544,0.6494142959598375,0.6987807793449677,0.6666268228544107,0.6686588572794645,0.6059048529763328,0.6669854171647143,0.6188142481472627,0.6221611283767631,0.6611283767630887,0.6278986373416209,0.6890987329667703,0.6590963423380349,0.6588572794644991,0.670929954578054,0.6363853693521396,0.6063829787234043,0.699378436528807,0.6337556777432465,0.6794166865885728,0.6061439158498685,0.690294047334449,0.6877838871623236,0.6189337795840306,0.6945971790580923,0.6703322973942146,0.6604111881424815,0.666387759980875,0.6998565622758786,0.6607697824527851,0.686588572794645,0.6753526177384652,0.7009323452067894,0.6784604350944299,0.6351900549844609,0.6411666268228544,0.6568252450394454,0.6655510399234998,0.6984221850346641,0.6767869949796796,0.6919674874491991,0.6411666268228544,0.6705713602677504,0.6906526416447526,0.671886206072197,0.6322017690652642,0.6581400908438919,0.6795362180253407,0.6327994262491036,0.6210853454458523,0.6563471192923739,0.6702127659574468,0.6971073392302175,0.6406885010757829,0.6983026535978962,0.6396127181448721,0.6655510399234998
ant-1.5,0.8474890297415895,0.8330570453437348,0.8407606045831302,0.8024378352023404,0.8477815699658703,0.8445636274987811,0.7952218430034129,0.7929790346172598,0.7867381764992687,0.8074110190151146,0.8413456850316918,0.8545099951243296,0.7928815212091662,0.8562652364700146,0.8550950755728913,0.8406630911750366,0.8462213554363724,0.830716723549488,0.8411506582155046,0.8021452949780595,0.8528522671867381,0.8009751340809361,0.838030229156509,0.8451487079473428,0.8400780107264749,0.8020477815699659,0.7889809848854218,0.827206240858118,0.80351048269137,0.7947342759629449,0.824183325207216,0.8408581179912238,0.8265236470014627,0.8546075085324232,0.8106289614822038,0.8335446123842029,0.8038030229156509,0.7956118966357875,0.7868356899073623,0.8525597269624573,0.7998049731838128,0.8499268649439298,0.8364700146270112,0.7979522184300342,0.7912237932715749,0.7941491955143832,0.7907362262311067,0.7931740614334472,0.8026328620185276,0.855680156021453,0.8414431984397854,0.8492442710872745,0.8547050219405168,0.797757191613847,0.8438810336421257,0.7880058508044856,0.8075085324232082,0.8134568503169186,0.8117991223793272,0.854900048756704,0.7935641150658216,0.8526572403705509,0.8043881033642126,0.8370550950755729,0.8491467576791809,0.7890784982935154,0.8403705509507557,0.8047781569965871,0.806045831301804,0.8067284251584593,0.8044856167723062,0.8483666504144319,0.8519746465138957,0.8564602632862018,0.8377376889322282,0.8564602632862018,0.8495368113115553,0.836274987810824,0.8505119453924914,0.8488542174549001,0.850901999024866,0.8165772793759142,0.8461238420282788,0.8126767430521696,0.7882983910287664,0.8432959531935641,0.8051682106289615,0.8072159921989274,0.8191126279863481,0.8348122866894198,0.8531448074110191,0.8430034129692833,0.7911262798634813,0.7916138469039493,0.8007801072647489,0.8183325207215992,0.8185275475377864,0.787420770355924,0.8109215017064847,0.8442710872745003
ant-1.6,0.8239811718072587,0.8221695776043602,0.8227115074941161,0.8228818283166109,0.8225102192493496,0.8226960237829803,0.8214418431809736,0.8230676328502415,0.8217670011148273,0.821256038647343,0.8231605351170569,0.8221076427598166,0.8223863495602626,0.8230986002725134,0.8213489409141583,0.8210547504025765,0.8211786200916635,0.8211321689582559,0.8239656880961229,0.8214728106032454,0.8236560138734051,0.8221540938932244,0.8238263346958999,0.8213179734918865,0.822742474916388,0.821519261736653,0.823284404806144,0.822463768115942,0.8236095627399975,0.8237489161402205,0.8232534373838721,0.8230366654279698,0.8230211817168339,0.8228508608943391,0.8217205499814195,0.8224173169825344,0.8236714975845411,0.8223553821379909,0.8211631363805277,0.8221386101820884,0.8235011767620464,0.821797968537099,0.8209618481357612,0.823810850984764,0.8214108757587019,0.8212870060696148,0.8233618233618234,0.823145051405921,0.8212715223584789,0.8236250464511334,0.823268921095008,0.8235785953177257,0.8219837730707296,0.8235166604731822,0.8221850613154961,0.8239811718072587,0.8231760188281927,0.8238727858293076,0.8217050662702836,0.8225566703827574,0.8211941038027994,0.8218134522482349,0.8227579586275239,0.8224482844048061,0.8225411866716215,0.8234702093397746,0.8229127957388827,0.8221231264709525,0.8220766753375449,0.8218289359593708,0.8238418184070359
ant-1.7,0.8301457448075931,0.831627020372503,0.8298240737063659,0.8294507763790159,0.8278305071283905,0.8275962034867559,0.8275088360271633,0.8313966879790318,0.82657757833287,0.8300504348516738,0.8306103808426989,0.8281243794924745,0.8301298598149398,0.8271434811961399,0.8302728247488186,0.8267423851316469,0.8307890870100473,0.8292919264524841,0.8262817203447044,0.8312656367896429,0.830185457289226,0.8268734363210357,0.8296135975537111,0.8309399944402526,0.8293753226639132,0.8282316031928835,0.8301814860410627,0.8266987014018506,0.8306659783169851,0.826837695087566,0.8317421865692387,0.8288590604026845,0.8299273261586116,0.8295778563202415,0.8299154124141218,0.8294348913863627,0.830892339462293,0.8307414320320877,0.8283467693896192,0.8283745681267622,0.8301020610777967,0.8283110281561494,0.8264643977602161,0.830626265835352,0.8278027083912474,0.8291807315039117,0.8265398514753187,0.8280052420475755,0.8310035344108654,0.829331638934117,0.8266470751757278,0.827957587069616,0.8298637861879989,0.8294150351455463,0.8290735078035026,0.8270402287438942,0.8305071283904532,0.828958341606767,0.8275763472459394,0.8290854215479926,0.8315634804018903,0.8285135618124777,0.8304634446606568,0.829184702752075,0.8294904888606489,0.8305746396092292,0.831039275644335,0.8268972638100155,0.8302847384933084,0.8297247925022835,0.8285691592867638,0.8274452960565506,0.8306898058059649,0.8279774433104324,0.8314324292125015,0.8278662483618602,0.8316985028394425,0.8305031571422898,0.8296890512688138,0.8263015765855208,0.8263333465708272,0.8285890155275804,0.831678646598626,0.8318295540288313,0.8299034986696319,0.827036257495731,0.8297367062467733,0.827250704896549,0.8304356459235137,0.8296016838092213,0.8281680632222708,0.8277749096541043,0.8316905603431158,0.8304157896826972,0.8278265358802271,0.8295460863349351,0.8271514236924665,0.8291569040149319,0.8314840554386244,0.8316667328541361
camel-1.0,0.854614412136536,0.8044669195111673,0.8145806995364517,0.8409186683522967,0.809945217024863,0.8508217446270544,0.844922039612305,0.7966708807416772,0.8474504846186263,0.8301727770754319,0.831858407079646,0.809102402022756,0.8415507796038769,0.8122629582806574,0.8544037083860093,0.803834808259587,0.8499789296249474,0.8428150021070375,0.8514538558786346,0.8103666245259166,0.8592498946481247,0.8396544458491361,0.8008849557522124,0.8579856721449641,0.8451327433628318,0.8466076696165191,0.8112094395280236,0.8563000421407501,0.8552465233881164,0.8398651495996629,0.8141592920353983,0.8080488832701223,0.8253265908133165,0.8352296670880741,0.8029919932574799,0.853771597134429,0.8571428571428571,0.8525073746312685,0.8105773282764434,0.843236409608091,0.8504003371260008,0.8230088495575221,0.8162663295406658,0.8198482932996207,0.8569321533923304,0.8548251158870628,0.8095238095238095,0.820480404551201,0.8489254108723135,0.797724399494311,0.8479772439949431,0.7983565107458913,0.8194268857985673,0.8539823008849557,0.8042562157606405,0.8558786346396966,0.7949852507374632,0.8002528445006322,0.8512431521281079,0.8455541508638854,0.8453434471133586,0.8040455120101138,0.798567214496418,0.804677623261694,0.8023598820058997,0.8487147071217868,0.8086809945217025,0.8166877370417194,0.8527180783817951,0.8173198482932996,0.8019384745048462,0.8373367045933418,0.8225874420564686,0.8078381795195955,0.8135271807838179,0.8481879477454699,0.8177412557943532,0.8442899283607248,0.8529287821323219,0.8065739570164349,0.81078803202697,0.8560893383902234,0.8156342182890856,0.8053097345132744,0.8139485882848715,0.8535608933839023,0.8116308470290771,0.8097345132743363,0.8101559207753898,0.8516645596291614,0.7989886219974716,0.8436578171091446,0.805520438263801,0.8586177833965445,0.8299620733249052,0.8074167720185419,0.8158449220396123,0.8577749683944375,0.8567214496418036,0.8063632532659082
camel-1.2,0.6866555757209115,0.6885996420649324,0.6861924027021576,0.6860632183908046,0.687767821133293,0.686184525610002,0.6791093214357733,0.6862113077233313,0.6873330056462996,0.6825374319419237,0.6879096087920952,0.6845098558177052,0.6822538566243194,0.685858413994757,0.6884925136116152,0.6806059689453519,0.6788887628554144,0.6831171859245816,0.68619555353902,0.6809998235531357,0.6815449183303085,0.6820679572494455,0.6846547943133696,0.6822128957451099,0.6832085601935874,0.6867973633797136,0.680082930026215,0.6846705484976809,0.6879348154869933,0.6828525156281509,0.6827107279693486,0.683098280903408,0.6890722675942731,0.6824334543254689,0.6879159104658197,0.6798938798144787,0.6866366706997379,0.6818694545271224,0.6817528735632183,0.6884168935269207,0.6833755545472877,0.679210148215366,0.6841916212946159,0.6792637124420245,0.6835047388586408,0.6845728725549506,0.6797363379713652,0.6854204476709014,0.6876685697721315,0.6886343012704175,0.6828021022383545,0.6854866152450091,0.679361388384755,0.6857213525912482,0.6805650080661424,0.6867217432950191,0.6788320477918935,0.6865957098205283,0.6878907037709215,0.6853542800967937,0.6880576981246219,0.6804704829602742,0.6828966273442226,0.6863783020770317,0.6836433756805808,0.6887760889292196,0.6798119580560597,0.6808454325468845,0.6799474440411373,0.6843113530953822,0.6821120689655172,0.6797583938294011,0.6843428614640048,0.6845319116757411,0.680013611615245,0.6877237094172212,0.6816520467836257,0.6843712189957653,0.6873487598306111,0.6801553992740472,0.6834637779794314,0.6821939907239363,0.6872479330510184,0.6858379335551522,0.6891919993950393,0.6850297438999798,0.6889919212542851,0.6874275307521678,0.6856347045775358,0.6833408953418028,0.6837820125025207,0.6852250957854407,0.6860222575115951,0.6795094777172818,0.6860805479935471,0.6844657441016334,0.6837505041338979,0.6812833988707401,0.6835110405323654,0.6836559790280299
camel-1.4,0.76951595234835,0.7707243598521155,0.7709674106531562,0.7694029850746269,0.7711214569355059,0.7714843215117075,0.7684478981240586,0.770625085581268,0.7709263316445296,0.7717410653156237,0.7716589072983705,0.7697555798986718,0.7697042311378886,0.7699472819389293,0.7680781870464193,0.7703923045323839,0.7676126249486512,0.7722374366698617,0.7706935505956456,0.7708544433794331,0.7692386690401205,0.7705497740654526,0.7700362864576201,0.7686532931671916,0.7676023551964946,0.7715904422839929,0.7704265370395728,0.7710358756675338,0.769748733397234,0.771148842941257,0.7680028755306039,0.7680850335478571,0.7683794331096809,0.7719841161166644,0.7701903327399698,0.7710769546761604,0.7698343146652061,0.768697795426537,0.7695570313569766,0.7720868136382308,0.7712481172121046,0.7719293441051622,0.769895933178146,0.7679549500205395,0.769868547172395,0.7689271532247022,0.769779542653704,0.7714021634944543,0.7706079693276736,0.7705463508147337,0.7718643023415035,0.7688758044639189,0.7694782965904423,0.7680234150349171,0.7712686567164179,0.7682870053402712,0.7692112830343695,0.7691804737778994,0.7688107627002602,0.769911337806381,0.7702998767629741,0.7696391893742298,0.7707859783650555,0.7695809941120088,0.7693892920717513,0.770156100232781,0.7708202108722443,0.7707277831028344,0.769019580994112,0.7710392989182527,0.7715185540188964,0.7712207312063536,0.7706661645898946,0.7687422976858825,0.7706148158291113,0.7711762289470081,0.7710940709297549,0.7696289196220731,0.7705908530740792,0.7691017390113651,0.7689511159797343,0.7679857592770094,0.7722648226756128,0.7688484184581679,0.7716726003012461,0.7712994659728879,0.7699404354374915,0.7699130494317403,0.7690401204984253,0.7706113925783924,0.7703135697658496,0.7713610844858277,0.7720012323702587,0.7685129398877174,0.7710838011775982,0.7700054772011502,0.7720902368889497,0.7703478022730385,0.7693447898124058,0.7716417910447761
camel-1.6,0.7620352331606217,0.7672310880829015,0.7699875647668394,0.758540932642487,0.7625388601036269,0.7582715025906736,0.7578300518134715,0.7667730569948187,0.7644849740932642,0.7593264248704663,0.7616010362694301,0.764660103626943,0.7620145077720207,0.7651751295336787,0.7690321243523316,0.7650880829015544,0.7600746113989637,0.7628455958549223,0.7606279792746115,0.7585968911917098,0.7655958549222798,0.7634487046632125,0.7615968911917098,0.7631336787564766,0.7619564766839378,0.7702870466321243,0.7580497409326424,0.7626010362694301,0.7629533678756477,0.7719709844559586,0.7579626943005181,0.7611917098445596,0.7603606217616581,0.7699647668393782,0.7645181347150259,0.7646777202072539,0.7628497409326425,0.7591025906735751,0.7579668393782384,0.7653139896373057,0.7598062176165803,0.7651668393782384,0.7586487046632124,0.7645512953367876,0.7593119170984456,0.7626901554404145,0.7640580310880829,0.7595865284974094,0.7613181347150259,0.7644559585492228,0.7608455958549223,0.7611647668393783,0.766120207253886,0.7619461139896373,0.7600331606217616,0.7586424870466322,0.7620269430051814,0.7608103626943005,0.7577471502590674,0.7705844559585492,0.7632683937823834,0.7582113989637306,0.7650113989637306,0.7578963730569949,0.764679792746114,0.7613139896373057,0.7654746113989638,0.7656663212435233,0.7596010362694301,0.760760621761658,0.7633450777202072,0.7650818652849741,0.7620248704663213,0.7596051813471503,0.7677378238341969,0.7603378238341969,0.7598487046632124,0.7704538860103627,0.7616663212435233,0.770439378238342,0.7614963730569948,0.7644031088082902,0.7597958549222797,0.7702497409326425,0.7585222797927461,0.7619834196891192,0.7596238341968912,0.758681865284974,0.7581119170984456,0.7621564766839378,0.7676569948186529,0.759900518134715,0.7631626943005181,0.7602466321243523,0.7701906735751295,0.7659108808290156,0.7641409326424871,0.7599170984455959,0.7667336787564767,0.7615170984455959
ivy-1.1,0.8102308316900592,0.8108881413602443,0.8097281831187411,0.8067509569655492,0.8056683292734795,0.8085682248772378,0.8070602791632835,0.8070216138885666,0.805397672350462,0.809573522019874,0.8046243668561265,0.8080269110312028,0.8093415303715733,0.8068282875149828,0.8120094343270309,0.8091095387232726,0.807485597185168,0.8051270154274446,0.8100761705911921,0.8060163167459304,0.8108881413602443,0.8137880369640026,0.8067896222402661,0.8058616556470634,0.8075242624598847,0.8072149402621506,0.8030777558674554,0.8042377141089587,0.8054750028998956,0.804005722460658,0.8108881413602443,0.8091868692727062,0.8041603835595252,0.8059776514712137,0.8134400494915517,0.8055909987240459,0.8050496848780111,0.8109654719096779,0.8081042415806364,0.8123960870741986,0.8077175888334687,0.8086842207013881,0.8076015930093183,0.8043537099331091,0.8034257433399065,0.805938986196497,0.8118547732281638,0.8051656807021614,0.8133240536674013,0.8124347523489155,0.8065576305919654,0.8049336890538608,0.8122027607006148,0.8035804044387735,0.8052043459768782,0.8065962958666821,0.8040443877353749,0.8110428024591114,0.8075629277346016,0.8087228859761049,0.8057069945481963,0.8085295596025209,0.806441634767815,0.8037350655376406,0.8070989444380002,0.8137493716892858,0.8052430112515949,0.8032710822410393,0.8033870780651896,0.8106948149866605,0.809921509492325,0.8089548776244055,0.8061323125700808
ivy-1.4,0.8208852005532503,0.8015214384508991,0.789303826648225,0.7863070539419087,0.8248040571692024,0.8010603964960812,0.792992162286768,0.7934532042415859,0.7902259105578607,0.8252650991240202,0.8213462425080682,0.7865375749193176,0.8268787459658828,0.8049792531120332,0.8077455048409405,0.818118948824343,0.801751959428308,0.8068234209313048,0.7906869525126786,0.7888427846934071,0.7897648686030428,0.7853849700322729,0.8130474873213462,0.8148916551406178,0.8075149838635316,0.789073305670816,0.8105117565698479,0.8238819732595666,0.8266482249884739,0.8271092669432918,0.7920700783771323,0.7948363301060396,0.7883817427385892,0.8084370677731674,0.814200092208391,0.8250345781466113,0.8231904103273397,0.8183494698017519,0.7952973720608575,0.7899953895804518,0.8137390502535731,0.8130474873213462,0.8086675887505763,0.784923928077455,0.7918395573997233,0.7886122637159981,0.8289534347625634,0.8284923928077456,0.8012909174734901,0.7909174734900876,0.8171968649147072,0.8243430152143845,0.8135085292761641,0.8174273858921162,0.7911479944674965,0.7936837252189949,0.7879207007837713,0.8095896726602121,0.80567081604426,0.7925311203319502,0.7895343476256339,0.822268326417704,0.8224988473951129,0.8218072844628861,0.7946058091286307,0.7876901798063624,0.8047487321346243
ivy-2.0,0.8498376623376623,0.8366477272727273,0.8416193181818182,0.8346185064935064,0.8483157467532467,0.846387987012987,0.8453733766233766,0.8448660714285714,0.8434456168831169,0.837408685064935,0.8343648538961039,0.834669237012987,0.8493810876623377,0.8354809253246753,0.8347199675324676,0.8451704545454546,0.8497869318181818,0.8340097402597403,0.8455762987012987,0.8484679383116883,0.8362418831168831,0.8477069805194806,0.8384232954545454,0.8356838474025974,0.835836038961039,0.8457284902597403,0.8476055194805194,0.8382711038961039,0.8473518668831169,0.8432426948051948,0.8369521103896104,0.8365969967532467,0.8363433441558441,0.8481635551948052,0.8339590097402597,0.8351258116883117,0.8350750811688312,0.8497362012987013,0.8375608766233766,0.8411627435064936,0.846286525974026,0.8447646103896104,0.8410612824675324,0.8420758928571429,0.8383218344155844,0.8341619318181818,0.8379667207792207,0.8454748376623377,0.8376116071428571,0.834466314935065,0.8499391233766234,0.8339082792207793,0.844916801948052,0.8405539772727273,0.8358867694805194,0.8456777597402597,0.8351765422077922,0.8366984577922078,0.839945211038961,0.8395393668831169,0.8446631493506493,0.8361911525974026,0.8368506493506493,0.836140422077922,0.8421773538961039,0.8408076298701299,0.8478084415584416,0.8377130681818182
jedit-3.2,0.8448182938096704,0.8521327379119187,0.8379850631352017,0.8425950877733293,0.8399002925777641,0.8472339852171235,0.839034108407761,0.8509393286110256,0.8462715583615645,0.8436922543886665,0.8497170465044657,0.8516419002155836,0.8405932399137666,0.8494186941792424,0.8482637819525716,0.8430089313212196,0.84220049276255,0.8519883738835848,0.8382160455805359,0.8439906067138897,0.8516515244841392,0.8502175084693563,0.8408049738219895,0.8448375423467817,0.8454919926085618,0.8452610101632276,0.8447412996612258,0.8494475669849092,0.8474457191253465,0.8481579149984602,0.8490722205112411,0.847763319987681,0.8418828919002156,0.8492743301509086,0.8488123652602402,0.8389089929165383,0.8513146750846936,0.8392362180474284,0.8447316753926701,0.8411033261472128,0.8465699106867878,0.8463100554357869,0.848090545118571,0.8477055743763474,0.8406028641823221,0.8493320757622421,0.8441638435478903,0.8393805820757623,0.8441205343393902,0.8426528333846628,0.8396885586695411,0.8399099168463197,0.8502848783492455,0.8469356328919002,0.8442504619648906,0.8516611487526948,0.8414786726208808,0.8437788728056668,0.8457325993224515,0.8457807206652295,0.8464159223898984,0.8516707730212504,0.8392554665845395,0.8392747151216507,0.8383892824145365,0.8479943024330151,0.8421234986141053,0.8464832922697875,0.8469260086233447,0.8514012935016939,0.8418155220203265,0.847339852171235,0.8389956113335386,0.8471762396057899,0.8442697105020018,0.8455786110255621,0.8392650908530952,0.8410167077302125,0.8428164459501077,0.8500346473668001,0.8439039882968894,0.8425854635047736,0.8519306282722513,0.8500923929781337,0.8512569294733601,0.8385143979057592,0.8481964120726825,0.8394672004927626,0.8393228364644287,0.843374653526332,0.8392843393902063,0.8485043886664614,0.8440579765937789,0.8394768247613181,0.8428934400985525,0.8378984447182014,0.8419887588543271,0.8502367570064675,0.848841238065907,0.8437692485371112
jedit-4.0,0.8437445774770085,0.8426456128173984,0.8463907686968593,0.8505408062930186,0.8446989415235121,0.8486609983226329,0.8441783793163283,0.8447278616461333,0.8452195037306958,0.8475620336630227,0.8474029729886055,0.8471860720689456,0.8427034530626409,0.8515530105847648,0.8433975360055527,0.84750419341778,0.8460871074093355,0.8447134015848227,0.8479813754410319,0.8482994967898664,0.8510613685002024,0.8503094453120481,0.84772109433744,0.8471716120076349,0.8507287870900573,0.8475764937243334,0.8484585574642837,0.8437301174156978,0.8428769737983689,0.8513505697264157,0.8452339637920064,0.8458702064896755,0.8483428769737984,0.8515963907686969,0.848313956851177,0.8475909537856441,0.8450749031175893,0.8452050436693852,0.8515385505234542,0.8510179883162705,0.8475331135404014,0.8509023078257851,0.8443085198681243,0.8507866273352999,0.8444097402972989,0.844192839377639,0.8453207241598705,0.8485163977095262,0.8506420267221934,0.8515240904621436,0.8491526404071953,0.8457545259991902,0.8452628839146278,0.8464630690034126,0.8435132164960379,0.8444242003586095,0.844149459193707,0.8459858869801608,0.8467088900456938,0.8438602579674938,0.8447134015848227,0.8516253108913182,0.8511770489906877,0.8477789345826826,0.8474897333564694,0.8511047486841344,0.8477066342761294,0.8468968708427324,0.8431517149632715,0.8443519000520562,0.8474318931112268,0.8460292671640928
jedit-4.1,0.8360805860805861,0.815609122060735,0.8237327188940092,0.8185188467446533,0.8283262436488243,0.8317824648469809,0.8281933120642798,0.8360362755524046,0.8143536570955926,0.8303645279451731,0.8353568474536216,0.8338059789672693,0.826155027767931,0.8353863878057426,0.8117836464610658,0.8126550868486352,0.8273661822048919,0.8328163771712159,0.8313245893891055,0.8332004017487888,0.8175883256528418,0.8175587853007208,0.8283705541770058,0.8337468982630273,0.8253574382606641,0.8128766394895427,0.8283114734727638,0.8364203001299776,0.8126846272007562,0.8122710622710623,0.8133197447713577,0.8131720430107527,0.8292272243885147,0.8331413210445469,0.815402339595888,0.8215762731891764,0.831930166607586,0.8351943755169562,0.8177212572373863,0.8271889400921659,0.831398440269408,0.8331560912206073,0.8142207255110481,0.8137628500531726,0.8363021387214936,0.8341013824884793,0.47140493914687465,0.8340275316081768,0.815254637835283,0.8120051991019733,0.8250029540352121,0.8226397258655324,0.8283853243530663,0.47359092520382845,0.8114439324116743,0.8146638307928631,0.8187994800898026,0.8296850998463902,0.8288431998109418,0.8293010752688172,0.8357851825593761,0.8305860805860806,0.8155648115325534,0.8350171334042302,0.8351796053408956,0.8236884083658277,0.8246927803379416,0.8129357201937847,0.8322846508330379,0.8325062034739454,0.8311030367481981,0.8267753751624719,0.8303792981212336,0.8357556422072551,0.8275729646697388,0.8331856315727284,0.8122858324471228,0.8352977667493796,0.8360953562566465,0.8344410965378707,0.8280603804797353,0.8326095947063689,0.8218273661822049,0.8364793808342196,0.8233043837882548,0.8352682263972586,0.8309701051636535,0.8123301429753043,0.8193902871322226,0.8303202174169916,0.8226397258655324,0.8168941273779984,0.8122562920950017,0.8340570719602978,0.8275286541415574,0.8353273071015006,0.8348989719957461,0.8344558667139312,0.8343820158336287,0.8172190712513293
jedit-4.2,0.8672047709629325,0.8672818878206776,0.8704436789882268,0.8691583980258084,0.8754305691224101,0.8681558788751221,0.8741966993984885,0.877307079327541,0.8659194900005142,0.8725900981954655,0.874582283687214,0.8680273507788803,0.8801346974448614,0.8795177625829006,0.8676931777286515,0.8753277466454167,0.8687985193563313,0.8671790653436842,0.8663564855277364,0.8778726029510051,0.8705722070844687,0.8712662588041746,0.8665621304817233,0.8745308724487173,0.8738625263482598,0.8687214024985862,0.8774099018045345,0.8776155467585214,0.8664336023854815,0.8676674721094031,0.8724744229088479,0.8778211917125084,0.8751221016914298,0.8798005243946326,0.8673590046784228,0.8682587013521156,0.8728085959590767,0.8714719037581615,0.8704950902267236,0.8683358182098607,0.8772556680890443,0.8662536630507429,0.8696725104107758,0.8666392473394684,0.871086319469436,0.8755848028379004,0.8665878361009717,0.8686956968793378,0.8710606138501876,0.8742738162562336,0.8675132383939129,0.8715233149966582,0.8716004318544034,0.8673332990591743,0.8710092026116909,0.87401676006375,0.8803146367796,0.8711120250886843,0.870880674515449,0.8658680787620173,0.87275718472058,0.866819186674207,0.8773841961852861,0.8803403423988484,0.8794663513444039,0.8777183692355148,0.8659966068582592,0.8775898411392731,0.8664078967662331,0.8774870186622796,0.8725258341473446,0.8746851061642075,0.8674104159169195,0.8749935735951879,0.8798776412523778,0.8801604030641098,0.8738368207290114,0.8697496272685209,0.8683101125906123,0.8704179733689784,0.8725772453858414,0.8713176700426714,0.8688756362140764,0.8666649529587168,0.8687728137370829,0.8796719962983909,0.8709320857539458,0.8695953935530307,0.870597912703717,0.8777440748547632,0.8777440748547632,0.8672304765821809,0.8744280499717239
jedit-4.3,0.6851287262872628,0.6925813008130082,0.8155487804878049,0.8328252032520326,0.8447662601626016,0.8556910569105691,0.8482384823848238,0.7286585365853658,0.6942750677506775,0.7857384823848238,0.7406842818428184,0.7850609756097561,0.8404471544715447,0.8184281842818428,0.7086720867208672,0.8201219512195121,0.8157181571815718,0.7300135501355014,0.7022357723577236,0.839769647696477,0.8551829268292683,0.7085027100271003,0.6830962059620597,0.7225609756097561,0.8279132791327913,0.8128387533875339,0.8373136856368564,0.6664972899728997,0.8102981029810298,0.7454268292682927,0.7020663956639567,0.8484078590785907,0.7987804878048781,0.8460365853658537,0.8463753387533876,0.8362127371273713,0.8340108401084011,0.8335027100271003,0.8458672086720868,0.6678523035230353,0.6700542005420054,0.7083333333333334,0.8160569105691057,0.8444275067750677,0.7259485094850948,0.671239837398374,0.7794715447154471,0.845359078590786,0.6642953929539296,0.8074186991869918,0.8338414634146342,0.8419715447154471,0.7401761517615176,0.8185975609756098,0.7156165311653117,0.8555216802168022,0.8062330623306233,0.8062330623306233,0.6878387533875339,0.8439193766937669,0.8485772357723578,0.700880758807588,0.6626016260162602,0.7598238482384824,0.8414634146341463,0.7015582655826558,0.7176490514905149,0.842479674796748,0.8536585365853658,0.7523712737127372,0.8185975609756098,0.8412940379403794,0.834180216802168,0.8104674796747967,0.6702235772357723,0.6959688346883469,0.6961382113821138,0.6773373983739838,0.6761517615176151
log4j-1.0,0.8272009714632665,0.8287795992714025,0.829143897996357,0.8221007893139041,0.8268366727383121,0.8301153612629022,0.8253794778384942,0.8262295081967214,0.82040072859745,0.8231936854887675,0.8265938069216757,0.8225865209471767,0.8216150576806315,0.8279295689131755,0.8273224043715847,0.8276867030965391,0.8296296296296296,0.8285367334547662,0.8264723740133576,0.8179720704310868,0.826715239829994,0.8269581056466302,0.8255009107468124,0.8285367334547662,0.8187006678809957,0.8263509411050395,0.8227079538554949,0.8230722525804492,0.8278081360048574,0.8302367941712204,0.8293867638129934,0.8229508196721311,0.8270795385549484,0.8284153005464481,0.825986642380085,0.8182149362477231,0.8119004250151791,0.8207650273224044,0.8295081967213115,0.822829386763813
log4j-1.1,0.8173671858331555,0.8124599957328782,0.8218476637508001,0.7983784937059953,0.8117132494132707,0.8237678685726477,0.8332622146362278,0.7980584595690207,0.8086195860891828,0.7988052058886281,0.7981651376146789,0.8204608491572435,0.8232344783443567,0.8105397909110305,0.8014721570300832,0.8276082782163431,0.8159803712395989,0.8308086195860892,0.8297418391295072,0.813953488372093,0.8112865372306379,0.8212075954768508,0.8314486878600384,0.8355024535950502,0.8125666737785364,0.8036057179432473,0.8017921911670578,0.8248346490292298,0.8203541711115853,0.8187540004267122,0.8271815660337103,0.8264348197141028,0.8093663324087903,0.8344356731384681,0.82600810753147,0.8151269468743333,0.813420098143802,0.8311286537230638,0.8050992105824621,0.8346490292297845,0.8251546831662044,0.8269682099423938,0.826541497759761,0.8006187326648175,0.8223810539790911,0.8227010881160657,0.8272882440793685,0.8021122253040325,0.8038190740345637,0.8195007467463196,0.823874546618306,0.8341156390014935,0.8229144442073821,0.8182206101984212,0.8215276296138255,0.8176872199701302,0.8059526349477277,0.8184339662897375,0.8283550245359504,0.8286750586729251,0.8007254107104758,0.831235331768722,0.8064860251760188,0.8000853424365265,0.8143802005547258,0.8192873906550032,0.8231278002986985,0.8052058886281204,0.8304885854491145,0.8267548538510775,0.8062726690847024,0.8043524642628547,0.8029656496692981,0.8096863665457649,0.8294218049925325,0.8318754000426712,0.8326221463622786,0.8300618732664817,0.8032856838062726,0.8150202688286751,0.8256880733944955,0.8233411563900149,0.8168337956048645,0.8281416684446341,0.8343289950928099,0.8337956048645189,0.8279283123533177,0.80819287390655,0.8247279709835715,0.8023255813953488,0.8328355024535951,0.7998719863452102,0.7990185619799445,0.8352890975037337,0.8047791764454875,0.8147002346917005,0.8316620439513548,0.8330488585449115,0.8026456155323235,0.8196074247919778
log4j-1.2,0.5738074248212361,0.5804878048780487,0.5641786658830443,0.5707317073170731,0.5765501028504261,0.568057596238613,0.5793907336663728,0.5688412185326672,0.5711822901361544,0.5796845920266431,0.5666078949946126,0.5801057890096973,0.5838622783818199,0.5809775688118327,0.5829072387109413,0.5723332353805466,0.5633656577529631,0.5771280242922912,0.5669997061416397,0.5721030463316681,0.5786756783230483,0.5825741992359683,0.5754236458027231,0.5618082084435302,0.5684200215496131,0.5830835537271035,0.5797237731413458,0.5655695954549907,0.5674013125673425,0.5800959937310216,0.5766088745224802,0.5690567146635321,0.5736507003624253,0.5722695660691547,0.5620041140170438,0.5747379762954256,0.5677637378783427,0.5712018806935057,0.581790576941914,0.5780781663238319,0.5717602115780194,0.5762562444901558,0.5816240572044274,0.5638064452933685,0.5662650602409639,0.5672249975511803,0.5740425115094524,0.5694485258105593,0.5646880203741796,0.5628660985405035,0.5704672347928299,0.5729650308551278,0.5698501322362621,0.5758154569497502,0.5731021647565874,0.5791360564208051,0.569703203056127,0.5682437065334509,0.5695072974826134,0.5676657850915858,0.5751199921637771,0.5755901655402096,0.5635125869330982,0.5748555196395337,0.5836712704476442,0.5658242727005584,0.5818003722205897,0.5641688706043687,0.5701244000391811,0.578959741404643,0.5629836418846116,0.5726907630522088,0.5691644627289646,0.5753110000979528,0.5647565873249094,0.5741110784601822,0.5709863845626408,0.5769810951121559,0.5686159271231267,0.5733764325595063,0.5772357723577236,0.5631795474581252,0.5648741306690175,0.5754040552453717,0.5622489959839357,0.5780193946517779,0.5774512684885885,0.5715153296111274,0.5734939759036145,0.5777549221275345,0.5822607503183466,0.5688608090900186,0.5626603976883142,0.5729454402977765,0.5836418846116171,0.5650798315212068,0.5832402781859144,0.5748212361641689,0.5827113331374277,0.5820256636301303
lucene-2.0,0.7587447378492155,0.7483161117489475,0.7692499043245312,0.7394565633371604,0.7499234596249522,0.7582280903176426,0.7680061232300038,0.7684653654802909,0.7402602372751627,0.767451205510907,0.7468044393417528,0.7603138155376962,0.7583811710677383,0.7602564102564102,0.7403367776502104,0.7704171450440107,0.7388825105243015,0.743876769996173,0.7447569843092231,0.7446613088404134,0.7601224646000765,0.766953693073096,0.7689628779181018,0.7415805587447378,0.7413700727133563,0.76884806735553,0.7539609644087256,0.7644087256027554,0.7431687715269805,0.7604668962877918,0.7532721010332951,0.7445082280903177,0.7656525066972828,0.7413509376195944,0.7507654037504784,0.7663605051664754,0.7702449292001531,0.7565250669728282,0.7673363949483353,0.7392269422120168,0.7579601990049751,0.7479525449674703,0.7580941446613089,0.7701683888251052,0.7640642939150402,0.7513203214695752,0.7474358974358974,0.7407386146192116,0.75283199387677,0.7441063911213165,0.766073478760046,0.7696708763872943,0.7681400688863376,0.7476081132797551,0.7469001148105626,0.7380022962112515,0.7702449292001531,0.7380405663987754,0.7424990432453119,0.7698430922311519,0.7649062380405663,0.7707233065442021,0.7430730960581707,0.7648488327592805,0.7408151549942594,0.7502104860313815,0.7516456180635285,0.7659012629161883,0.7398009950248756,0.7685993111366246,0.7707041714504401,0.7702257941063911,0.7404133180252583,0.7674129353233831,0.7655185610409491,0.7487944890929965,0.7562571756601607,0.7655568312284731,0.7381458094144662,0.770761576731726,0.7576923076923077,0.7427286643704554,0.7613853807883658,0.7697474167623422,0.7445847684653655,0.7686567164179104,0.7672215843857635,0.7587064676616916,0.7487179487179487,0.7392460773057788,0.766972828166858,0.7589934940681209,0.7652698048220437,0.7695177956371986,0.7641408342900881,0.7508993494068121,0.7578836586299272,0.7435323383084577,0.7706084959816303,0.7383658629927287
lucene-2.2,0.7218408339689805,0.7203250601419938,0.7193275831719768,0.7287644976432162,0.7189755324766767,0.7291165483385164,0.7197285297971797,0.7212149660662246,0.7181149641103874,0.7209802656026912,0.7203055017700326,0.7245887852295175,0.7205304230475855,0.7242465137201979,0.7270531400966184,0.7205890981634688,0.7198263216569852,0.7232294783782198,0.7192884664280546,0.7183301062019597,0.7216256918774081,0.7258600794069902,0.7199730094466936,0.7196796338672768,0.7274736450937824,0.7254591327817872,0.7292730153142053,0.7188288446869683,0.721850613154961,0.7245301101136341,0.7278354749750631,0.7259285337088541,0.7251168612724677,0.7262023509163097,0.7293708071740108,0.7267206477732794,0.729409923917933,0.7281973048563437,0.7282070840423244,0.724334526394023,0.7280408378806548,0.7217723796671165,0.718124743296368,0.7268868939349489,0.7251853155743316,0.7200610221205187,0.7234348412838115,0.7246963562753036,0.7243051888360813,0.7250679653425649,0.7289991981067496,0.7208726945569051,0.7186137025953959,0.7264663889377848,0.7268673355629878,0.7213714330419136,0.7202077099102271,0.7247941481351092,0.7275323202096657,0.7191417786383462,0.7241878386043146,0.7238162295370534,0.7244812141837313,0.7289405229908662,0.7225644937315417,0.7244323182538286,0.7271704903283851,0.7188581822449099,0.7234592892487629,0.7193471415439379,0.7293610279880303,0.7219777425727083,0.7195133877056074,0.7265641807975904,0.7213225371120108,0.7287156017133134,0.7282853175301688,0.7270335817246573,0.7293219112441081,0.7182127559701931,0.7260458839406208,0.7195818420074713,0.7233370494240059,0.7248626024369731,0.720031684562577,0.7211073950204385,0.7207455651391578,0.7199143343308103,0.7185354691075515,0.7231219073324336,0.7230827905885114,0.7189950908486378,0.7224373643137946,0.7226720647773279,0.7220266385026111,0.7184865731776487,0.7241487218603924,0.7278061374171214,0.7194058166598213,0.7192004537542295
lucene-2.4,0.7022384586746091,0.6835256887565153,0.7012518615040954,0.7203276247207744,0.7031831720029784,0.7160275502606106,0.6974823157110945,0.6867507446016381,0.6840236411020104,0.6920048399106478,0.7150316455696203,0.7047235666418467,0.7080230826507818,0.6965748324646315,0.7084233060312732,0.7009819434102755,0.711918279970216,0.699436895011169,0.7135610573343262,0.6888682055100521,0.7060033507073715,0.6900874906924795,0.6913672747580044,0.7105454206999255,0.6841772151898734,0.7175400223380491,0.7061196947133284,0.7199413626209977,0.721123417721519,0.7066921072226359,0.6869089724497394,0.7212490692479523,0.7042069992553983,0.7036671630677588,0.69463886820551,0.6861038719285183,0.6943968726731199,0.7185685033507073,0.7043745346239761,0.7111876396128072,0.7185173119880863,0.6972403201787044,0.6993810498883097,0.6911485480268057,0.7211839166046166,0.7072970960536114,0.7057567014147431,0.6984037602382726,0.6818922189128817,0.7164510424422934,0.7133283693224125,0.720336932241251,0.7005724125093076,0.7095402084884587,0.7051377513030529,0.6892916976917349,0.7168698808637379,0.6827112807148176,0.7089212583767684,0.6939175353685778,0.7069899478778854,0.7212025316455696,0.6964677959791512,0.717367833209233,0.7207418093819806,0.7084791511541325,0.6931822412509308,0.6981105733432613,0.6849171630677587,0.7192758749069248,0.6857222635889799,0.684614668652271,0.7202717795979151,0.7208767684288906,0.7126349590469099,0.7180100521221147,0.711406366344006,0.7191129932985852,0.7038812360387193,0.7053425167535369,0.7033274385703648,0.7095122859270291,0.6813896128071482,0.7123045420699926,0.7074274013402829,0.6876256515264334,0.6852056962025317,0.6908274385703649,0.6874115785554729,0.7145802308265078,0.7049516008935219,0.7052866716306776,0.6928704393149665,0.6881887565152643,0.708981757259866,0.7181357036485481,0.7024897617274758,0.7056589724497394,0.6924609084139985,0.6826880119136262
poi-1.5,0.6665679670343228,0.6658523946998297,0.6693068818318652,0.6837170281540701,0.6654946085325832,0.686850741480988,0.6863325684111826,0.6722061835319664,0.6869617785673748,0.6846053248451649,0.6676845066252128,0.6726996816936857,0.6682952106003405,0.6723357267994177,0.6648530609223481,0.6653959089002394,0.672853899869223,0.6685542971352432,0.6844942877587781,0.668677671675673,0.6723727391615466,0.6845189626668641,0.6820144594961384,0.6854442717200878,0.6726873442396427,0.6750808103239816,0.6817306980531498,0.6787450341747477,0.664112813679769,0.6731068176771041,0.6722370271670738,0.6865793174920424,0.6767833789819133,0.6758210575665605,0.677030128062773,0.6867273669405581,0.6768574037061712,0.6836183285217262,0.6830137932736201,0.6836059910676833,0.6855182964443457,0.6647050114738322,0.6824771140227502,0.6816196609667629,0.6825141263848792,0.685709526982012,0.6853640782688084,0.6650257852789498,0.6865423051299134,0.671762035186419,0.6653095467219384,0.6665556295802798,0.6666913415747526,0.6812001875293014,0.6820267969501813,0.6657907074296148,0.6806326646433242,0.6756359957559158,0.6802255286599057,0.6866163298541713,0.6659510943321736,0.6666419917585807,0.6852098600932711,0.6864682804056554,0.6713178868408716,0.668603646951415,0.6786833469045328,0.6850124608285834,0.6724714387938905,0.6801761788437338,0.6690971451131345,0.6824092580255139,0.6652478594517235,0.6776346633108792,0.6798677424926592,0.6813852493399463,0.6849260986502825,0.6809657759024847,0.6863078935030967,0.6866286673082143,0.6665926419424087,0.6787573716287907,0.6833777481678881,0.6856293335307326,0.6683075480543835,0.6852530411824216,0.6654699336244972,0.6808917511782269
poi-2.0,0.6763841254287114,0.6784256083619141,0.6962273395394415,0.7711905928466438,0.6969622733953944,0.7128858402743753,0.6807937285644292,0.7531438837171321,0.6779356524579454,0.7685774946921444,0.6741793238608526,0.6742609831781806,0.6751592356687898,0.7183570145353585,0.7674342642495509,0.7595949697860526,0.7401600522619631,0.6849583537481627,0.7087212150906418,0.7355871304915891,0.770537318308019,0.7196635636126082,0.7611464968152867,0.7145190266209375,0.6796504981218358,0.6994937122325657,0.7712722521639719,0.7277886656867548,0.6875714519026621,0.6837334639882411,0.6816103217377103,0.7040666340029398,0.7413032827045566,0.6976155479340193,0.7092111709946105,0.7669443083455822,0.6803037726604606,0.7474277315041646,0.7028417442430182,0.673036093418259,0.7659643965376449,0.7726604605585498,0.690511187326474,0.7511840601012576,0.6772007186019925,0.6771190592846644,0.7622897272578801,0.7170504654581088,0.7157439163808591,0.7710272742119876,0.6745876204474931,0.7426914910991345,0.7315041646251838,0.6915727584517394,0.7173771027274212,0.6738526865915401,0.7130491589090315,0.75755348685285,0.746202841744243,0.7319124612118243,0.6735260493222277,0.7386901845500572,0.7108443573411726,0.6868365180467091,0.7010452392617997,0.7661277151723012,0.7562469377756001,0.7300342969132778,0.7595133104687245,0.6833251674016005,0.7730687571451903,0.7709456148946595,0.6864282214600685,0.7488159398987424,0.7239915074309978,0.7503674669279765,0.679078882900539,0.701290217213784,0.7666176710762698,0.6756083619140943,0.6985138004246284,0.7241548260656541,0.7526539278131635,0.726359627633513,0.7637595949697861,0.7702106810387065,0.6776906745059611,0.7689857912787849,0.6821002776416789,0.7442430181283685,0.6736077086395558,0.7564102564102564,0.7698840437693941,0.68291687081496,0.6879797484893027,0.7281561326147313,0.7515923566878981,0.7718438673852687,0.7484076433121019,0.6750367466927977
poi-2.5,0.6677209886887306,0.6573680351906158,0.6629739212400503,0.6501466275659824,0.6628508588186007,0.6644480519480519,0.6623324256388773,0.6650843108504398,0.6533095936321742,0.6627565982404692,0.6625523669878508,0.6551162547130289,0.6673020527859238,0.6511049434436531,0.6660269166317554,0.6631781524926686,0.662196271470465,0.6672182656053623,0.6525712191034772,0.6603215333054042,0.6643171344784248,0.6530791788856305,0.6510892333472978,0.6562002513615417,0.6507750314201927,0.6582739840804357,0.66509478424801,0.6501152073732719,0.6543045664013406,0.6669930875576037,0.6547339757017177,0.653168202764977,0.6524769585253456,0.6651759530791789,0.6600230414746544,0.6566558441558441,0.6596774193548387,0.6613269794721408,0.6677157519899455,0.6640552995391705,0.6515317343946376,0.6651497695852534,0.6650057603686635,0.6563835358190196,0.65228581901969,0.6565511101801424,0.6573523250942606,0.6547968160871387,0.6654377880184332,0.649816715542522,0.6632645580226225,0.6600282781734395,0.6569124423963134,0.6536709258483452,0.6584049015500628,0.6642595307917889,0.6673544197737746,0.6515998114788437,0.6560745705906996,0.6634897360703812,0.6560064935064935,0.6578183912861332,0.6583211143695015,0.6670821114369502,0.667076874738165,0.6618977796397151,0.6517045454545455,0.6532153330540428,0.6540636782572267,0.6499685798072895,0.6585620025136154,0.6644166317553414,0.6596512358609132,0.6641731252618349,0.6527649769585253,0.6540689149560117,0.6652911604524507,0.6621229576874739,0.6624057394218684,0.6633588186007541,0.6576508169250105,0.6602796397151236,0.6637672811059908,0.6496439044826141,0.6549801005446166,0.6507959782153331,0.657624633431085,0.6652649769585254,0.6568967322999582,0.6625837871805613,0.660483870967742,0.6496700879765396,0.6618820695433598,0.6527754503560955,0.6643014243820695,0.6545559279430248,0.6612065354000838,0.6545611646418098,0.6653540008378718,0.6536552157519899
poi-3.0,0.7030045248868778,0.7026787330316742,0.6942941176470588,0.7033800904977375,0.6982036199095023,0.6930180995475113,0.6938778280542987,0.700472850678733,0.7041176470588235,0.7009185520361991,0.6974343891402714,0.6992307692307692,0.6942760180995475,0.6990135746606335,0.7027058823529412,0.6977466063348416,0.6942126696832579,0.6942488687782805,0.7009276018099547,0.705764705882353,0.6937986425339366,0.7037239819004525,0.6971990950226244,0.6983733031674209,0.6941085972850679,0.6943303167420815,0.6994977375565611,0.7032307692307692,0.7050045248868778,0.6972533936651584,0.7003506787330317,0.6970927601809955,0.6937579185520362,0.7003936651583711,0.6964841628959276,0.7054954751131222,0.7006018099547511,0.6977443438914027,0.6973846153846154,0.6978823529411765,0.700633484162896,0.6967239819004525,0.7023755656108597,0.703814479638009,0.6996855203619909,0.6941628959276018,0.7045248868778281,0.6980316742081448,0.7010656108597285,0.6976742081447964,0.7056628959276018,0.7032171945701358,0.7040904977375566,0.6971945701357466,0.7054389140271493,0.6984072398190045,0.7054660633484163,0.696814479638009,0.6992601809954752,0.6974434389140272,0.7013280542986425,0.7033212669683258,0.6940950226244343,0.6975067873303168,0.7002398190045249,0.704814479638009,0.7023212669683258,0.7055090497737556,0.7003461538461538,0.7050407239819004,0.7029366515837104,0.6942262443438914,0.6972669683257918,0.6941357466063348,0.6968235294117647,0.6943076923076923,0.6975203619909502,0.6938506787330316,0.6930180995475113,0.6996131221719457,0.6970927601809955,0.6968868778280543,0.6975429864253394,0.6993031674208144,0.6965022624434389,0.7037737556561086,0.6940904977375566,0.6986018099547512,0.6990090497737557,0.6992760180995475,0.6968552036199095,0.6978280542986426,0.7053959276018099,0.7041131221719457,0.6974117647058824,0.7031719457013574,0.697316742081448,0.7013665158371041,0.702316742081448,0.6939321266968326
synapse-1.0,0.8492569002123143,0.845920533818623,0.8428874734607219,0.8453139217470428,0.8462238398544131,0.8471337579617835,0.8501668183196845,0.8504701243554746,0.8483469821049439,0.8498635122838945,0.8465271458902032,0.8456172277828329,0.8474370639975736,0.848650288140734
synapse-1.1,0.757985257985258,0.7233597233597233,0.746974246974247,0.7694967694967695,0.7215397215397216,0.7765947765947766,0.7228592228592229,0.7433342433342434,0.7183547183547183,0.7284102284102284,0.775912275912276,0.7381927381927382,0.7488397488397488,0.739102739102739,0.7172627172627173,0.7182637182637183,0.7555737555737556,0.7412412412412412,0.7646737646737647,0.7225179725179726,0.7616252616252617,0.7761852761852762,0.7664027664027664,0.7735462735462736,0.7697697697697697,0.7184912184912184,0.7340522340522341,0.7641732641732641,0.7654017654017654,0.7173537173537173,0.7199017199017199,0.745017745017745,0.7667212667212667,0.7345982345982346,0.7523432523432524,0.7417417417417418,0.7669032669032669,0.7721812721812722,0.7288197288197288,0.760897260897261,0.7467467467467468,0.7403767403767404,0.7206752206752207,0.7295022295022295,0.7603512603512603,0.7714532714532715,0.7684957684957685,0.7614432614432615,0.7769587769587769,0.7576667576667576,0.7396487396487397,0.7657202657202657,0.767949767949768,0.7456092456092456,0.7672217672217673,0.7767085267085267,0.7197197197197197,0.7764582764582765,0.7746382746382746,0.7444717444717445,0.7184457184457185,0.7755482755482755,0.7353717353717354,0.7573937573937574,0.7499317499317499,0.7185367185367185,0.7547092547092548,0.756074256074256,0.7506597506597507,0.7744107744107744,0.7754572754572755,0.7208117208117208,0.7711802711802712,0.7361907361907362,0.7581672581672582,0.7504322504322505,0.7767767767767768,0.7183092183092183,0.7573482573482574,0.7177632177632177,0.7231322231322231,0.7516607516607516,0.7724542724542725,0.7771862771862772,0.7725452725452725,0.7458367458367459,0.7526162526162526,0.7714987714987716,0.7178542178542179,0.7220857220857221,0.7755027755027755,0.7376694876694877,0.7356902356902357,0.7747292747292748,0.747929747929748,0.76003276003276,0.7532532532532532,0.7476112476112476,0.7728637728637728,0.7536627536627537
synapse-1.2,0.7286368534482759,0.7262931034482759,0.7280980603448276,0.7302532327586206,0.7292564655172413,0.7116109913793104,0.71171875,0.7259698275862069,0.7296875,0.7307650862068965,0.7271012931034483,0.7288793103448276,0.7304148706896552,0.727667025862069,0.7279903017241379,0.7318696120689655,0.7276131465517242,0.7201508620689655,0.7173221982758621,0.7312230603448275,0.7300646551724138,0.7253502155172413,0.7301185344827587,0.7117995689655172,0.7276939655172414,0.72578125,0.7280711206896552,0.7295797413793104,0.7307920258620689,0.7308189655172413,0.7200431034482758,0.7302801724137931,0.7287446120689656,0.7200161637931034,0.7314385775862069,0.7264008620689655,0.724542025862069,0.725915948275862,0.7258620689655172,0.72734375,0.7299838362068966,0.7116918103448275,0.7297144396551725,0.7118803879310345,0.731384698275862,0.7282327586206897,0.7281788793103449,0.7314924568965517,0.7271821120689655,0.7294989224137931,0.729229525862069,0.718292025862069,0.7316810344827587,0.7290948275862069,0.7228448275862069,0.7322737068965517,0.7317618534482758,0.7228178879310345,0.729552801724138,0.7303879310344827,0.7271551724137931,0.7314385775862069,0.7117456896551724,0.7201778017241379,0.7268318965517241,0.7321928879310344,0.7245150862068965,0.7260506465517241,0.7272359913793104,0.7217672413793104,0.7273168103448275,0.729822198275862,0.7287446120689656,0.711584051724138
velocity-1.4,0.6128522837706512,0.5569727891156463,0.6143586005830903,0.6138969873663751,0.6164723032069971,0.5517492711370262,0.6050777453838678,0.6146258503401361,0.6156462585034014,0.6018586005830904,0.5815597667638484,0.6053449951409136,0.6013119533527697,0.5891642371234208,0.5538265306122448,0.5990160349854228,0.60932944606414,0.60317055393586,0.5997327502429544,0.6026846452866861,0.5566812439261419,0.5772108843537415,0.6154518950437318,0.5484207968901846,0.5974975704567541,0.6042759961127309,0.5458819241982508,0.5560617103984451,0.598991739552964,0.5822886297376093,0.5487852283770651,0.5550048590864918,0.5474732750242954,0.562463556851312,0.6052235179786201,0.5781584062196307,0.5580903790087464,0.5520165208940719,0.5815840621963071,0.5821914480077746,0.5512147716229349,0.5525996112730807,0.5603984450923226,0.6045918367346939,0.5534620991253645,0.6120505344995141,0.5591107871720117,0.5681365403304178,0.5985179786200194,0.5551749271137026,0.5663022351797862,0.5582604470359572,0.6097667638483965,0.5488581146744412,0.6003644314868805,0.5738581146744413,0.5964042759961127,0.5974003887269194,0.6135568513119534,0.5704081632653061,0.6150145772594752,0.5667395529640428,0.5568999028182702,0.5494169096209912,0.5507288629737609,0.5907191448007775,0.5993197278911565,0.5457482993197279,0.5532798833819242,0.6082361516034985,0.546137026239067,0.5476433430515063,0.5619533527696793,0.6144800777453838,0.5546647230320699,0.5894314868804664,0.5474975704567542,0.5743926141885326,0.5980320699708455,0.5976190476190476,0.611175898931001,0.5980077745383868,0.6100947521865889,0.6175413022351798,0.6079203109815354,0.6145286686103013,0.5586248785228377,0.5896744412050534,0.5970116618075801,0.5735422740524782,0.5595724003887269,0.6010689990281827,0.6040330417881439,0.6067784256559767,0.611418853255588,0.5461613216715258,0.6164237123420797,0.6052964042759961,0.6075558794946551,0.567687074829932
velocity-1.5,0.6845017929243019,0.6893511590479149,0.6894288053759494,0.6884123443544061,0.6909817319366406,0.6920970155575006,0.6875370584747438,0.6837959172148969,0.6896970381455233,0.6844170878391733,0.6913629048197193,0.6838806223000254,0.6915534912612588,0.6910805545359573,0.687141768077477,0.691447609904848,0.6907840867380072,0.6867817714656803,0.6903323262839879,0.6898099782590281,0.6858288392579834,0.6910170257221109,0.689922918372533,0.6919134878730553,0.68756529350312,0.6859700143998645,0.6839088573284016,0.6904593839116808,0.6881441115848321,0.6917581952169862,0.6836265070446396,0.6905864415393738,0.6870782392636304,0.6895488042465483,0.6911087895643335,0.6888923398368015,0.6883417567834655,0.6880311714713273,0.6868523590366208,0.6917017251602338,0.6903746788265522,0.6892170426631279,0.6895770392749244,0.6864994211819183,0.6863935398255075,0.6870994155349126,0.6879888189287631,0.6892170426631279,0.691454668661942,0.6847417906654997,0.6869582403930315,0.6860688369991812,0.6877629387017534,0.6853347262613999,0.6844594403817376,0.68563119405935,0.6913770223339074,0.6841912076121637,0.6920828980433126,0.6858853093147359,0.6840217974419064,0.686457068639354,0.6876005872885902,0.6880452889855154,0.6912217296778383,0.6853911963181523,0.6863370697687551,0.6889064573509897,0.6876076460456843,0.6918429003021148,0.6881723466132084,0.6904876189400571,0.6848547307790044,0.6899652709150973,0.6884546968969704,0.6896405680887709,0.6850523759776379,0.6897676257164639,0.6866405963237993,0.6906429115961261,0.6869935341785018,0.6852782562046474,0.6902758562272355,0.6877770562159415,0.6860900132704634,0.6846429680661829,0.6849535533783212,0.686739418923116,0.6914052573622836,0.6855182539458452,0.6876570573453427,0.687847643786882,0.6873958833328627,0.6860264844566168,0.6882852867267132,0.6847841432080639,0.6872688257051698,0.6846288505519948,0.6874947059321794,0.6915676087754469
velocity-1.6,0.7361296253734774,0.7586301999540336,0.7251206619168007,0.7233279705814756,0.7439669041599632,0.7524936796138819,0.7658009652953344,0.7326821420363135,0.7436221558262468,0.7591128476212365,0.7228568145253964,0.7308434842564928,0.7650655021834061,0.7612273040680303,0.7352562629280626,0.7562169616180189,0.7330728568145254,0.7511951275568834,0.7323603769248449,0.7499885083888761,0.7396690415996323,0.728246380142496,0.7399908067111008,0.7484026660537807,0.7196276717995863,0.7632728108480809,0.7624224316249139,0.7393013100436682,0.7312571822569525,0.762215582624684,0.7672489082969433,0.7574810388416456,0.7667317857963687,0.725580326361756,0.719949436911055,0.7208457825787176,0.7356929441507699,0.7476901861641002,0.7448747414387498,0.7301310043668122,0.7639623075155136,0.7418524477131694,0.7467708572741898,0.727189151919099,0.736451390484946,0.7249597793610664,0.7384968972649966,0.7607446564008274,0.7520569983911745,0.748471615720524,0.725097678694553,0.72194897724661,0.7661686968512985,0.7262468398069409,0.7349115145943461,0.7229142725810158,0.7406113537117904,0.7217421282463802,0.7294644909216272,0.7223741668581936,0.7626292806251437,0.7596644449551827,0.7272351183635946,0.7234888531372098,0.7257412089174903,0.7376695012640773,0.7307055849230062,0.7268214203631349,0.724431165249368,0.7318547460353941,0.7241323833601471,0.7462422431624914,0.7464950586072168,0.728912893587681,0.7455182716616869,0.7492185704435762,0.7544242702826937,0.7423121121581245,0.7404964376005516,0.7244081820271202,0.7361066421512296,0.7415536658239485,0.7546311192829235,0.7212824638014249,0.7202022523557803,0.7554585152838428,0.734061135371179,0.7642840726269823,0.7376235348195816,0.7679843714088715,0.718984141576649,0.7362445414847162,0.7282233969202482,0.7671110089634566,0.7281084808090095,0.73702597104114,0.7576878878418755,0.7530222937255803,0.7384509308205011,0.7335095380372328
xalan-2.4,0.7997659325460156,0.7944728162570486,0.7905362272582189,0.8008121431357946,0.7902170443664219,0.8010603964960812,0.8003245026066603,0.7986753909990425,0.8012377203248573,0.7972036032202008,0.7911213958931801,0.795545625421144,0.7943309571940277,0.8009628683902543,0.8002801716494663,0.795456963506756,0.7967957584140156,0.7990389048480335,0.7929212327552576,0.7903677696208816,0.7992782920168813,0.7996861368230663,0.79787743376955,0.7902081781749831,0.8006791502642125,0.7994644820370962,0.791945951696989,0.796370181224953,0.7967691598396992,0.791582437847998,0.8003599673724155,0.7966007022023619,0.7908642763414547,0.7959712026102067,0.7957938787814306,0.7927350427350427,0.7996329396744335,0.7935595985388516,0.798834982444941,0.7986399262332873,0.7907401496613115,0.7925754512891442,0.7926995779692875,0.7977178423236515,0.7934000070929531,0.7980724899812037,0.7991807639110544,0.7928059722665531,0.791671099762386,0.7926020498634606,0.7954924282725112,0.7940472390679859,0.7924513246090009,0.7989679753165231,0.7942422952796396,0.7946146753200695,0.7955899563783381,0.7906603539383622,0.7914937759336099,0.7983828066815619,0.7911391282760577,0.8012554527077349,0.790350037238004,0.7934798028159024,0.7928769017980636,0.8003333687980991,0.7912543887647622,0.7950225201262545,0.7942511614710784,0.801157924601908,0.7976380466007023,0.7960598645245948,0.8011047274532752,0.7982143490442246,0.7939763095364755,0.8003156364152215,0.7928857679895024,0.7951555129978366,0.7974163918147321,0.7969553498599142,0.7981168209383978,0.7958559421215022,0.7943841543426605,0.7962637869276873,0.7948806610632336,0.800838741710111,0.7952707734865411,0.7927793736922367,0.7950402525091321,0.7961130616732276,0.7972656665602724,0.7905273610667801,0.7965209064794126,0.7945703443628754,0.7999077916090365,0.796139660247544,0.7909706706387204,0.794774266765968,0.7967159626910664,0.7920080150370606
xalan-2.5,0.6388883025753237,0.6421564143876658,0.6419992823521962,0.6370249980651652,0.645076255942288,0.6483338141104568,0.6427966688008481,0.6438027828787058,0.6355545236436808,0.6432516481274317,0.6400503760615207,0.6430030511757933,0.6360306102586112,0.6475716064757161,0.6384391863843919,0.638582246894297,0.6417846915873384,0.6447361940744806,0.6379021231586822,0.6456180096765191,0.6466006712117695,0.6470943472336553,0.6380522194313697,0.6437652588105339,0.6366521026377074,0.6420532232001932,0.6486175898760064,0.6362956239900749,0.6481274317355116,0.6394781340219,0.6392858231725193,0.6404701765741933,0.6426582987994643,0.6483478856360212,0.647989061734128,0.6429209672766673,0.6358934128843579,0.6415912081108274,0.6381436843475385,0.6453858295047058,0.6377660984115593,0.6370719031503801,0.647368741982162,0.6371352250154201,0.6439857127110435,0.6391849772393075,0.6402954551317681,0.6479280851233487,0.6435354238929814,0.63669197196014,0.6441850593232066,0.6434416137225517,0.6389879758814052,0.6471518059630434,0.6464036698538672,0.636150218225909,0.6432797911785606,0.6444664898344954,0.6357679417814083,0.6462840618865694,0.6455077827262643,0.6474801415595471,0.6388660226598467,0.6355897024575919,0.6373932029841015,0.6446845984807443,0.6367318412825727,0.6396516828371948,0.637651180952783,0.6465350040924687,0.6357820133069727,0.6448698735673428,0.6462266031571813,0.6430265037184006,0.6471752585056509,0.6441240827124273,0.6424495711702585,0.6468445776548865,0.6419136805716792,0.6423393442200036,0.6400902453839533,0.638094434008063,0.6439833674567829,0.6449285049238613,0.6362604451761638,0.6453799663690539,0.6466663383310701,0.6421423428621014,0.6479538829202168,0.6390770955433134,0.6435494954185458,0.6469290068082731,0.6393585260546022,0.6397126594479741,0.649461881409873,0.6419523772669814,0.6442577622052895,0.6372360709486319,0.6360446817841756,0.6470439242670494
xalan-2.6,0.7030625988700565,0.7022409039548022,0.7008479096045198,0.7013224858757062,0.703154802259887,0.7028790960451977,0.7037776271186441,0.7004465536723163,0.7008442937853108,0.7015005649717514,0.7036203389830509,0.701985988700565,0.7030797740112994,0.703265988700565,0.7034874576271186,0.7018576271186441,0.7031602259887005,0.7006092655367232,0.7017193220338983,0.7027624858757062,0.7024922033898305,0.7018522033898305,0.7027570621468927,0.7002820338983051,0.7013450847457627,0.7008931073446327,0.703154802259887,0.7026458757062147,0.7031783050847458,0.7014788700564972,0.7037649717514124,0.7027181920903954,0.7030183050847457,0.7025211299435028,0.7038101694915254,0.7019679096045198,0.701460790960452,0.7026603389830508,0.7009129943502825,0.700274802259887,0.7009916384180791,0.701742824858757,0.7022589830508474,0.7020058757062146,0.701262824858757,0.7030924293785311,0.7035733333333334,0.7006020338983051,0.7027055367231638,0.70096,0.7024922033898305,0.701516836158192,0.7014698305084746,0.7018377401129944,0.7031285875706215,0.7035968361581921,0.7012239548022599,0.7008714124293786,0.702494011299435,0.7031819209039548,0.7017835028248588,0.7023945762711864,0.7016497175141243,0.7024958192090396,0.7011353672316384,0.7030219209039548,0.7034594350282486,0.7030870056497175,0.701255593220339,0.7022246327683616,0.701012429378531,0.7009482485875707,0.7027109604519775,0.7038282485875706,0.7009446327683616,0.7037233898305085,0.7011281355932203,0.7013089265536723,0.7010051977401129,0.7030861016949153,0.7024922033898305,0.7016641807909605,0.7025590960451977,0.7017464406779661,0.7032985310734463,0.7029812429378531,0.7014897175141243,0.7009545762711864,0.7020185310734464,0.7032397740112994,0.7008442937853108,0.7035670056497175,0.7013143502824859,0.7017084745762712,0.7015312994350282,0.7037595480225989,0.7035697175141243,0.7035543502824859,0.7030463276836159
xalan-2.7,0.5740751321628453,0.5729002001601644,0.5743431309330438,0.5745743989073269,0.5722984499604123,0.5735219028910311,0.572128399979322,0.574743995421801,0.5735359603561345,0.5743930122608304,0.574452416387558,0.5726784549848225,0.5727238016464465,0.572728336312609,0.5723474243549664,0.5727510096434211,0.5719946273275308,0.5744342777229083,0.5738461315216435,0.5727591720425134,0.5720508571879447,0.5723437966220365,0.571955629198534,0.5723492382214314,0.5740474706992545,0.5734330234342478,0.5748782215402084,0.5740928173608787,0.5740715044299154,0.5726893381836122,0.574875500740511,0.5745004838488795,0.5719773955961136,0.5737431945997568,0.5745403889111087,0.5721293069125544,0.5727129184476568,0.5719946273275308,0.5733704450412065,0.57370056873783,0.5747580528869045,0.5721184237137646,0.5747312983565462,0.5746991022267932,0.5742819129398513,0.5747145200917454,0.5721274930460895,0.5721524337099827,0.5748061203482261,0.5748446650106066,0.5745607949088396,0.5722231745021163,0.5727310571123064,0.5721184237137646,0.5726766411183575,0.5748201778133296,0.5720417878556199,0.5739010009822086,0.5722540102320207,0.5719973481272282,0.5748455719438391,0.572119330646997,0.5720680889193619,0.5728992932269319,0.5741132233586096,0.5736574894092872,0.5741617442865473,0.5719510945323716,0.5743875706614354,0.5743540141318336,0.5736846974062616,0.5720200214580403,0.5722766835628328,0.5727301501790739,0.5747598667533694,0.5720436017220848,0.5745548998428285,0.5746746150295161,0.5738434107219461,0.5732525437209838,0.5745168086470642,0.5736738142074719,0.5722059427706991,0.5747775519514029,0.5735586336869466,0.5727274293793765,0.5746696268967375,0.5737758441961262,0.5726975005827046,0.5735432158219944,0.5740166349693502,0.5720617403867345,0.5722268022350463,0.5723084262259697,0.5722531032987882,0.5734683938303146
xerces-init,0.7308346270422119,0.7418865971760183,0.7410734087380794,0.6099282915650182,0.7319065572558586,0.6900273527020034,0.6574258889628151,0.7367117616618615,0.7466918015820212,0.7218525911140682,0.675426923929918,0.6305537074000148,0.7364160567753382,0.6545427663192134,0.7320174465883049,0.739668810527094,0.7403711096325867,0.6770163376949804,0.6324388260516005,0.6886597176018334,0.6111850373327419,0.7421268573963185,0.7419235602868337,0.7348636061210911,0.6216825608043173,0.6935203666740593,0.6917091742441044,0.7329045612478746,0.6231610852369336,0.7414615214016411,0.6051230871590153,0.6277075478672285,0.7328306350262438,0.7082501663339986,0.7399645154136172,0.732571893250536,0.7473941006875139,0.7459895024765284,0.6516596436756117,0.6426776077474681,0.6069342795889702,0.6081540622458786,0.6417165668662674,0.7408885931840024,0.6444148739557921,0.724292156427885,0.6636356915798034,0.7186368004731278,0.7444924964885045,0.6260072447697198,0.6466696237155319,0.7367856878834923,0.7266947586308864,0.7384120647593702,0.604457751164338,0.6178383972795151,0.7122052191912471,0.6073408738079397,0.6311081540622459,0.6382789975604347,0.7444000887114659,0.7356398314482147,0.735750720780661,0.605825386264508,0.6999334664005322,0.6563169956383529,0.7356767945590301,0.7382272492052931,0.6450062837288386,0.6130331928735122,0.7040363717010424,0.7443446440452428,0.6480742219265173,0.7354919790049531,0.6337694980409552,0.7468766171360982,0.7242182302062542,0.6372070673467879,0.7416093738449028,0.7361573149996303,0.6516226805647963,0.6173948399497302,0.7280993568418718,0.7426813040585496,0.6782915650181119,0.712279145412878,0.7377836918755083,0.7437901973830118,0.7452132771494049,0.7464330598063132,0.7187107266947587,0.6432320544096991,0.7323501145856435,0.6422340504176831,0.733939528350706,0.6618244991498484,0.6730982479485473,0.6034227840615066,0.7333850816884749,0.7447142751533969
xerces-1.2,0.5997233201581028,0.5890316205533597,0.6998023715415019,0.6573715415019763,0.6003359683794467,0.645800395256917,0.6750592885375494,0.6976284584980237,0.6979249011857708,0.6983399209486166,0.6729644268774704,0.5617193675889328,0.6096442687747036,0.6854150197628458,0.7002371541501976,0.6503952569169961,0.6917391304347826,0.6995256916996048,0.6093181818181819,0.6103359683794466,0.5826284584980237,0.6457411067193676,0.6469565217391304,0.5567786561264823,0.6273715415019763,0.5566403162055336,0.64649209486166,0.5914624505928854,0.6445454545454545,0.6300790513833993,0.6956324110671936,0.6306719367588933,0.5909881422924901,0.5596640316205533,0.6376877470355731,0.6440118577075099,0.6518774703557312,0.5857707509881422,0.6984782608695652,0.5626482213438735,0.6393873517786561,0.6788142292490118,0.6371343873517786,0.6104150197628458,0.646897233201581,0.6465513833992095,0.5826877470355731,0.6788142292490118,0.6143577075098814,0.6468083003952569,0.5947727272727272,0.6977272727272728,0.6903952569169961,0.5968577075098814,0.680098814229249,0.6002964426877471,0.623794466403162,0.6071739130434782,0.623201581027668,0.6227865612648221,0.699397233201581,0.6468577075098815,0.6413043478260869,0.5567588932806324,0.693498023715415,0.649604743083004,0.6394268774703558,0.582707509881423,0.6898221343873517,0.673300395256917,0.6378656126482214,0.6413537549407115,0.5970158102766798,0.6324308300395257,0.5909288537549408,0.6375889328063241,0.6959881422924901,0.6376086956521739,0.6997826086956521,0.6259683794466403,0.5574703557312253,0.643893280632411,0.5646442687747035,0.6006719367588933,0.6372529644268775,0.6573913043478261,0.6121640316205533,0.6504743083003952,0.5892292490118577,0.6377470355731225,0.5859090909090909,0.6006916996047431,0.6079644268774703,0.6598418972332016,0.65
xerces-1.3,0.8253211177069394,0.8370792300037745,0.8429354104473344,0.8176120051699093,0.7996374200780062,0.8370334785940592,0.8378684418213637,0.8429239725949056,0.817165928925185,0.8370563542989168,0.8426323073579705,0.8203685276052568,0.8264305893925357,0.8254698097885141,0.8455318029486784,0.8245204680369214,0.8380800420912969,0.8279060723558544,0.8356209038190989,0.8343055507897837,0.8259730752953826,0.8259387617380961,0.8439419414610713,0.8254583719360853,0.8370334785940592,0.8376682794038591,0.8378112525592195,0.823147925745462,0.8443765798533668,0.8001235288062314,0.8204028411625434,0.842597993800684,0.8359411636871061,0.8198881378032461,0.8380114149767239,0.8260188267050979,0.8384860858525204,0.8329844788342541,0.8431870432007686,0.8325441215157442,0.8256642532798042,0.8376739983300735,0.8173031831543309,0.8440563199853596,0.8340367612577062,0.8361813585881115,0.8391837948506788,0.8381543881320843,0.826407713687678,0.8413455489597274,0.82019124089261,0.8442164499193632,0.8202713058596118,0.8183325898729255,0.8368561918814124,0.7993972251770007,0.835883974424962,0.8416772466801633,0.8201111759256082,0.8000949341751593,0.8433814866920587,0.8259845131478114,0.8264534650973933,0.8207688524402658,0.836147045030825,0.8202713058596118,0.8278660398723535,0.8371364192659186,0.8443994555582244,0.8351919843530179,0.8361127314735385,0.8392867355225383,0.8387663132370267,0.8360898557686809,0.8325784350730306,0.8240743917921971,0.8325669972206019,0.8199624838440335,0.8183897791350696,0.844090633542646,0.8204829061295451,0.7993743494721431,0.824211646021343,0.823616877695044,0.8373480195358519,0.8199110135081037,0.8254011826739411,0.8357924716055314,0.8202484301547541,0.8269910441615482,0.8395841196856878,0.8373365816834232,0.8457719978496837,0.8202941815644694,0.8364901806036898,0.8241087053494836,0.8002321884043052,0.8395154925711148,0.845760559997255,0.8376282469203582
xerces-1.4,0.7644184866929228,0.7530305355224797,0.7433144937172864,0.7672508226348184,0.7669098341090822,0.7454723117317102,0.7657664569587234,0.7669599167987997,0.7444855761853614,0.7431940821441358,0.7424918588989481,0.7667659795747873,0.7611711037798579,0.7655181746884218,0.765386041634699,0.74131598127973,0.7587447573014168,0.7643652072357765,0.7398166973556339,0.765928426508448,0.7659071147255895,0.7527801220738922,0.7657376860518643,0.7672476258673896,0.7650668976863928,0.7226143590268187,0.764787180536375,0.7647125892963702,0.7655959626958553,0.7673429960956814,0.7511316556697867,0.7505530407651783,0.7667148312959269,0.7634488005728607,0.7514864968543808,0.741309054950301,0.7647637375752306,0.7603894941435221,0.7670760660153786,0.766970572690229,0.7459241215283106,0.767283855898249,0.7673792261265409,0.7404725674731045,0.7533827127342165,0.7419116456106252,0.7418977929517672,0.7466780258469302,0.7459187935825959,0.765528830579851,0.7399253874482123,0.7651452184883979,0.7614449601895896,0.7650088230781035,0.752091218692991,0.7674282432271154,0.7578368753516445,0.7587639379059895,0.7655346913201371,0.749905695360851,0.7467089279320751,0.7650855454963941,0.7658495729118715,0.761611192095886,0.764692875897226,0.7412962678805858,0.7413681951477333,0.7535047226910815,0.759934487579493,0.7616634059638893,0.7599653896646378,0.7463876528054831,0.749029248290795,0.7674229152814008,0.7647946396603754,0.760911100028984,0.7480212009615876,0.7615030347978791,0.7661980205616081,0.7424891949260908,0.7637908546877398,0.7642282790309106,0.7398198941230627,0.7615397976233099,0.7643097966003444,0.7644056996232077,0.749885981961707,0.7656215368352854,0.7667585204507869,0.7448553356179565,0.7391730815133071,0.7431258844389886,0.7463727345574821,0.761538732034167,0.7511348524372155,0.7439879460556152,0.7422345191209316,0.7437844185293165,0.7647392290249433,0.7521551540415665
