ant-1.3,5490.4636634939825,507.9630326071091,961.8756978454827,1010.097564981428,6524.307142092735,528.9681116622319,212.32909139581068,443.1374657018665,416.7699490135876,504.1601685393636,550.0520616820254,498.40181999864,493.51513739594304,427.1597188563766,525.6186796130962,537.070723455053,427.31255555502617,234.8333375870844,516.7158577208114,674.4733304156962,995.224183660956,492.50638862231443,507.5903657564844,253.35551621422982,983.8169398041778,6604.857657111613,434.3563889124507,309.50914219742094,234.75792963255103,233.1289990840531,210.79323252397242,928.9706046361589,310.88213883438664,5765.064697146571,234.8333375870844,490.68797183172325,307.93828197211707,210.3958766780077,492.6919610820625,5422.99257981967,6445.7218664977945,243.16357738389868,450.76816782247136,225.8056526139129,615.9595073307185
ant-1.4,268.4586636855563,280.9233405161219,6682.09315953776,352.30145990134946,6152.715364124385,347.92094917933593,6213.933099822694,479.13055677974165,131.02023145571275,352.5966149547591,324.9112735836664,563.4523170212501,224.44173820109043,318.6213713577986,168.42443311856096,253.47849651649946,478.37739587072434,337.76593544214006,6424.219525312717,333.60937145826244,99.8193245044815,143.1386043331458,351.4649776165224,331.5629511649927,6208.870591899838,277.1489985086673,526.9630986016952,555.0614267205357,241.87540547800361,526.9345180904146,2805.853881820137,105.6138173492753,345.42109197914397
ant-1.5,3351.4932014983815,3788.20154792631,730.870025062932,4257.397877105405,830.5871927758554,2163.017412329644,746.8476257214818,3288.7205879693756,6452.391496783545,1015.0653566844005,894.5861981559802,534.1038864108443,604.1606753808438,1045.16243198865,792.4515401924406,1993.2049009535733,1479.136660333662,576.407363167537,3285.2502535401663,3408.9781914454993,947.0319048151904,703.697131069841,2359.649687145168,810.6215366249874,3400.732820898357,1526.3818295913254,7598.955545665573,3354.8647165547663,805.4623348747511,649.8732452117779,1470.3866187544622,1045.16243198865,3738.767862133684,967.0570708785565,6399.680222696401,6275.873101732392,615.631534848687,3425.7726497823273,575.2261544516175,551.602580825703,485.4582753002966,4540.432528853675,730.870025062932,496.33966921234475,1419.9673220599502,474.33213469894247,3825.2257673608033,736.8384749537269,955.7570135498005,1085.8550051516586,730.870025062932,3343.303000576867,2112.6650303130123,6149.7010026633925,818.366601128902,2423.365782847492,894.8216188758443,677.997805155376,966.6199749574588,1552.8924058621408,470.78507251985127,485.4582753002966,804.9358722321596,937.1668053270896,2016.0733098779651,3400.732820898357,3400.732820898357,750.9841175728731,523.5245676781456,605.3583057433525,485.4582753002966,696.9833221867594,589.3215056414557,603.6888246469795,1159.314882571818,3376.945643013175,3344.6385758827487,874.6521268299545,3629.1946067533086,630.1755691963997,1048.5079723970941,683.3435580505245,1596.7263739551279,627.5111764322195,485.4582753002966,4173.666474314574,6197.991246934234,6032.889714857867,4169.662066264003,3343.5014665225267,3276.4910365242695
ant-1.6,833.0971594114444,7075.794276777972,341.5873333664568,2801.0216955539854,3306.586795745253,12875.01349168378,247.20589297804383,1887.6785673623808,6654.124157714628,5337.513972512703,3355.7653403734453,10680.675732186051,19729.430782023588,6495.429592506645,321.06366803891245,539.7646901845775,432.11835313349115,5950.511905482227,19408.143290151333,296.6318903332419,6316.9559372800995,8519.217696715425,8862.61442479944,635.3491483633543,2103.294181335643,10981.260994727394,8111.3504567396485,364.55197982485305,14425.13303718087,1924.1283645970518,8699.55653346416,275.75491341606,1759.5802388096065,3040.883245249075,920.3815564895359,317.6025747341093,14152.748311719844,6298.491140703206,315.52164965407457,11050.457231775194,4808.675890458842,583.0459229859035,15133.624930013126,4286.080212827567,326.5177581716786,12819.35635491109,8618.59946971839,474.3924827080647,294.5714096060015,313.20883028338164,6159.9017380880205,437.78801541528594,2959.240402546603,293.55214827056005,8116.976855416835,8779.194772350442,19708.811886848525,1940.0225242477832,698.03768760791,998.8275171136105,7116.334731163668,2396.5466134186204,294.5714096060015,5917.349360049975,885.4674454532237,2040.590190728172,10046.229179944708,2707.0570402789044,372.0540609179894,304.53680324577766,1061.1672575797247,275.1359150160763,545.2315899691629,239.18553894286026,10153.01624522574,8453.512262550352,291.34123439097993,14106.176446152649,2887.896628420419,5199.5861000172945,271.64913205061197,12946.56934333271,474.00522408036363,5100.958801617579,6003.400502639682,7980.052133385832,366.8490343934298,5145.088645429263,350.8646690381087,261.0891946964598,464.18725781630394,19322.46956805268,6404.346376449032,2439.561140177369,377.62034907706493,304.96329388478523,17657.07378193172,319.21474140429217,361.9436156781921,272.454923349461
ant-1.7,10936.937741348427,73.0388571190513,10879.391563969795,2021.9431791617833,10792.147423202758,105.13194178402016,531.6105537543107,79.35117651290606,10537.808798640992,7231.245686253769,2061.986989154453,219734.27419376388,15268.995357820277,61.11855300887952,4483.242983906659,68910.58983413874,11256.652163673225,152.35826592140924,154591.60281368694,13667.765949273302,7248.137349651562,9459.524786999758,1945.7248696904717,153.18222009821056,11856.209160702378,60207.36176280026,10991.246151579917,1135.070903912829,3481.2078956540336,30.535303947908755,3805.384865342601,41173.144984328355,10850.664259443469,150.76392117627958,10792.147423202758,24799.168650267176,212266.7539389675,152.63526466305993,511.85032081899294,143.01393052066499,11552.86004332638,4178.220832950754,13655.740766246767,1176.172084212396,2070.045665065478,2023.7095548853933,493.22539629799957,612.4487472160572,489.0236961827032,140601.65482667892,15973.315392733655,5291.73400444648,24.762069833538963,2325.5231760342494,70994.44772382021,71076.27555164367,13667.278848093238,24230.00690959855,479.38730245459504,644.1479991300104,3551.4199166422527,464.90708302073557,555.9120984942151,83.58791550823123,10829.522151222152,143582.6127525038,233871.8037518498,5285.912414460095,11802.1164777258,157225.17101293692,1196.5378166679131,11212.05937552693,13771.145521040406,52.133488955744475,79.35117651290606,11524.862948714937,11711.42697424907,1904.808936899048,14615.510163135414,154591.60281368694,10690.428748492499,699.34616865221,953.3754804397283,76.00916160640556,77.99694408645462,4543.689669216838,11031.458694517898,100.23080145003526,24010.672660218024,11023.341323649845,561.8917711257074
camel-1.0,814.315014786056,16832.313968250644,12955.898470458522,2147.856315997131,750.8244042052105,1002.4721083562544,2039.9571226047833,14497.261343015725,2146.86418507353,718.6179600729027,2039.9571226047833,759.3847561057427,688.9996309965472,1478.8638904586537,1146.5647628751449,1094.0348102184732,1013.9713532382411,2492.7224319358247,919.9814830304427,1169.1182539703386,13322.666919374256,2821.969815510321,2118.620681402791,2957.4236259492177,1296.174182985714,794.7711349063952,1726.625105595302,1938.774732676972,1266.9112422911624,2612.523496286236,774.2105752151151,804.300486826569,746.36416240974,2765.1476989979806,1650.0629997338638,13193.462671729849,1849.7080049468157,1665.6534101369782,1497.7209053564854,2052.687835455105,13511.906524793896,1707.9651996490236,2088.294575264593,15230.331062519967,15395.99756631142,14626.111084133025,1372.0934787813385,1650.6999031874127,1394.690136245564,2506.1689560691125,1692.5672578353663,847.5175951855002,752.5442647111337,2106.222860866397,862.1223234064797,1093.0224033796544,1582.5960593688972
camel-1.2,2455.3116582140556,1098.0792302175278,583.6776154849604,1423.8381998262453,891.5210295897617,563.7533238857956,1691.0933111731856,679.9751264613587,1310.575191265375,1262.655309390192,378.59865249934785,492.1249730742721,492.4043273972625,1114.8545253150774,937.2799811750439,324.2975531198285,973.3094156035824,889.6837691265188,884.8622502744452,410.7735820205071,1356.7342685049728,410.7735820205071,919.1992801912202,561.9230339996012,1114.4457113972826,1234.9649313933187,1613.190901942228,1700.808908006257,1516.4305091159204,395.9930423614208,1017.5022849525776,413.88721868891275,331.2981617337353,561.4201484073404,718.9247735079949,412.55526035230787,982.9063095520614,306.614717882067,1181.2263397939332,1359.6354953309046,324.2975531198285,1341.6184364630578,902.4058804574788,602.929228366001,562.2984174261835,1105.9211389918498,1082.6064426823723,1448.617773000566,1443.5407268793313,1956.6601346437276,2282.5157213300463,982.1749237154116,1456.7805030952022,1006.6079153498795,1261.3333659246061,1600.3097039648574,972.7595031877867,1372.996551237785,1573.6980958126514,962.590916410787,1418.0679637327432,1361.168510191043,410.7735820205071,600.7089072121207,1404.1281163483698,465.23277588137734,1114.5381043857576,1104.9353752413606,2569.8871450183033,327.18745162648867,1537.4235510283957,891.2983208088441,282.2036705825775,930.8385560344507,611.5856907676232,1837.0059142359096,898.3965393732349,1909.8927047885932,1049.0255221885739,1243.8813102442236,985.1380242705307,2468.827780584123,287.50818580753196,1361.168510191043,279.607297512122,891.7125889390414
camel-1.4,405.2613575377125,323.52242789384434,303.81786061118413,300.09335363984763,517.5285806809711,307.5535218588599,932.7586549133964,448.9931450244109,858.0787962673677,516.5195182005937,456.435978137503,427.1763563778705,333.62248956343643,2.260810666179807,336.1039682612587,496.77431904364147,516.4503528061158,858.3074304077674,321.0608769645478,951.9997090870105,9.628685882749183,468.0462778071542,687.0215337000514,903.8616094133948,852.4833130635697,323.3697050659968,938.976014319839,838.8078347062158,938.6633577109485
camel-1.6,825.5761095130014,1988.3039640484858,941.516472935915,800.3777691180949,901.9047103518642,2654.619720211305,791.1576690642855,2133.0191121100893,629.935097454413,1751.0836441268723,1201.9032521767383,3832.8080779147735,4745.13604755387,2842.5411599493855,5141.978387114644,838.6427912634132,629.7555429773705,1042.1597323009391,3632.311960202694,1756.7077325058306,899.4013990182066,800.4206778704099,2791.303197150966,1417.874423648543,2051.1128249709277,7635.22936310471,906.102326034011,9708.40057264478,875.2276834197007,906.102326034011,1656.0704648906385,13166.032266830185,847.6595390507085,1814.9428385746862,1766.2902267744919,841.8341254604791,881.7863013672282,1958.4433892422796,1091.561393870218,5299.267587356785,1988.3039640484858,2170.8198729922306,1988.3039640484858,2583.611121755567,722.9209185709686,3774.190843137787,685.4369729391843,9447.114134522419,838.5259586834529,4966.634980378877,3833.1719582323544,1080.5358593293984,1671.9165556961439,2268.017260244842,1822.5263749819776,621.4817691844818,9519.602344309229,814.3630400811165,906.1472500756757,860.2869222093673,774.3993723485197,770.9765373833864,9572.641749516115,11001.353436134277,1428.756436458075,837.7661665571146,794.3352087380194,4955.876509845076,1239.5399542509106,5000.639075002565,917.0115862875897,932.3968979510881,622.9807861722333,3731.5505519004478,674.7737669740462,749.2060276401091,1195.550455100281,1372.6289020889824
ivy-1.1,2792.455606721823,1734.6444301957763,1241.0817051141123,616.9655172505019,44842.56701755238,44391.677723181114,10195.159972713735,1195.7530527898696,45912.46884051761,961.7190663192963,44902.49856195721,1114.9057137411246,573.4346784615378,977.3898698272822,1773.8100319040218,951.4670940261849,45031.13321816883,22625.480214908162,22338.852354594965,2414.5125484005184,42933.45943294111,4019.62074933285,6580.648192826496,644.3915231608759,12097.460406174654,840.2894645820012,22622.880792866425,9955.10148313339,1656.1221859589152,12097.460406174654,939.884771567201,16869.709073051854,10320.518561988652,593.4889278430215,8583.17922646422,4955.998878298787,44046.341808854035,41918.171860542236,1816.266508244613,979.7977264488178,3056.1991304507465,36330.85347176038,3440.6835229902154,12057.1595574218,47760.38303631216,1561.506070092105,12097.460406174654,11318.02271056539,1070.0093779368412,963.2774734654058,9631.013615594815,3573.7859091719597,1142.28920268799,20284.710458007696,14855.300915515285,36738.28028236249,28707.94860258334,950.9520226956363,11991.024081039941,1172.4717152792423,16774.935701440663,9504.078222693719,838.8741668455306,594.6328222704068,575.9096133524313,11014.63536309927,554.2233959601398,1562.2562460718682,7541.503544288777,11490.491727565523,9971.038060619641,36728.25978054494,1167.2741013887567,11110.320147706447,933.3363316255043,4782.406726616453,703.6917852121971,876.4645425418876,711.8165649660888,14905.846477215586,4196.162802636465,1352.990012328947,836.9769396066155,1024.596404636233,888.5192437372218,3143.4703323759873,6404.466741330972,950.9520226956363,2425.30119557013,8816.994956509956,599.7621782773863,2688.2207731587728,1620.1125376870048
ivy-1.4,1337.3286757743595,3885.857033222816,1442.3410016028377,1619.4553291194566,1927.133652511786,3650.5507327373803,1050.6832375372137,1313.2411051365577,1188.611306496194,1336.5104458179253,3514.1133471235817,3803.107459309512,3803.107459309512,4060.9498420308905,1922.8117500569142,5334.0787279293445,1628.6553390770612,3338.388567374463,3483.244361578508,987.9867382533025,4214.6345461163955,1449.0769378704513,1039.8020502502263,4055.2069049850693,1039.5938213987572,3505.6563655697937,985.2485446442175,3642.5245512461624,986.1229866327545,1250.3288078081073,3719.8825834627273,1054.2581499330665
ivy-2.0,2317.77170422397,4153.632933445007,2166.9714731720883,2552.7028480250497,4227.732264067737,2855.9552833489684,2628.455992546115,7302.601028021268,2155.678675293933,2736.446497188689,1984.8564535921978,1797.8514926386786,2444.9886931925403,1680.166913079488,2156.107718893157,3162.962106921582,8073.602084235,9691.640684241971,2922.5103395414667,1907.2608385065694,3336.037578088581,1849.9642198139634,12544.869273125396,2860.876465299241,4756.814801497083,3404.1681677590295,15774.519903660308,1608.505369027833,2701.7351464792923,1673.5917883497607,1403.1569632447247,1520.6926346822447,13876.929207282961,4592.32627644032,2137.9491638023296,3107.1764544147036,2088.29920692516,2636.475623589808,2286.135635754093,3159.324782787563,3246.092700350293,1839.4796634205059,1724.1557484203527,1677.3839543988179,6980.917206696031,2132.5606891905622,2102.412710727634,1778.1262489341818,2060.0675875659217,3468.6667096570304,14640.176783289528,2053.3984519728956,8531.69411477689,1755.1782656808841,1473.7129589248875,3697.5887170851756,1927.1264216320699,3278.2537064681765,1664.6758286434097,2533.390768256487,1839.4167645817206,1688.935324283074,2379.5044453983132,1867.5994267718263,2660.955466872511,2952.9823205040193,12559.317325142414,3808.280610708254,1724.8128729495259,3468.6667096570304,2131.8335236197076,2348.2547462807374,2391.7952612208496,12528.97961083362,6550.852447370416,2537.6258500317313,2985.3300944089933,1977.085210487203,2321.965866299097,2464.638526000462,2794.4150268156013,2906.0623294258958,7410.3273906921495,6999.930649517639,9243.569828091962,2749.488310539687,1850.995727681087,13719.460335810612,2149.8270392001396,2342.3677779161703,3179.3572241846923,1553.7636075371433,2235.2518617785026,4265.00939907411,3349.8650437392484,1971.74238489713,7291.935400279911,9193.584585353656,1675.8118700518621,2050.087717721537
jedit-3.2,1329.6167290777685,334.91813226917594,518.0585795136216,234.65823758104295,17655.308712684284,215.82511095366402,265.0217546730559,20610.69249694362,581.5240950828511,24299.107444509616,497.03159635828825,768.9021983846814,18033.100164391246,26039.80901389623,662.6357317148926,1579.4615503825617,304.8145179049934,653.9278032410775,18033.100164391246,22518.84528395923,849.9288025349002,336.84890536539035,16891.326981916,570.4683007651686,15728.237191232429,523.7664979799944,727.0547427182915,497.40101663128735,202.10815008817633,1332.3957857938785,18003.726444326116,176.92200700513203,1599.9813505010761,178.2870952121401,23180.287342667692,28772.590309423107,475.91489729791874,334.0931981743779,1736.9110949612455,16650.72150037229,20533.234988785644,20668.48890033426,1814.7163706168776,292.5936192251334,24222.414362345135,16999.25886699786,20337.407706575967,18033.100164391246,201.26548899219517,292.94551825951794,357.47384419824374,23895.074527907207,16921.219250669805,490.89316986653915,24881.89724637396,24007.524944938155,804.5713931949739,207.8985125744802,198.68917936827208,436.2222680747403,274.6654455942079,189.47689829519925,1733.7685383348773,760.6153979577882,17974.021621066688
jedit-4.0,24.134833382682846,1390.4262962955045,10553.835897298282,15829.287457612209,1232.3547433258884,18069.19084010937,26424.311116860426,13631.514814289756,16523.407188641057,19290.800982872355,17003.241551010582,18907.96629409697,14067.001388114353,25181.89874832567,21611.289212041862,62.68073450235437,23338.25014541223,18221.38332988105,21225.324294954724,29.374625058616086,16504.21868176773,18858.635256831083,24914.44498850015,308.95743015771893,21.81874452267671,1390.4262962955045,18905.725124851284,19041.313837174384,396.63986987103294,1098.5362832887208,19216.28646500253,14439.9912984179,14804.24542047678,15644.241021453507,20.382123840938778,1733.0525246365103,16772.884898629516,17014.49313314912,15680.206507722345,1352.3247652478206,16645.963746245583,24518.521132211954,16835.633701806946,16314.19450600948,83.64870533360293,17830.906215076215,23290.595106413904,18883.35571780849,62.90037402933193,18858.635256831083,82.44815349910039,16939.263624793904,1600.2199254552047,19310.322955055828,19052.04968219906,1390.4262962955045,25187.44821124183,17848.557521640556,18068.293879070778,16997.32091737696,16333.039472439199,15642.421728368921,1611.4372226248536,15410.548720685454,1326.7714405593852,15242.14545050198,13662.381946381485,23298.551472520918,21010.19334007286,16913.659255757557,15457.448216667291,1382.6452031522572,17861.820063277835,14529.93502016556,15830.23399815028,15159.060923285859,196.1955090301179,18829.298437839803,14184.513656644625,396.63986987103294,74.3583965191958,363.1501760254042,62.68073450235437
jedit-4.1,678.5522030498669,698.4203656782372,6758.321630487936,7191.5714182432,11172.332024550838,10577.73184862387,699.3905908388523,258.2084099330286,95.48216596267501,10922.693771051658,12595.87437316301,757.1631253692838,602.5223847146983,12621.714785878728,556.744392572412,84.34764349435306,750.1244328831698,14184.031354987499,4313.39241182924,1164.836648004944,8460.138394068601,201.04518565739926,21.109435213057548,602.2068342206804,89.59463291689094,553.9499055494714,13599.626392965503,253.04995857031145,12614.609340617062,86.77159287434796,6758.321630487936,5896.664435713971,10928.068811018586,1166.2035905550465,259.0272746968679,10599.910303432407,6892.5965320684645,555.7899706191055,10758.71014198604,10645.39420551812,766.610938631238,94.70481671035306,77.28846534093124,156.17175164123978,4868.374563982163,13738.330943994495,366.05403542304197,10031.986559030744,21.183788266549453,202.9240187137445,86.70468330158178,7730.841084569812,8738.59324144218,13719.104583031958,742.8249763204763,10542.591756157697,5309.685090435389,1159.74770793377,796.8336518943122,621.1331969036748,6721.148927610645,5661.1427456554,12987.384431754499,7743.61451787553,10345.03898782478,7268.881800592029,10764.354698911413,201.24711519101047,578.5480119957199,8738.59324144218,83.67157807087058,4494.397038292308,7176.648977114673,4925.580784278438,12167.174923278828,8451.254343472863,44.393455159487104,508.57513827600576,4229.5217928212105,623.7977053268929,941.3631559776964,13539.873130822434,22.06505410633622,1093.6934611423062,8782.097758893658,10713.086440642588,5820.50574882548,92.60111650288788,101.3681202532673,8810.579201628483,10499.788592640472,13738.330943994495,757.966110069924,70.06594050152083,7418.240818602548,684.1183612367637
jedit-4.2,255.7492344985347,724.3589269243909,845.0791490415389,1075.5014575518167,259.789186193218,286.26529636961794,889.1858667386628,244.0643113369927,262.09800177465945,335.7945515279857,316.61548484180514,448.02009892028275,299.99948355495553,943.3737490339238,318.0267568429342,352.14376182795735,418.46738915325903,816.697740276157,1264.040036587022,303.702206785574,504.48972688191634,208.28533025966198,302.477650146475,259.73702809754394,233.05196898197073,283.53624839655765,306.8465028836088,363.607290385418,300.35123744530324,375.95511816111895,1257.6409936565112,315.8731914770744,1256.5413631346664,1071.037900969438,473.4213168458973,1134.6758970678454,667.7243272293276,934.8500133561981,368.7824256773759,581.0358626252824,244.57404735541755,358.0955903199419,845.6237614819755,541.4642292217965,287.9254855757304,277.8469152203924,285.00941232058966,540.924596892885,1366.8340199222707,232.334032137065,270.43217167684804,654.3344579160054,336.9408476257396,229.72878289875948,339.483287067684,534.183977935944,813.7502868760466,335.95153848713795,569.7652831160594,528.5968461123497,621.6550418563044,244.48964055910483,1061.5865918457469,1302.3051010869872,254.2534543463555,735.674053161022,674.8966829929976,226.8781457037656,724.2707051302332,517.8338530701359,505.41941480748693,805.1903907288975,234.9050233857097,1305.7154349643909,241.65922644150623,259.35359154607954,728.0400046495495,1145.5188750766151,337.7543441178911,270.7133973919138,1095.5035500272809,472.156571962676,283.1261515901322,346.5317851775574,742.3255355808626,561.5043227614983,305.65364617915463,1097.0641678975512,1119.2340544755223,337.55284602948547,425.40314537340515,1041.1750108764998,422.1217917699658,881.5090696592682,334.0199365150637,342.82676217603694,1271.802486969047
jedit-4.3,18968.410369166257,4484.729887162971,19508.043906796767,4226.769132072226,4480.803064663633,34480.625647147084,3315.4662888917564,4518.886086865703,4341.067852244755,4735.409598323859,3571.009849534358,15689.695640752876,4973.415286594434,4312.031016455723,4419.437119633564,4569.297768486216,5070.931441270554,4325.962111715133,4745.785337147032,4851.781586160961,19767.313039267803,20466.241041027828,3247.628292453038,4861.690653034601,5063.2850550359335,4438.293024850875
log4j-1.0,352.52329862476034,33.78673448880647,112.08348589440939,96.87798161504038,329.320376387993,104.99949463379795,71.01279101000267,38.179161997627105,36.5456349291308,71.80358622036836,46.24883435431226,344.8044079098969,387.9942747645852,593.7620800437097,86.97007854338338,34.335622229256494,452.95096138507915,71.99771454927105,56.271677998924254,42.239661356854775,28.829343983962456,56.271677998924254,90.84602620809937,41.24506053025029,27.597385107347367,32.36153993230484,403.38728345877837,118.70647754958536,64.44850587478658,33.44789598950134,34.34046177992301,365.72016615776323,479.791112212131,36.87902058922871,589.1953582787859,74.64068833576636,108.01912382214934,28.942699526341226,97.56568642782005,405.2207196187376,383.1339199695389,343.8684586201984,80.10746217870987,36.36180354413342,76.59341234414431,91.19573247874412,53.52940669051,28.143138847155377,34.25372368919483,407.06171287401844,30.24691619547668,344.17737739262367,46.28178279756693,47.2034849529923,49.04817232988736,276.3879982102116,27.557269295343502,28.61500847112649,343.6231894100444,31.1481060937532,27.61620944489029,118.70647754958536
log4j-1.1,660.7821190184812,1994.6506497412627,7242.953368369752,7220.5179094794685,6842.284330099052,365.9387594646079,257.3458772611244,1986.1695186656325,290.26937018819933,467.85783088777464,946.0272239180406,1129.4775599114776,2007.531114897279,253.81593655124655,7949.276507371382,3103.876281218057,3447.4371712136594,1841.0674404509998,6146.912251820787,2728.3172763374555,365.8158761261018,6842.264871368533,238.2727029704494,1786.730623283084,2487.296839986799,303.8272487977695,344.6379955082234,2004.941776963589,514.2752603063733,4934.293401686324,412.3778601422588,569.3539256867991,515.9382756894321,384.48516846762385,2334.7473068401046,2198.1975829279513,145.00673981856315,294.03007182746694,324.8010870661689,171.6868129370825,3466.4463672868937,311.24264505696664,2769.86220814137,461.04380339793056,6257.327135943828,242.19389472603265,155.397277605898,836.2555439299116,249.63768650084714,2327.1892035432684,8098.58820131507,1661.132312749885,704.5036689479272,7036.479360657713,2156.798912693148,6316.076739045371,1711.7302244790965,348.3337143295943,365.86431479304457,3908.1024326968927
log4j-1.2,921.2861775406324,1675.76262004377,725.663761073931,1110.107900155286,996.7104853294679,1876.800491563778,957.2046057157361,998.3081511682794,629.4317659612866,1300.212669697728,824.6994143286148,1349.044182037637,1194.572563519469,687.13581727246,1263.0388701253312,770.6699627751746,2834.9261465375403,725.3844898183007,1041.5821697636227,972.3032913453719,1338.7196745987305,1458.7389527463442,1236.7373479246198,725.663761073931,1875.8427869503791,889.7750896540123,921.2861775406324,820.0258629212451,1418.122095742124,1875.6378551644023,997.535565155448,1707.2035046269118,1075.652085611798,1210.0402831812066,824.9100446420648,1316.6546212664464,989.6314822092471,1033.2489529885613,921.2861775406324,1255.4394732845667,730.5769569556601,858.3559316344787,900.3059715251391,1081.7986152224373,932.3938735231173,661.7735493350729,653.5034637380661,987.3830905829697
lucene-2.0,5295.414607807315,387.56136541215665,1125.3205680452727,1054.3434859085762,515.1532353276532,403.21170162354554,611.4894598696352,1049.8352815497733,530.4050210728315,772.4146066477546,3511.8306527271006,3342.629269985068,5064.04427854956,7310.753631509404,1345.4489052246056,1394.944177589473,981.3275325754533,586.4828149721261,4590.486310770701,957.3463184835384,4622.126785110588,905.8721666375336,1406.6406259158116,957.6267125440907,3380.3891880590577,4735.918801713814,854.7118826838523,1127.6399493046742,4699.232077719883,1121.1856453256541
lucene-2.2,225.92190552141193,15836.654934760967,239.72725036210656,245.37502668335603,15877.22845314151,5045807.599774414,400.03171428439174,15202.674766769613,390.48561016797066,1262.0746154426008,391.5385774642335,120.31490934707313,194.68582268872947,144387.85644467967,591.0704465300529,109072.63028589694,5965.8464454014265,1367.5844462903822,403.3806405084312,16671.296170579437,10435.054631905072,271.2774183596515,6037.748017646483,1367.1043276374237,90144.54828422573,270.165188318582,5242079.80052193,4853985.950225772,13095.909652076556,243.54837862167201,10427.548931069381,5118849.269570153,99.67496704504221,14204.10464412996,1317.397817174117,4062433.5329347793,10371.465688541224,15524.714477433758,236.92345021418944,5889.048475629166,2021432.6357758427,279.83758447497087,10378.216211140885,1276.6942320351461,503.7432572017533,107.816005837361,239.72725036210656,95077.10550677378,16220.306202318152,106370.44780398149,1589.5422230939425,4307868.7302661035,16671.296170579437,2045587.4281283284,1546.416836641558,229.51975616483585,247.55179402961897,345.87526917448764,299.4446685533032,225.92190552141193
lucene-2.4,26959.86792924214,20789.621737115045,633.2811894644271,32892.67580602036,47176.61864118003,4265.6677640773605,1060.6199692510588,26723.21986600889,34277.57259979188,21754.611237163994,20612.95373945135,2644.80098111552,19712.294587620738,2956.0432136224113,21591.54651171299,19051.83390549255,19219.08161428913,37724.285824047896,23156.62713387412,2624.9878269731603,14354.468560875062,35220.14142755237,2599.588558978783,3202.085136628408,13278.636308730456,1168.8421601159803,2541.926160406223,4057.857562739521,50165.56120130492,32550.233847601427,32892.67580602036,31500.107456956375,778.2660123157883,866.0963115541794,877.7546054393758,34081.4480899741,32892.67580602036,27246.61780483044,42513.48689362714,4336.672200112614,38818.00033688431,948.7297690234375,2978.9605537765487,4269.93565859825,21307.67760995419,27140.70334854131,25294.593645486508,2410.355593033987,3041.960299012851,2583.436016121144,672.8762661725443,2961.3445352195777,19249.96300590679,23238.7981154495,3093.5191068523864,47181.42148244927,1305.5543897564933,20044.858828800458,50275.917170686924,724.8196438965688,1072.65099135501,19072.42542541479,2490.057641714704,2503.924238196468,28568.442226635983,2902.8479976852095,920.2739597635099,2586.963437919403
poi-1.5,6607.768533680105,2213.9448148639126,1581.1839398214695,1518.215322610754,2816.457588216046,6830.433733096757,7081.452127670399,1468.950660393963,7081.452127670399,28271.533913280837,6999.431841326388,6929.6158615465,2134.8070024934345,37901.566650559915,1671.0621526976424,6295.730266575499,19206.030412626198,7156.45960677749,17938.43515589833,2122.7865221184925,3942.1437175527203,1434.810464063259,22264.916026729392,1607.0346314720384,1442.1193290049202,2316.87166978737,2163.506339988684,1581.8526138628042,1494.1547744757347,15144.362719207695,2113.858420256578,17045.22443953163,15128.513795336688,4069.5811642395397,15128.513795336688,4069.5811642395397,16786.20115111658,15128.513795336688,1770.8090747970919,15806.482370558184,7835.8191906078955,7138.45341630839,15978.803836557965,4063.627380841958,1502.3955048781038,15128.513795336688,2043.46120852107,2887.0552207046308,1867.309415141883,1519.8924394316357,6708.547837483222,2802.7970403517293,7156.355656428946,1787.0767175267188,1933.8623007130252,17449.049889651462,4404.872969234082,6752.374648623461,1518.3198206418278,1918.5848214446526,2039.3417572222227,1502.8143404304901,7109.740825959812,2879.793966427981
poi-2.0,887.9558499567513,13882.736553720804,727.5663519719207,74389.85531513815,11996.023338445866,1097.8043141371804,70454.97782284269,31186.120547738064,6208.122317410189,1713.0046309853783,73993.73520914103,72181.25764945587,853.9454203973132,74059.72348208357,69386.56676603647,1423.2813066131255,7343.765465843947,68946.87783923089,4621.254980136221,981.0282623131704,7712.463086866732,831.7293244530471,1358.7681309277996,30243.32975648736,581.5708820973349,14610.004224842702,7121.480128258673,1414.5678858995234,7628.196605713492,13266.414219513874,1080.2307269292535,3027.041103275572,13742.896611540133,7548.256416171193,1611.5533968132036,1153.373271974355,2201.313169412862,1609.4501117163786,2026.2620540128862,2026.2620540128862,1218.3756021621778,1743.4203384624166,607.1057712721796,1106.396202763597,6247.043325635475,71264.65381349559,672.5824275549911,11996.023338445866,73626.63526188361,20051.52855124616,15147.154678681653,4195.294592553373,4103.809133557344,15204.854005282768,14585.440274431712,732.4211950304872,6040.909003621167,1710.2261920021924,7734.020056073596,73605.97391085562,1380.2454290232217,2444.997089816271,7500.387262504903,930.5033642801285,2047.3038610286708,3820.7750030276884,1451.9099424372919,1103.991869003676,7102.53810359747,998.9095136063298,5010.8190151663775,6086.442053527831,3260.6073054759036,531.8966167720096,561.3272317266906,1550.531897871577,74389.85531513815,13786.750095450165,11996.023338445866,2026.2620540128862,74389.85531513815,865.1733664545666,69028.75755274562,6321.6745786080555,6682.229093481243
poi-2.5,710.3290140109484,1880.5267202940806,1074.325908701364,788.7733954469056,630.2461378466218,615.7915339791377,10401.869726167919,9384.088340696437,718.3963436320093,12170.794996221015,588.0950692473989,529.4443896846855,629.5413361211605,8631.932331001077,2980.958343652539,12248.471093925313,542.9408909222175,1025.2143000549875,6151.854515608019,6452.145233784942,2980.958343652539,11843.266916408224,9971.619500014856,10592.593113060244,10542.685307179558,675.6462180123615,677.7169260306996,559.563360752894,771.5845421685326,11632.511199540364,704.2107206101164,10504.565216155554,3043.395626299134,679.1038165329059,8793.700450856197,548.897391203593,797.6195117849,10299.78468618017,1861.6812716665393,3118.1784233557005,768.5357097320815,2962.9176894316347,700.3832898351023,1077.0488089137157,921.6650493257615,9284.386005939885,622.3942490471221,565.2301539912593,8694.592358331784,3355.0800913178227,718.6890654471775,1896.343343502292,706.8299052061277,583.7354745614929,755.7566910781716,592.9910031868503,741.631841014528,575.0968285623826,3025.4294989157656,9279.666492124425,1051.4100224172303,578.6860866245524,10302.340782599023,8684.095214999039,12284.396690012345,654.8895975769298,561.7369040367258,882.5432818444499,1921.6069739148616,702.2760705072102,6368.291837427205,11771.4440912476,521.3517976253561,1033.4115972188524,6901.401469055382,549.8912773681589,1055.8757422818385
poi-3.0,14750.084401140508,7892.078566854868,2264.0442234814227,1648.3796443123358,1508.1842416390382,11904.747923226476,12165.59816766658,1445.357759498225,1378.411733144879,4954.9326758865855,1482.183264772767,1708.449629979166,3300.147104559991,14719.830736993787,2398.3788370648053,1809.7377524305607,11541.314243184912,5291.749499819706,1359.0136434113933,14316.063336035055,2257.1693745072785,2404.4521057906654,8633.210315563092,1634.8020546939347,3302.698983100007,4849.648300911486,1538.7578508324186,1788.5634850039319,3693.9170172093864,1250.8526904108087,3172.54258813559,3948.2983233650275,12406.298893365149,11541.314243184912,2366.060655401013,5288.524484893896,5957.793968104693,3671.126573631151,7521.25658426396,5069.4314256052885,3197.51940371066,8010.516629717685,2384.5521846054535,4606.726353717265,3298.3860272510187,8060.940995316453,1577.1085488781353,2493.951487337984,4017.348084443371,1707.0285843185902,5742.734166113514,2414.608372022298,1764.7798930219894,1689.2853685719365,46619.448267368265,8633.076568603925,18074.26568098862,1558.491031590078,3131.1732735112514,1296.5971121904595,11909.160253988115,1541.9432815420255,1707.0285843185902,1182.8934409688748,14390.36658622963,1826.2769829076883,3536.611785714756,16064.059551165008,7255.619318463928,2385.037262382693,1723.249165953865,5769.137648355796,13245.960078791792,13296.585378141139,1684.3826366032324,1485.8493434116488,1381.141038679014,2334.606303681187,3208.3912800692115,1764.7798930219894,2377.492325952953,1120.8904711823957,1392.2988062069812,1212.4668400170626,1359.0136434113933,5231.022147292522,1707.0285843185902,14275.662605518324,6665.576179696908,1360.0274517092823,1314.2321863203563
synapse-1.0,569.0489063453928,1673.5625543420003,1948.9577336882403,4535.070111627441,536.6993825398612,646.5695481940865,2409.1522384207055,1842.018891921469,3442.1489813552985,1041.2984177368683,3178.7333451716772,2161.4365857073476,2097.3590899543256,1093.0808376492296,3858.474576632597,3041.6984077529683,1537.9963345052086,532.5918154388038,556.4072311087235,857.7706212724013,1004.7469128248554,889.1893977472424,4383.891615462289,12303.152733613331,1147.0207132286178,12455.492331944335,878.1637692218561,828.9594354290401,608.9348882632265,673.7450670808458,2190.5442448173153,5977.297496873096,528.0666521296092,2099.4190864043926,1072.988259767813,637.5989340927177,10868.625617733189,3579.5058398273973,887.7486603743141,1145.3359686829288,908.1156145494979,1500.6828010913305,1026.7823202409934,3875.5400217498213,1271.584697521688,4149.028543491741,1072.9769660426614,560.8562729437454,872.7559440462289,636.2248474379185,1007.1338158572804,2041.2063056166992,848.8887256841913,1204.7281265903418,1375.3489662844256,3348.574138875339,2121.8737857168385,2134.076587975566,4304.337823355389,5977.297496873096,624.2061526028629,1088.2546924266524,5130.777127809947,1471.7154086836863,527.1945606843749,5977.297496873096,1230.112863213578,2491.582125979873,555.1199748263946,575.499550418937,719.0980850587815,883.5460991723477,4366.6879576525225
synapse-1.1,1686.1560378296542,631.7830260179445,2311.3202540124244,1183.6379362728414,393.69858419928,569.7407827047832,504.97930567860965,773.6897617086312,474.59006343150236,399.8448438000657,1713.942014992224,1573.1453880101446,1126.0267750300436,1348.7669744003367,392.47041268547173,385.04626771117603,1420.4502732803471,465.03642610885015,371.38160560403827,1319.948687902939,364.7032078421437,360.31741081441356,552.4731511866534,1571.265240822178,422.2917335336412,723.3480002636529,364.25201847725924,1192.1108212355036,743.1709536946992,1598.4765686801081,373.2618410876916,665.730969885194,1457.4971616687694,396.31542429538115,1517.6601716131236,2358.576013698016,1889.1155512140879,678.3290640093795,437.4747526944727,2251.0484815290147,1658.723122750184,706.7499811939183,1362.2529227600558,506.1912269377702,1455.52400344942,434.1198968757247,804.1790377297431,543.3787248631379,578.2101602782342,665.730969885194,1751.5544785071722,1658.723122750184,358.6001705281458,2291.465885629221,2358.576013698016,557.965725077498,391.4727697246125,825.544574676888,759.1603845913515,2467.357181103061,1686.700757240212,354.7409224528687,407.76881036386294,1136.431724209561,521.6188353629117,1251.2953673569716,565.9029706043203,1400.5596535339741,496.0393467221181,1520.640271751905,1604.3126495280899,519.1790551763843,1638.0606498510222,1123.8331203416733,613.7706347731058,1145.488393314036,2186.4974022922747,426.81142050640995,369.15508783884707,1328.981544660051,425.6739178342833,1265.3812610170985,1292.999378144483,357.9236397414594,376.35954610945305,1541.4045388782818,1202.0944981458408,2970.722245532544,375.0500454371457,1501.306684615521,479.8431300354815,473.80468838540787,673.883178189326,2460.9414394633563,1721.2017628303684,616.6191228201913,2314.383505975383,1754.7928187365844,411.30278772484803,718.4277730126639
synapse-1.2,2682.614486658451,469.1172221056264,4081.50300091619,2443.3166610433764,722.0364868525267,3941.910478943084,468.91522397300366,3908.1514582190403,4958.8982907049285,377.75376024994,581.0475558511646,2435.5676610527175,4182.594218883505,4887.856021835129,362.02643322742733,439.3770396239188,4693.583772802398,578.7692961125942,6345.109700640226,1910.5396260953194,1961.116255122148,748.5580013297215,3725.9534808963654,2121.1530457039526,519.7642185613959,4182.657111884411,413.773798784675,1902.0770524166837,2193.3078772693107,3818.8400397114215,5239.896036311189,481.7348743738048,2229.6609910988846,2369.527458051963,466.69578331890096,3975.369888040921,5885.385955645923,3553.5641897688906,2364.1348998235258,2187.1762203184785,479.0258630603969,371.02325624971576,2711.7131447754955,710.7062659623493,482.11762717432407,5994.144475254601,748.6968826999553,363.7446246715398,3756.3903617112087,1952.5125134379648,3620.652645534048,444.4146636403377,506.8074534563131,440.5648403408529,2178.2242037818314,359.56129038826566,767.2249949050909,5137.414313015843,1906.5996563296465,2123.6049449634806,524.8744378405426,2251.3167306194086,478.92725212809194,3876.5318121892406,2192.5073488901526
velocity-1.4,1321.3790259431782,1965.5947309755547,1718.1932540349176,1258.2892986944742,1755.125401248194,1746.1268027681913,1289.9119898924323,1764.6063683823468,1314.7066322080132,1228.3923068772222,1757.5929524872556,1455.0921720585175,1410.1094723574906,1319.8134410849384,1741.674533542946,1152.4900216404485,1407.20064248804,1248.5505592646618,1135.3260072563191,1287.4853584027528
velocity-1.5,16655.481767040637,1096.3860723089765,627.9344067574907,9610.686206493348,7921.536536130064,16988.988269558922,1091.7582828827676,16954.585436076068,8615.900709962174,7213.17090777846,542.5671085444811,7256.076423055587,10254.256130250893,672.368965323892,16583.78420051752,1077.7360407379017,18083.35835670271,741.1002439853086,18017.289127896023,17625.615688678412,706.6790823199839,18078.327457984295,960.9834733236249,16823.540504422475,18103.084225286122,5746.798906391314,17267.42793951227,17266.9165268846,7332.3907299468065,557.365044813513,1307.9710451411106,647.9088927120481,18083.35835670271,718.4206968918926,761.1613520869744,1095.8859150962658,750.6579662660079,7394.920944545879,23574.506914298876,717.6585511400021,1322.602124906701,750.4883073298702,17854.2046343912,475.8233022988502,23566.94899742012,17325.773284489154,16812.15144208208,20444.69767226565,623.2630887645984,20444.856140036667,750.6579662660079,1535.033114414778,16985.11230563126,17941.21994991487,10327.067863388305,968.4816917444098,5590.125619233806,1241.216367106957,18078.327457984295,17142.490274301228,10221.704975756165,542.5671085444811,1552.6069024065182,20242.401853536874,615.1420532906983
velocity-1.6,574.399876376688,1818.617757925356,1109.1724173517505,1558.0354454208107,1008.6330486472888,955.0728234487035,1646.3883332555329,2639.3058785294675,574.0505479735876,1392.756251178069,1250.5777039454745,1469.3756344667406,1631.536817359197,1659.7312546722458,1605.3812523163253,2554.4282643849238,1278.5102644232645,1539.288459779234,2249.7503860608854,1458.980768690477,2467.0657958183133,572.4098877342498,1342.2093720117032,2332.911395922101,1738.4588975031045,3955.784718374184,1488.309603278582,1255.2951567481844,1278.7669356334181,1040.0569421067746,1820.8482152925667,807.9569714442737,2329.528881969485,3952.0148413907264,2425.778902699696,1505.7389981084038,1505.3466801051263,2734.2898783523633,1646.0562671193081,4460.361299092432,1376.524894635767,2036.5001117251584,1527.3426076137064,1776.343828335169,2395.264957999055,1634.409092195313,3967.218762834288,1643.8489934689192,1278.2507896732263,1510.2997369112322,1606.8701510270182,2245.2365947922863,2734.2898783523633,1293.5077137093645,1500.4080177191356,1654.1649765190639,996.053501396655,2243.9980708319104,3955.0533724846696,3992.999541423625,2645.447250679966,1495.3851020659868
xalan-2.4,53771.735860463785,1377.2816545985502,4224.633127783527,106372.78443429839,444920.8895832942,4198044.542730484,3834450.722897035,4564.280747577275,2308694.1057627047,2693317.683605123,384331.5279822009,1337.7959738631018,71472.41998933557,4125750.533752524,343201.37184363935,5591.414656049557,358992.44251354295,61623.40630174775,1767.002654542425,1032.3947219594995,4124200.635197142,131169.86730128847,2942066.806164836,2534.0553688460227,3471955.1101456033,2934434.2799067707,38672.3925715081,1397.210532006105,3817763.743286442,1297.5850272369455,2677519.9868863486,1348.9115610356764,976.3805377656577,2607934.6991028036,5589.60969673928,11815.018701815732,2340565.7968014847,12346.661449926161,10312.770259774834,4829.048848728942,378181.5258312992,36440.66029975519,17844.39441612215,66136.42301534621,2911906.052456034,2318357.5073638773,4612.893445977037,73998.16336918784,2464887.2548228707,979.1378539115515,3451999.513680005,4690.400496805021,1679.4234147940251,2290421.1812473685,3354076.9428150873,2521.7993011207495,340082.69279340154,428264.8203953805,2647834.026179708,38306.32333016598,4110327.7625223,52314.552734336765,41526.28619062934,2325825.004039969,2838.5983558841003,3353569.666784239,15674.241590134352,55088.36388912086,1264.7987213699896,4323.235126013225,2363.4542824269547,3530076.8018671568,2597550.3035562057,7000.126541427645,1697.913301903918,431602.9733321388,1377.2816545985502,2521.12570581333,2837.891697997377,2187.778669182521,1032.6888005920869,2361408.2364257425,2659714.6907589003,2318.9708467540904,7250.668493926948,1025.044757851082,9175.537391322494,66793.19520524418,2594559.378795383,2340565.7968014847,12566.717074054463,3543015.3500409634,4530.417872239044,26959.967948341113,2879008.280719117,2360778.577862841,2950926.482997705,8620.378379461446
xalan-2.5,2346.824459827876,515.2653254614036,334.1881450624929,1624.4259834452341,7272.694017780688,17961.86748856585,18174.468716271564,3462.033214427412,137.39857205314036,711.7527606922476,788.0193661408773,2542.9484094727877,2430.262737056535,408.9967697303704,136.828894895534,202.81246634126967,320.22232450038166,9921.969225357805,420.9387540253919,629.2790044445373,426.85491998575077,427.1407125188159,554.0795714529456,432.2220357991594,10633.376461443377,5444.503115466679,12686.941274666377,615.9912547604738,436.85610057736335,19060.246707734626,880.3415068393579,610.2683285685224,631.0993290104835,388.83430633692933,9157.292993771744,211.7615482131462,23955.771647317102,389.68073692060557,204.47321655738827,26063.02268990801,19068.05246687527,2538.2616191958723,625.6308343289182,23955.771647317102,18228.526352105033,622.2843985455352,7086.969846208171,711.8261217378234,27501.50412187339,1614.6476230627693,5406.346304587024,2344.1400873638017,6187.996527164093,9462.373765585417,6908.512730718807,24133.502983277463,8283.273654572178,2429.647263767958,3452.096829960396,204.1043676793672,8280.276571777791,339.15702895793936,542.0223961315133,1186.8308239281096,30480.594981318554,1095.472289793186,6382.3454186808,306.6378692960982,314.11077963519574,9308.862938160324,511.5487586159777,17986.01698188436,463.3795863380663,1415.4028547671717,1686.464246204434,338.9381789219159,6799.149236604362,239.7910716894552,557.8731439114578,204.1675839773087,541.5433858504068,6382.3454186808,306.4616776638813,8280.276571777791,310.6822795005487,2288.3002330917434,1633.5501588270179,539.9339041266438,337.5342338061297,418.8282698256082,310.6822795005487,510.9379573862075,549.1397188099553,7354.790599990771,554.0909419674546,678.131784374427,419.61122028405043,1247.307009565735,211.39766524597798,423.51379591300093
xalan-2.6,248580.71932598716,14401.111392968221,101389.22784187092,20849.497200378406,666361.9122918983,85052.92605201606,5695.349275033628,13709.377334275943,5385.235026404671,105524.76130023213,722271.057671438,4970.831538064745,7877.503167310718,9452.693175280298,26348.00789138284,120015.58072519836,7589.223849053082,415994.3302746371,680495.471082302,611696.3517535652,427528.5117333288,7636.551599881987,5637.669192248754,4513.0372707030065,4703.217711446834,664201.9889301002,117877.77264850285,27528.581508966156,102736.252084803,13138.480781760067,100092.06898431294,4534.525834757961,7647.441315446178,4036.5704925397704,683874.729627359,10680.118240310063,4530.969574948697,93752.79844896084,7828.999158703716,200141.22670575717,3835.442222656606,104723.59007883331,10890.573604674573,11310.889341277361,8177.393961446128,6419.667797487381,705488.9672679943,109434.08722014017,430489.60339194606,4148.1314018148405,198968.48262942015,10393.706939091526,82361.30947645077,416704.0839305611,12042.774466110353,232451.3989588018,96767.22050352699,4983.803449321487,198890.99085982383,429934.22196948156,6252.0885337962945,10866.632885620234,4295.511818872729,180770.88568131998,8048.907409647185,206836.95292661496,704740.8521152383,712893.3210729479,3889.4972562450084,5833.841380993623,99490.24382715099,14418.791213221106,5183.846539795833,5819.058584195862,99682.89261106613,18251.781656474373,5215.235593973277,7655.815112453731,304149.70822410326,4215.0178792666275,8207.205755109115,4262.668852027564,618246.180454894,577888.0965513097,390643.8702302069,32006.12050362906,5668.642735171422,4720.749027509553,725827.9338596816
xalan-2.7,4636.949824134748,25493.34548288403,4098.341017935966,1504554.0768348237,1927.5826543024214,2037.6073683692127,19388.450245780423,16708.020254654257,393026.4488138661,439969.1454887684,2293.5232086229066,31319.879927161364,24037.108500462055,20918.300272094402,369647.1404043613,372083.1998507431,29278.29953457397,409.4054783237028,23332.58457795161,18634.45813483867,3778.9526984413533,17432.731588595696,449704.89705113636,460559.6619684012,18474.137539681866,2709.3922913505535,27626.538428914755,429007.573900286,1927.5826543024214,21555.397988253448,1154703.6764923101,1999.5224500941997,23117.8070429761,375959.67962103826,21294.614996854,23130.492710406736,377786.15574692277,21555.397988253448,2037.4229173571664,410537.7918397787,1512103.2127139366,19363.736490523388,21603.631345097492,1965.2434807003958,384418.6816581569,1951.5237020928612,2014.9373113700738,19854.349206573723,345.642760348166,22260.218155678373,430629.00066002214,34173.76056964049,20918.300272094402,2040.3215010464053,32015.09985312404,16682.813994821074,364333.46735454496,21555.397988253448,2014.8757703905833,346.3449337805086,459249.6384764675,455121.6353288263,19555.596719847723,459249.6384764675,2437.1480523138075,437318.9067092123,20070.295585704233,27626.538428914755,368.42450356887025,2291.3119687160934,346.3449337805086,1967.4324440921446,346.3449337805086,16557.582910188048,370241.6373165089,474668.1941557144,391072.33515499363,441790.7153932845,32032.152046615025,16557.582910188048,1163040.9238881662,21447.823383001025,380382.8725019396
xerces-init,364544.73709242605,339727.01004421123,1015.0111233190223,341481.9106799183,365031.60201795347,2421.7008837062167,388592.71900990733,365129.3661368021,897.2564433964856,1060.884682820809,1638.4840034570352,3421.8205347851244,1656.036076789011,4717.316536861292,375498.6645597957,365546.72006368084,747.3198823742764,365577.7057963714,4722.3799422027105,2403.1490500524465,4674.955292650738,337828.86034353956,1626.295223214241,369901.697196752,360847.2618671516,3852.2735587256448,393778.11115248455,364721.119146298,1011.9574965847801,916.029433516735,364594.33718326146,3409.4514208509872,2716.6239785869616,1280.4453067578322,1611.6804004918542,4422.589548391134,1048.1512836909776,1715.3865931151233,1323.0649687512705,3260.0121244833385,381196.653829527,365137.0141028448
xerces-1.2,3498.6327483788154,1921.8522708106034,1500.163003079871,1387.3876167569733,4530.769686409207,1350.3434618293825,1826.108988037732,2048.7360796122643,3480.5247732460534,4732.189107605361,2795.946684141167,1472.8822569734782,4121.060992897407,1726.506482368541,4536.580142631076,1500.163003079871,3693.9031031464783,2274.8711559293324,3504.299695618052,3153.182485855084,2780.5528820033696,2538.705316047375,3836.090738287727,936.0947933721644,1645.9612267039845,2244.622427862787,4193.305993349751,1232.7973311914866,3385.653707888332,1159.1439341691291,2797.0605281657104,1301.5962232621916,1599.9468323767053,1533.9187570228237,2797.1857299435333,1039.4571369612138,1389.9561761222774,1060.09111962636,4679.967308038255,2074.7776650123014,2112.2109200885266,1976.5503104143713,4596.55727480256,1624.1639771831738,1718.5471455035388,1294.4855595186452,1306.1907917302137,2547.3744132731167,3219.8657639930066,1960.8033282890424,4778.242399460932,3119.6152252902866,3483.7136199021325,4717.237033088546,2571.7037546758643,2818.356405662415,3836.517614681737,4604.057849365625,1350.998310539484,1814.9707043065255,1669.3584028585399,1059.86552222927,4731.160724485133,2611.600736383977,1291.4398431565153,953.3985301283298,3497.12716303971,977.4834245009039,1431.846782561445,1546.1608607446565,4370.096202024352,4621.893488801355,1357.0155001643082
xerces-1.3,122.62591994450104,25.94448385973917,128.80524716119697,33.8660232677225,619.7600705849801,794.0375674312614,43.42287761750034,1410.6192259027196,115.17122669206617,50.10875141376108,119.4466940874986,33.8388113107775,682.8131924267202,29.16319310530479,29.50583708989297,125.13794865773458,50.10875141376108,720.2813619860724,147.94787118883437,201.31856181829212,59.23931542366986,47.891261990593605,193.75041862078294,24.92308621984522,34.1557153363374,27.412743679142544,705.9576024979996,141.31429289611503,619.7600705849801,50.10875141376108,75.58841646581735,1572.2409879278164,128.80524716119697,129.62947775820882,107.73067448283113,75.95863606065627,47.53111173031762,128.80524716119697,24.83138584914492,76.12227383827602,195.48218947453645,75.60056332275943,76.0599423535058,25.69991188444682,1494.6181724211858,682.7637292238586,33.95320297905371,35.90257585142928,51.91685996127947,148.52760224913575,806.7257980265147,172.81790842337472,27.082699972431765,51.9331877135106,27.17559008425601,670.2143319871445,75.60056332275943,233.21310261570528,33.8660232677225,70.17056433342346,50.10875141376108,47.178145109341386,46.053291213583584,47.178145109341386,201.08979957585112,139.7137161696661,1608.1301770300136
xerces-1.4,364.3960392132062,6343.09237501711,5596.687973807739,228079.38326086124,918.486159003537,5245.146858752449,223619.36886398614,414.55438098966005,432.4102185407642,5379.082353362541,235725.5326431132,5855.723397372808,2631.6063552641835,263814.5112243105,5772.557558200436,7041.732014477744,5432.454570070017,945.1787114927328,731.6846999091185,911.8720455571831,4688.612369388586,4593.159318244467,217116.10568114909,921.2034052510475,6579.240482162657,5069.37814016487,9001.13531030618,1980.5726710353522,138.82508472870506,918.486159003537,9070.688261278483,215391.89597381317,4236.297269719454,218017.1560856717,9340.69203631068,5532.42373964801,223861.77675239017,227551.71770987072,7874.820944533551,22562.939170603873,9061.376374537667
