ant-1.3,0,15.92626925,1.000122048,2.194382297,4.845804123,4.285815954,6.04791509,4.203912319,14.69872364,0,7.086538056,5.547900507,14.85929397,3.020694221,4.945301833,3.020694221,2.194382297,5.510240332,3.018904228,2.001820127,7.086538056,1.00086624,3.018904228,4.096850612,6.78589721,3.443384482,4.271680589,14.85929397,3.230605341,3.020969753,3.028805803,2.001820127,1.000456851,6.738857244,1.000034265,31.31625261,7.174371387,14.91483066,14.69872364,5.547900507,0,1.003190957,0,14.85723772,5.276642775,8.162645305,5.543637661,1.000034265,0,3.694469285,3.042671981,4.114576181,1.000122048,3.007459165,2.006467801,3.230605341,3.323421511,2.756474486,6.04791509,1.00056586,8.162645305,1.000208729,0,2.00253704,2.211038845,14.84481375,1.00086624,2.006467801,4.203912319,2.002322256,0,6.6247338,2.673804256,14.38726207,1.000208729,6.939064109,1.000456851,2.00253704,3.323421511,4.114576181,4.285815954,0,2.001166719,7.309235723,4.125856461,14.77552017,0,5.543637661,15.1200205,1.003190957,6.6247338,7.309235723,5.510240332,15.54528157,2.673804256,4.21212309,1.000208729,3.146493005,1.00056586,15.1200205
ant-1.4,5.266284297,6.722188696,7.003325277,5.206244348,5.664622667,3.409454277,5.046113213,4.371076887,2.655442165,2.371043432,6.517870719,3.255268172,6.389142017,2.322907662,5.032529286,6.419231029,6.631687469,4.071302993,2.486291932,4.513039426,2.244820902,6.252432041,7.452488711,6.27804394,4.678372734,0,2.655442165,4.26596639,3.342252442,2.00136273,2.001363327,4.957817032,6.456014543,4.884884901,2.486291932,4.451274627,2.29024849,5.006008454,2.10289866,5.082831036,6.613576182,6.759704327,6.074146154,8.645875438,2.306635273,2.204626091,5.143465282,7.748107265,6.614165789,6.602453501,3.680221599,2.975377291,3.680221599,2.181875647,3.881375782,2.012912298,5.612503422,6.126703398,4.724121348,1.0060038,3.175268759,4.340955357,6.822884791,4.701052631,7.003325277,1.0060038,3.249273769,4.954675211,2.115504606,5.074856789,4.919575837,2.457862693,4.784802313,6.775016168,2.012912298,3.881375782,0,2.493303007,6.785316226,4.952840214,4.024775363,2.115504606,1.000001609,2.322911608,5.329501982,5.07916591,5.450426772,4.402132269,8.701537051,1.000001609,3.097564191,2.906217013,6.538471861,5.65130602,4.204380711,5.784643629,6.709906732,5.508664139,4.622451765,3.175268759
ant-1.5,4.657783265,13.16035255,6.841895211,18.10733519,10.07803624,13.66873109,7.321548071,2.032367044,6.28210465,9.839452402,3.311539705,3.608903234,17.47884249,10.36931109,2.375825179,3.089539717,1.000257055,7.313343796,10.41044544,4.120920532,4.418654605,5.608330751,10.41044544,10.42716067,3.241571166,11.35852698,3.565807355,3.11023076,1.01489563,8.013984372,11.89599579,4.318731533,3.565807355,3.661308032,20.43725899,1.000257055,13.60550537,5.596045745,1.000184716,4.69711411,1.000082604,5.030633082,6.84565679,2.093142248,5.03289273,11.12364356,7.177520226,2.038445728,6.890678663,0,1.000503155,11.87611041,21.63595442,3.174522046,4.973005949,3.191296056,2.035398862,1.000184716,7.306473607,9.072769108,20.05055871,3.192313109,2.139813599,1.000503155,3.328159627,6.771957224,0,4.89353731,5.143750359,11.35852698,20.79001575,17.76288164,2.128118861,2.864827914,2.061945988,6.793383218,4.84763045,11.96776826,17.08278858,9.605331688,1.000082604,11.06597434,7.177520226,21.60443994,2.394963369,7.321548071,3.560192387,3.821674516,9.854339012,9.195308113,2.014435292,9.480643253,8.599443185,4.036567642,14.0227715,2.520759988,6.40233386,6.954577032,3.134221205,3.382610868
ant-1.6,1.005338929,2.202467134,2.147807238,32.01621403,3.083624796,3.412874945,2.003451222,2.206827796,2.00131206,2.21998477,3.609143467,3.242316952,3.672397677,2.012233026,3.039199182,4.191748257,4.353096323,3.621031312,3.515817879,5.419807483,2.033062857,3.764869483,2.397900104,1.001640386,31.18611881,5.37057009,4.150381239,2.184128561,20.84485872,21.85999301,3.158634033,2.339682701,2.183134285,2.389819781,1.005338929,3.313653514,4.05311115,2.285587205,3.054152039,3.520368792,2.026021083,3.382637949,31.18611881,4.05311115,2.532544485,4.184349448,3.382637949,3.050258984,2.014415283,2.064356017,3.313653514,2.346541335,3.026848814,21.12375056,3.095326985,1.001640386,3.160931154,2.034130681,2.026270093,0,1.018672309,3.412874945,1.000371415,3.004029576,3.544583983,20.88760547,2.115378975,3.139977194,33.88808066,3.138137738,1.000371415,2.137165191,3.004029576,2.033062857,3.160284437,1.000553113,3.246500287,5.930689057,3.46879482,4.26165168,0,2.026270093,2.3988382,3.068301725,2.01777384,32.86794926,2.081740762,1.018672309,4.099585452,3.198461407,2.252967429,1.000553113,2.943237787,3.07421125,2.449697831,3.465908267,3.640228661,4.140922865,2.073223855,3.068301725
ant-1.7,3.008331339,2.299999694,4.128909654,3.010626784,2.208482567,2.189927304,3.010626784,4.069441039,4.760426982,2.86694762,2.750880011,3.190965091,2.051829129,3.080468888,4.476650021,2.01079124,2.754150302,2.00858958,3.34587634,2.000243755,3.557745321,3.097717596,2.702173406,3.997272966,2.000533268,3.380887901,4.256212987,3.146149999,3.194082479,3.120389289,1.00012982,2.005451329,2.002459842,4.273071299,3.721243434,1.000022342,1.00085945,2.860240961,2.115489418,5.689266708,2.781785312,4.006199956,3.241921174,4.155753417,3.978069246,3.255693975,3.613681119,2.00858958,2.418959567,4.273071299,2.656519147,2.008648267,3.60680906,3.65024043,4.739602481,2.187596364,3.669591367,2.754150302,4.112385975,2.395488337,3.076168532,1.00085945,3.595831849,3.065409931,3.721243434,3.279706678,3.035975315,2.004019356,2.051829129,3.344324155,2.003000641,3.14555549,3.049566214,3.00521617,0,2.005851972,2.004412708,4.150563755,2.000227314,1.000022342,2.296102386,3.919247019,2.008210452,2.418959567,2.002343349,3.34440423,3.674944826,4.27572939,2.453023457,2.003000641,3.07144388,2.005451329,2.702173406,1.00012982,0,2.002459842,4.476650021,5.848371104,3.00459697,4.208187227
camel-1.0,4.243357014,5.787098663,6.606768163,56.6928743,5.516740886,5.193019756,15.62754564,5.953821638,4.19727124,1.000520704,1.015424565,7.59743202,5.797600844,3.060306397,5.506059246,3.716050051,5.621154451,5.144118092,4.62435895,3.278566697,4.261969726,7.167673336,9.616457912,1.015424565,32.40700191,3.655890252,3.476356732,4.906364362,5.953821638,3.04077433,0,1.000520704,4.1756134,4.261969726,4.154963073,5.057910481,8.85915526,8.85915526,4.057201433,3.210181153,16.31848425,5.892774855,4.681024806,3.146081334,3.261958114,5.919072098,3.060306397,7.16300141,4.041792147,36.35252414,36.06330015,10.87502449,32.08405899,18.5377193,0,4.077570847,4.123713398,2.004657467,11.78238155,4.164453744,4.082988398,5.797600844,5.928553828,7.331934507,7.59743202,5.458784391,33.42823356,7.59743202,5.528764871,3.914269211,4.363912588,4.233579238,4.84618266,4.265692033,3.655890252,6.117317747,6.922279054,3.036522683,5.614990225,6.294122715,6.42054772,4.402342527,4.745594802,4.221290288,4.681024806,7.572161872,5.775473905,4.721009221,6.065125017,4.415813049,6.127618793,3.146081334,0,5.431416699,4.603292509,3.286044978,0,5.471511533,8.944939996,6.451656941
camel-1.2,4.164224881,0,3.079972947,2.004386439,3.092029876,3.477891931,4.683934733,7.089402574,4.58938386,1.006550175,2.126979983,1.000660691,3.041012496,5.188405909,2.085020231,2.002500988,9.270376918,2.748762452,5.60262527,2.25227378,3.63280936,6.755426899,4.749702619,5.784709032,4.901414937,1.003406468,2.38981629,3.354381261,6.694036912,5.882158643,5.291257167,2.085020231,7.105900581,2.008122845,5.47334644,3.65166567,3.225322028,3.632686021,6.044061496,2.41016312,4.916070626,4.474498807,2.004386439,3.406884512,3.588564123,3.596511785,3.763105498,3.13180565,7.854678115,2.018366134,2.34049334,3.305166253,1.000660691,9.47007425,3.262778889,3.497028482,3.522999296,2.048405487,3.077922809,4.481885889,2.69548796,24.78574271,3.626645925,5.333887153,2.493589817,7.810619868,0,3.305166253,9.266502054,1.000025478,5.339293952,3.232587448,1.006550175,2.009781567,5.495628189,4.164224881,3.210340077,3.445001435,5.416455649,3.61791102,7.846413733,5.351821907,2.080892429,7.150101784,5.172581076,3.369524644,1.000025478,3.827883077,5.60262527,4.484576591,1.003406468,11.76525531,2.38981629,3.38764427,3.786219992,2.021341368,3.134271601,9.590101891,4.460451119,3.493490463
camel-1.4,2.095002024,3.010998362,3.996394392,2.006398964,2.182523927,3.011334604,3.32176606,3.043337299,3.010960632,3.125026275,0,50.83760378,1.000311636,3.034844649,3.076333246,2.16132354,52.5013882,2.007293779,2.602182044,2.003055147,2.018309457,2.009758155,4.687570505,3.006026491,3.134025222,38.00746599,2.001766554,3.007472886,1.000060007,3.295333651,4.053254833,37.15930198,3.012394159,37.09139889,3.152118014,3.05691093,4.626305084,4.092074569,4.092423897,3.558407679,2.006398964,3.155496836,50.76930781,3.172892468,3.545920718,3.562698281,2.009167369,4.609067412,2.011310131,2.07798114,36.1912468,2.323367298,3.0196053,37.14426622,2.005636222,49.04576342,1.000060007,3.014065976,2.008766977,0,1.004028673,52.5573332,1.000311636,2.008268144,0,3.009924599,39.33844787,3.18605768,4.092423897,3.095170228,3.558407679,2.00052079,2.008766977,53.97323762,3.965191766,3.042394871,3.330979346,3.026965666,3.172892468,3.228881799,2.003122831,41.08739727,3.018533133,2.009758155,5.599360144,3.600784482,3.226189098,52.60818679,3.015085603,2.008268144,3.093861804,3.010998362,0,1.004028673,3.631388626,4.626305084,4.630129848,0,3.015993435,3.078253751
camel-1.6,9.488325502,3.254610548,3.105056654,7.61737893,4.395191803,3.643193985,2.28561426,8.382541897,8.00104688,3.257065568,12.15758805,3.538294171,15.9784827,2.837275301,15.97116512,9.090888846,5.482579298,2.60598888,4.262327934,1.000832451,14.48421603,9.640950739,16.15323431,1.000371713,15.89823522,15.19775249,2.755953087,2.451315727,8.783632406,6.464956213,5.157246132,2.944390415,4.102031176,2.202998738,3.283232743,7.379255363,3.715473493,3.424456085,2.414388195,2.016621306,2.125913807,15.20560994,15.19775249,13.99148967,3.531462437,2.018949445,6.122016878,2.033484991,3.12494887,3.424456085,2.826839319,3.04632957,7.636269675,15.9784827,5.5283017,4.791289457,3.986962538,0,4.906507504,8.041499041,3.43310129,7.70785619,5.020980827,4.072177523,1.000371713,3.080528246,8.789235259,8.776315987,4.496722541,7.716374001,13.40759371,7.301734109,10.2085555,2.414388195,2.558161058,6.187534658,1.002337626,15.88199321,16.07603818,8.009325799,4.732452562,11.48792771,3.743115273,3.360828104,5.165531617,4.271346509,1.002337626,19.97777653,2.111878653,0,13.95811343,17.02157737,2.565557535,3.13821077,3.907149033,1.000832451,3.884634444,15.88596751,3.277841472,9.150617666
ivy-1.1,34.41193566,5.111867327,5.081846926,6.012397057,4.108621385,2.009578751,3.653276143,36.70458883,5.669078434,5.164145821,5.797215088,3.988715248,5.211686898,7.179779645,5.130768104,1.007367683,6.851117857,4.119809732,5.877428009,3.717211375,5.20586376,4.664955727,2.672537035,5.312344559,5.052977592,37.51287816,3.890055934,11.03022701,3.656667124,2.647023568,7.074197906,4.070272873,3.579893844,4.994986081,7.308176164,7.381205358,1.000120162,6.815053028,4.000313494,6.719973635,1.000120162,3.859685083,3.408679102,7.027408268,1.007367683,5.945930842,2.672537035,34.71456657,7.055967575,4.664594732,3.413010668,5.384045826,38.42349105,5.802526342,3.717211375,3.259150565,3.408679102,5.198764284,6.575089371,4.67527362,5.649479719,4.113857739,3.407511528,2.121299087,34.49312178,2.121299087,3.922731538,4.084634511,7.173963624,7.042825592,4.023199383,3.413010668,5.335397752,2.366399772,6.787586766,3.235112097,6.574689763,3.32562065,5.007047682,3.868470572,39.58862884,3.470438285,3.891379986,4.817308558,3.891379986,4.194157704,7.733397459,6.506345361,3.618631649,7.690969123,5.132037263,5.013095583,3.618631649,4.336960002,6.666324609,5.085648992,4.95874199,6.638078484,5.824917802,7.2301568
ivy-1.4,6.931973506,24.08594938,5.44808722,13.4924536,11.81057335,11.81057335,13.25632211,2.466258694,9.535533733,5.734091558,5.402863738,7.463715198,10.06110983,10.40926832,3.245124325,3.172758349,9.327730493,6.11023291,4.7138116,8.464577456,12.18259456,2.005436263,1.001473472,11.81931926,8.956361648,6.841774655,5.501721763,9.508624879,6.841774655,11.04677087,6.815355598,21.02268728,5.540616666,11.31394687,5.401462879,4.71430065,1.001473472,8.757670568,18.56333106,7.612756714,11.99589102,11.40969671,7.405423201,2.153257359,9.457736424,11.19437711,7.307071917,2.153257359,6.78345063,8.760018021,0,8.909477377,17.67225899,11.68815895,4.234572279,3.331055849,22.09738536,2.02821651,3.219066557,6.681091049,5.704367132,8.760018021,7.481391306,7.307071917,9.565553018,2.014598286,1.000103687,15.44186378,11.17155887,3.245124325,7.365948751,22.81519408,6.868668061,10.00839836,7.236578573,4.70935493,18.97684554,9.917395384,6.061507254,3.252508332,11.04677087,8.557889959,24.46129986,9.257262556,4.985170817,9.538043527,24.36115078,8.710248595,9.075474031,3.656326051,1.000103687,2.02821651,18.97684554,5.704367132,5.401462879,0,5.442896402,8.485939898,18.09059625,6.657868016
ivy-2.0,6.151348299,33.85196157,5.856314982,2.102955188,30.16517032,25.22963135,4.210598519,8.062114638,1.008996991,6.542374748,2.021342157,9.481549119,9.17452195,9.014784067,5.936124195,12.04823048,3.202141469,1.00030231,7.992793194,5.323658018,30.14635925,16.50452232,4.673374133,4.238517084,2.282278739,12.30558822,2.137956861,2.219570242,14.3947717,4.717851722,9.470271505,5.160963551,3.562369167,3.605652606,0,3.114179967,2.004260621,3.847799939,4.473262827,30.16254381,2.085573974,0,2.323553613,4.768799048,4.38087414,12.30558822,2.705929058,35.0449614,14.41084791,7.272886489,3.077190349,9.364716328,2.034319622,25.44733818,31.3573204,11.99367917,2.021342157,22.98638789,5.686556298,1.001371773,3.39650844,13.76748412,3.125463338,5.832283557,4.694718263,2.310890358,1.008996991,1.00030231,2.085573974,18.90372408,6.216115363,3.656454569,1.002750435,4.59885864,6.434306036,2.012499052,4.453458767,31.42400459,3.479692175,4.59885864,30.16517032,5.850435965,8.085920161,11.61452373,22.39600388,1.170186465,2.090960115,8.807159509,14.45257464,9.419597135,2.034319622,2.371093887,9.26997613,2.14499123,9.102471961,1.001371773,3.211723211,2.008547548,4.694718263,25.22963135
jedit-3.2,21.26541433,2.134274669,17.13345047,4.939780405,4.127759557,3.196801221,9.630515982,4.653761686,10.31587231,5.078705517,3.889098979,13.70966565,4.329011916,5.280789709,7.646262404,4.770619519,5.215759897,8.123895009,8.319996074,2.045117587,9.40989916,10.09892249,15.23822871,2.045117587,3.873690697,4.329011916,9.64802705,3.265017748,14.39515557,3.254975385,35.84705307,3.116445415,2.21414868,1.003767445,4.053526483,7.900232306,14.63285135,5.969644336,34.02042988,3.165721013,13.70966565,4.140677087,5.680551543,7.718063422,4.67913726,3.265414325,7.617750631,5.570626203,2.134274669,5.982145722,26.96275715,11.42093512,11.19993781,3.172864578,35.14010155,9.365086091,15.37970762,4.747314991,5.958184956,27.772869,21.34100256,6.774148519,8.196005363,4.194942283,3.144577594,4.140677087,27.60360033,5.806045729,20.44374999,20.37668003,4.16601446,3.471154739,2.21414868,4.345119395,7.646067787,15.23822871,12.02884434,11.4414781,10.04634768,9.572330723,16.97535478,7.166678633,21.11180284,4.644436356,5.07515202,3.318037898,3.125992536,15.52123272,10.58642203,3.039364473,4.486257802,3.884774122,4.156073032,13.95844199,3.471154739,4.133357787,6.726299514,15.77375181,2.669500297,14.63285135
jedit-4.0,3.665869472,5.745082526,17.56991683,16.71110765,4.138722582,4.203274068,13.84634625,16.77236908,13.43420561,10.74815924,5.1158152,11.55505582,3.015415795,9.106744049,11.20834935,14.44065607,12.67090131,4.060049942,13.29273534,4.335278275,11.34310456,18.75363675,11.84575692,12.42975427,1.001450314,19.09529019,13.14723071,5.031938669,20.14317326,1.0050203,17.41964337,20.66130508,3.143420227,18.46996285,7.495053282,2.308358613,14.15518288,4.803041433,5.42071073,12.24157674,4.185120398,17.6751815,4.663239098,5.42071073,18.1951696,0,12.67791162,15.66310154,3.920950873,4.62660495,2.215878934,18.85670198,20.10521168,16.23557001,4.570917962,12.12533938,11.64659914,8.869167948,13.88153206,20.51103161,9.874031364,3.73819327,3.840683103,12.32248536,3.71545239,13.09352038,6.034152388,10.35935228,7.915998677,9.458355978,11.83671545,15.96813132,12.56851486,2.009662368,9.915347073,9.583904784,18.74555814,14.18278394,18.93975942,5.692629181,7.815232133,19.34814739,13.57268182,10.48075036,8.31251198,15.87755883,8.957882374,15.92248237,4.909513018,8.559870889,2.05660129,4.885012492,2.606153627,1.001450314,14.44065607,4.570917962,17.23443995,3.456410228,12.35522287,0
jedit-4.1,1.005556236,7.677149844,7.641880317,2.192053809,4.505083634,3.154996548,4.801181864,2.587233122,7.469473813,1.001533338,5.292530953,3.013985232,5.419927328,29.29285063,2.007703765,4.961983873,1.001351311,1.001533338,2.186078593,2.192053809,2.201256338,2.380390169,4.489677764,2.597359842,7.469473813,2.587233122,4.037657545,2.002871212,6.141989412,14.56129761,2.795635829,0,3.314178786,4.489677764,7.210112522,4.986022256,4.400979618,1.005556236,2.864086484,3.580574249,6.255454967,30.59724542,32.93018111,4.417894063,4.164854868,3.598221623,0,6.768445694,1.001024291,9.25997165,14.48156495,3.938158544,30.97256171,6.849608776,6.480587911,1.001351311,13.14842012,3.210985469,2.597359842,4.16119775,7.432489201,2.078327766,3.667477833,6.121952235,3.059498885,31.82336066,7.073113142,3.49941537,2.812685288,2.003864003,2.161878807,2.572902874,32.54942048,2.002871212,2.036722175,6.768445694,2.802832998,5.611373324,7.422464216,30.77438139,6.787879177,4.961983873,7.677149844,4.164854868,29.88238946,1.001024291,2.027571512,7.056840245,3.580574249,3.15719151,4.02222701,6.989213751,32.7515832,3.307170683,2.555041097,3.135476936,6.551635682,3.788438774,31.62275997,3.259623018
jedit-4.2,8.092079132,3.333832584,3.270615067,4.074489039,8.199842636,5.752352567,4.648870298,4.809855817,4.229230688,11.77603597,1.002240669,2.68184137,6.298405541,8.977342855,0,4.356861752,3.93758849,5.64525581,2.063523389,3.329088966,1.000025235,4.539730856,9.057087959,3.385610128,2.04382141,5.51400666,7.318839735,9.106837065,8.001520144,5.494758324,2.125410488,9.952668846,8.05499907,0,5.243399391,4.484957874,4.937685411,2.125410488,4.301085987,5.399958695,2.118136172,6.284646239,4.937685411,6.450722938,4.207186157,6.974793966,4.185473483,10.27062779,8.199842636,6.684677934,2.267913995,2.002711449,4.880694218,2.006382014,4.811587106,6.119991961,6.831823808,5.686904731,7.437128181,1.000025235,5.775608363,7.701453175,4.707575305,9.502385992,9.627046244,2.346079513,5.751240183,7.730378436,3.15418105,8.373393794,4.474918799,5.043994841,2.417678421,8.090278957,4.254698247,8.061367044,4.001925455,8.340038735,4.010060366,5.417239847,8.962536262,2.59074447,7.278314312,2.311836409,8.479174528,8.048868637,2.04382141,9.058978058,3.507999001,4.366674801,7.524831371,10.19225971,9.664329427,7.248693285,10.12158731,7.635706216,5.57151056,7.437128181,11.82695598,3.706103472
jedit-4.3,4.058979052,10.55471448,2.752916297,11.20865847,4.166741938,10.72765147,2.670243199,5.472564594,3.576177816,3.00788511,8.101136633,5.135765903,3.134833974,8.413882495,4.205697468,10.39621705,11.79460668,2.272112277,2.557479393,5.067951869,2.991735782,2.016687794,8.036022007,9.35644991,10.39013064,13.76249069,2.386429113,3.459609102,4.539243162,3.031714843,2.659897151,3.756987593,2.0046575,2.832043345,4.205409419,2.92363423,5.865847714,4.47606605,0,12.86189097,3.914371295,4.037917097,2.711814081,2.815923029,3.479541485,3.208730214,3.099932467,11.79460668,1.002162405,3.479541485,13.89518463,6.057564476,3.620625009,1.002418759,4.08478708,4.657926098,4.631566341,3.212346367,2.516658009,3.674729555,1.000113316,5.044617833,2.0046575,6.001853298,4.47606605,2.272112277,1.000113316,7.83229752,3.762721605,4.913538821,3.664890845,3.255615915,13.89518463,3.515134155,10.60081624,4.407145583,11.15745401,2.016687794,4.267732557,5.092332006,12.90504706,3.66977643,2.770326474,3.019483668,0,3.906575861,7.883383464,13.71860675,10.18802062,10.29950231,2.681047572,3.019483668,4.205409419,4.366372456,2.44468861,3.174047734,2.623858777,1.003108447,10.98944976,1.002162405
log4j-1.0,4.75713576,2.001899041,2.004921618,1.000196478,5.074469248,3.010405449,17.60514336,3.609724785,3.840920029,2.011614335,2.437923606,4.871472365,6.00310436,2.71370628,1.000196478,1.000388061,5.074854813,2.045018734,0,2.002024588,2.319683136,3.344232494,4.289637119,17.60514336,3.332122167,5.766252327,7.183831793,6.028937168,2.138905814,3.513888637,4.80516644,3.48236801,2.825908959,2.003129087,3.651703497,23.24473044,4.75713576,4.876012831,5.111751389,4.085585802,22.65973725,3.393740032,2.001899041,4.897868008,1.000874559,4.961603302,22.94195093,3.513888637,3.47249519,3.742143233,1.000874559,2.001484767,2.670948312,2.437923606,2.007171953,3.866347602,3.804137414,23.02173394,3.003256644,1.000388061,7.564220422,3.256932964,5.412469946,4.609722404,4.533359086,2.001484767,3.594124497,4.871989194,3.91561653,2.543574088,3.996399691,5.040858068,2.038512627,23.18802841,3.010405449,5.046125305,3.003256644,4.871472365,3.996399691,2.132493961,17.96811867,3.549192323,4.585900042,4.605864015,2.456557997,2.021957096,3.385528847,5.565400812,2.682059541,5.364567567,3.759812407,17.6471832,3.48236801,2.001727506,4.972356501,3.80821052,3.511595571,0,3.798907544,4.582462688
log4j-1.1,4.498587733,6.070908959,9.672514011,9.014153583,17.25459603,6.070908959,2.670372935,9.739173802,6.175515542,3.368738128,9.374758873,7.908508572,3.061429415,14.8305551,4.144880061,3.419861728,7.908508572,9.150799628,19.19111121,12.75341447,4.737549409,2.658393846,2.670372935,2.061976559,37.20372443,3.709574332,13.47776297,7.827337799,12.58410239,3.72533864,4.065960035,3.747411179,3.63319416,6.594478937,4.504007737,5.408208657,13.20769947,2.002323825,2.411147361,2.730341458,10.57492739,5.152244855,2.00375731,13.15557471,16.76431747,3.086328459,5.408208657,9.150799628,37.63165695,4.082389946,2.364996452,9.091133376,5.237337766,1.000655323,9.628935237,2.366726651,8.967220299,4.162523704,4.16987936,18.67942621,2.949999367,2.937382407,14.79129868,7.845167722,6.48881337,3.373607801,5.124779269,38.23830606,13.04561446,3.517495534,2.522926017,4.346056936,14.42423007,2.008401913,3.591355881,3.300142008,4.978994161,9.369591326,5.31451855,12.11179277,9.511301245,2.502321885,2.277361729,16.82761525,13.37985645,2.765555229,12.56905997,2.014081189,4.190968422,5.485153032,3.747411179,13.42083909,1.000655323,2.209882076,11.88329841,18.89995011,37.6711506,3.809393731,7.562616077,5.607212371
log4j-1.2,3.021912237,15.01694939,21.77843648,12.90350315,12.74952931,4.343105392,3.354748579,15.69868006,9.589758348,3.663200722,3.659586051,8.054838909,5.368251375,9.435837681,13.38097217,3.08666691,7.061808163,3.350613582,3.049118518,3.124920412,13.46806203,7.81409773,3.455715301,10.36679731,15.97803422,9.409994434,3.186526641,3.27671573,5.438376134,6.092459508,12.70323985,8.192689472,4.168127691,3.087348836,6.340435273,10.3868269,21.99402344,18.41801586,9.420383526,3.150567834,4.804368135,3.562539365,5.631378212,5.534557367,3.178242271,18.55925571,13.56271599,15.50363537,3.071154928,4.708805435,8.208319052,3.187495673,15.02480326,4.189667307,15.43042412,6.225216663,13.53896934,3.36250481,22.05429184,4.069249304,18.66870617,18.77173083,5.171480469,1.995556637,5.305709781,21.49659528,8.511349821,3.119455314,6.228966845,8.171691165,5.915366555,3.358438292,10.82560586,3.286565503,10.25632673,5.689113046,21.85805202,1.995556637,5.631378212,4.678308493,3.837721559,3.143160891,13.46020815,7.034855731,4.189667307,10.25795786,4.282386469,4.301085835,8.722049653,6.126745716,3.087348836,7.533341508,6.643155831,5.099274188,15.0446715,7.149646666,3.021912237,7.717759487,8.188339428,18.78139998
lucene-2.0,31.30193474,17.4597336,34.347724,3.413199347,4.01417479,6.983827845,2.092688872,13.0983831,1.001641391,3.6381355,14.02957468,3.11513659,5.978678664,2.135020327,2.053213711,17.72376475,15.27070005,11.2793909,6.094365676,5.542145014,17.24520143,16.66203049,17.4835961,3.456297844,5.042869352,15.4153708,7.130475202,12.54516521,34.42727657,4.76331712,13.00540158,5.285053306,13.76756707,7.59565562,1.002154404,3.201679338,15.16389042,12.46468666,7.458120308,36.49434799,3.111368394,11.79930957,3.726907756,34.42727657,37.03319513,2.545347963,12.23506528,37.57109466,3.396674614,37.57109466,3.6381355,2.70504125,4.563447629,5.917547354,17.35875762,14.6842883,17.26840023,31.76421905,16.45763259,34.32236857,17.90031025,4.477120019,3.099894957,4.21265365,12.58271616,15.458547,2.016130506,2.135020327,4.544003123,14.71253825,6.190036514,16.56715332,7.456021371,19.15623291,17.72072612,19.3393635,3.852682318,4.047412619,3.528923816,15.20359551,36.7720726,3.699844725,7.459972275,12.1088745,6.810368327,11.40691256,3.509143186,13.45395173,7.877282398,1.08084462,2.092688872,16.64684426,3.874844033,2.559560647,4.604295398,7.877282398,7.456021371,1.002154404,3.596162174,16.50425638
lucene-2.2,5.422775456,6.997953848,6.682164217,1.004149456,1.004149456,11.31556943,10.18475836,4.549416579,16.72262246,11.27003579,7.010974608,3.172480642,1.003386802,14.38619956,12.74999367,16.37120626,14.94881999,3.162005001,5.910475942,4.953016939,17.71304471,17.66664733,12.57102129,1.000015489,4.176055685,3.85475185,4.857713123,4.751797542,7.107046752,16.87853041,2.751767289,3.162005001,2.069730492,14.35506706,8.526127502,17.60514627,6.883488274,15.58310994,4.413609862,4.428265173,12.77269506,3.388696983,7.990039962,12.28873768,10.63561135,5.509096267,5.837987389,3.436425044,6.581744265,5.752881687,17.39479299,2.001881292,7.018038579,4.929186658,2.108841113,2.037587124,3.05287448,7.552269171,2.643146821,10.27563253,2.001881292,10.29818733,2.223289902,9.088504696,5.307858216,9.230301816,8.029728264,2.181392223,17.62669811,4.014544433,4.072728763,1.000015489,3.788536186,4.459175524,14.87616863,13.05410167,18.16961492,2.007714303,4.387181035,3.360574278,13.01787505,4.449364164,4.857713123,16.37120626,17.80306879,9.507027655,9.693460184,17.66135714,13.13675676,11.02832814,8.6182252,2.339629198,5.307858216,9.503951708,1.047160629,1.000866072,5.212873041,9.230301816,6.50695576,17.31382587
lucene-2.4,4.144555864,5.729498539,6.944407274,5.104698115,5.017914619,6.135304079,4.273725946,7.248788883,5.129776263,4.699732189,4.692895407,4.602845449,8.662268482,5.178029789,4.277326514,6.160367727,8.5536413,4.074126965,6.320129148,5.72769868,6.620398074,26.92505772,6.137209219,2.114212559,2.011030239,7.983304556,3.153411174,4.71710714,7.816506001,5.647518584,2.851835784,3.053007148,27.13069683,13.97841915,4.134126813,2.114212559,7.205056739,3.100229426,5.592481682,6.081125863,7.174478456,7.902426765,5.655633462,3.455959069,2.469568711,11.13626365,4.705471903,1.001405855,5.672979907,6.158064842,5.650114455,9.601435996,4.122385775,6.995815222,2.091536455,4.049637093,3.679356205,4.079712294,22.23795784,4.091333554,4.305747286,3.691470893,5.105653817,1.001405855,4.301418567,3.019984066,26.25725511,2.038378898,6.022233703,37.46796873,5.131882524,3.871315041,2.011030239,5.111684997,3.053007148,13.87781102,4.97652375,37.41864948,4.105380761,28.2715521,3.09168628,4.705134107,4.147860832,6.33586721,7.323041331,2.680764613,3.538210131,27.49971154,5.866564208,7.043917341,37.11458048,6.377158824,6.884065077,2.787031996,4.602845449,3.121509777,4.116607096,28.17654146,6.609042893,6.321599895
poi-1.5,4.385793494,27.69846493,4.417746354,28.95610502,3.143454915,3.143454915,44.0689302,2.904991882,3.103722183,5.392431243,30.6205478,28.7085452,28.29432641,21.08971169,6.350253052,24.46390151,26.51933759,1.194637899,1.956177278,9.35506152,30.0188792,23.24800918,44.02075947,3.333889511,27.69846493,2.645782258,23.08276157,24.66187687,24.67979626,2.762142622,29.18450844,6.505693147,25.1300965,27.82960456,20.67194331,2.904991882,3.372775774,24.03023883,25.70600798,26.51933759,23.62084588,11.08255545,23.24800918,30.53244045,2.189169759,26.24209509,6.57799705,21.78447748,3.509496982,25.20348951,9.088022162,26.21089597,2.904991882,24.65396018,6.63876975,28.29432641,16.17157492,27.8721887,6.350253052,43.0822224,24.52183259,1.956177278,8.199650758,30.81546639,4.982601177,1.142244999,21.52018702,23.63587648,3.282735562,24.83888147,30.08891257,16.20299389,2.59106641,8.053713052,29.20985119,11.01726537,2.324870147,30.21996936,6.466794143,2.189169759,30.10387827,6.464243742,3.174731332,28.05345498,2.046627766,30.22416403,21.10507248,8.178984973,16.41039065,24.73353858,16.19430492,4.432549404,28.94805788,16.46302655,28.0221759,27.62562274,2.645782258,26.95181284,20.25757061,4.383946735
poi-2.0,27.40682269,3.48642403,3.729522343,2.187664833,3.192496277,0,0,0,0,0,0,1.001764579,3.546507671,0,0,0,1.001764579,27.35717816,3.729522343,2.327030527,3.478080334,2.193940034,0,2.305870389,2.060949125,3.546507671,3.550581583,0,34.87289972,25.49675593,0,5.445535326,2.193940034,25.91721418,2.268777034,1.001764579,1.000795665,3.729522343,30.27280216,3.729522343,1.001764579,1.000795665,0,0,1.001764579,3.308730856,0,0,5.355148701,3.468803835,1.000795665,3.512041011,0,3.375562664,0,0,3.308730856,1.000795665,0,0,0,3.499563162,5.445535326,0,3.192496277,3.710148679,3.192496277,2.305870389,3.48642403,2.305870389,0,2.339193976,0,24.55203645,3.514194291,3.729522343,1.002627626,0,0,1.000795665,0,1.002627626,3.729522343,2.193940034,3.280721806,5.494909947,2.268777034,3.336035996,3.528667233,0,27.35596334,25.91542906,5.445535326,0,27.35596334,0,2.193940034,0,3.563787442,3.546507671
poi-2.5,3.77028042,2.221648652,6.70945744,3.308930084,7.382067931,3.442203951,2.263627055,7.544642257,6.720548588,2.422921217,3.226925405,3.023019439,2.235362825,7.889066637,7.460508924,6.752413247,8.937394661,3.595471525,3.023019439,3.287162586,7.164774985,9.408456833,1.999857102,8.399797417,6.941201516,5.367393502,3.612221449,8.959373696,3.548445195,6.724971435,2.56141098,3.226925405,2.56141098,2.216382397,3.287162586,2.169109555,3.466291635,5.612525581,5.299258561,6.963151775,5.247161748,2.261595861,8.96386438,3.226213083,3.205186586,2.221648652,7.77550343,6.522493001,3.054603676,3.878248457,3.878248457,7.892183914,3.589504805,5.70023247,6.24611385,5.367393502,5.349109113,8.379409944,3.242449934,6.793648371,9.408456833,7.922104869,2.254881983,6.383296495,2.761307354,3.552841537,2.340447048,6.776005125,5.193238643,5.322050308,7.42743298,5.70023247,6.963151775,6.92010327,5.226544121,2.218018614,3.432598651,2.254881983,6.793648371,3.529334817,9.487130348,3.436218889,3.369769456,3.529334817,6.408211058,7.922104869,9.070227766,6.413183594,9.063817283,2.031148598,2.403070834,2.210938935,2.422921217,8.983995664,1.999857102,2.340447048,6.555749501,7.779631953,3.352285865,2.169109555
poi-3.0,6.554983889,2.328461303,1.001099171,2.262740937,3.232017203,2.417220655,9.604963335,2.948311834,3.471224542,24.26692758,3.033799327,8.400609713,4.880263881,3.489924323,3.704680853,12.16921422,19.04528409,2.010051554,3.772819662,5.917675318,4.187964581,2.5063525,4.633435436,4.098435766,2.010051554,6.877732525,3.023494117,2.676733746,19.34095809,15.07054932,5.906267253,3.458736143,3.113159262,2.007395452,7.218782741,2.127699703,6.792782299,1.166306579,4.163981227,7.193127642,3.890891311,1.006651475,4.785242738,1.166306579,4.252191778,5.98319446,4.819905715,2.022008069,4.727268687,2.84092451,3.589301449,2.06004066,4.158992167,4.572569871,17.70459837,7.262067892,5.81942805,2.103817539,3.050547564,4.762361984,15.07054932,5.356741035,8.481315657,8.500734245,5.277816556,7.457943357,3.889731477,2.385755354,19.1140522,3.528943925,23.29735609,17.76936996,9.623745243,4.510369059,6.217284955,14.78383155,3.763432442,4.825838136,2.28771997,4.123006867,3.587149875,12.54965475,8.432342174,4.132672018,1.006651475,16.47851897,3.092879062,2.259942779,4.112508913,3.09111931,7.555558446,2.170512521,3.091423592,4.169665918,3.022944472,2.10325909,23.29496307,4.473634979,7.227632274,6.480163661
synapse-1.0,2.001486648,6.906619367,4.010033078,6.031914298,6.076458251,4.034356401,2.000876983,3.348294357,2.113282187,4.96384296,2.001486648,3.481513347,3.988839788,5.847883218,2.762241112,3.873725442,2.589974989,5.656414842,4.028913808,6.277880112,4.609235435,2.503470712,4.318634414,1.000265557,4.348359908,1.000094432,4.115923505,5.174030751,2.576800729,3.56617684,8.672850497,1.000094432,2.932026674,2.762241112,5.174030751,2.037726513,4.447526493,1.004762597,2.613650259,3.952297222,4.38344837,2.037726513,9.107928046,4.933489324,2.796475348,3.005172074,3.396586981,6.668629333,4.615746874,3.402458988,1.000265557,5.643743772,2.001487308,3.624313282,4.034645708,0,3.496910249,2.852932303,6.132242658,5.228680447,4.83743622,4.240483836,4.83743622,4.232975686,4.318634414,3.014792172,3.402458988,2.027719919,6.838764285,2.083950633,4.348347827,5.690195759,5.847883218,2.001487308,6.205214659,3.907017792,4.034356401,4.96384296,5.927105326,7.731087975,7.378700841,5.825336787,2.113282187,6.692650409,3.635200007,5.335286285,5.958521041,4.010033078,2.483566346,1.004762597,6.806304773,3.491253409,3.624313282,4.447526493,3.491253409,4.819115633,6.561177335,0,8.676817596,3.787812405
synapse-1.1,1.000230051,10.86302917,11.86938156,0,13.84733096,14.93814508,2.003095967,2.00622104,3.114411194,4.375338576,4.064351806,4.449963407,3.289805282,14.88616188,13.75988194,6.170533304,8.148877576,14.59406043,11.80812983,18.91681322,2.668656033,5.022819821,11.06099496,3.532296932,6.869189454,8.783546055,5.036295157,14.17112769,13.89642197,3.826602158,5.172802948,5.226711815,3.292801976,11.06099496,3.379384302,3.003886233,15.60976671,9.332122734,6.499389027,6.09300139,3.243022657,10.7057477,4.056921391,3.601138514,4.936168174,3.46477527,3.761988327,4.675314181,13.77737277,4.056921391,4.469909495,5.108300508,18.77667117,0,4.369689068,1.002251373,3.458740008,12.64173644,6.184359022,3.761988327,13.27367026,9.072194432,2.003095967,7.795073946,3.737552466,3.018472488,6.672263257,3.518547163,18.13439893,6.181927389,6.543992084,12.29817229,7.19015784,2.658023768,4.897368492,4.246900736,7.288881491,7.204146845,5.036295157,4.396701383,3.004056986,3.768527767,12.32312467,3.614400104,1.00004374,4.328865457,1.000230051,6.93023272,15.44802923,4.139852343,1.002251373,3.424007202,5.045039538,3.70281272,4.005018572,6.657456859,4.92031554,20.58286921,3.167541009,2.00622104
synapse-1.2,7.531121972,16.38085247,13.28768508,2.052755283,7.085617048,15.26916223,10.30670945,2.357886068,10.61200184,17.22220458,7.256670237,11.97224103,11.90598004,15.25027932,5.391055669,3.79292294,10.86589583,4.627208599,5.655572122,9.556040815,8.175087642,5.257744646,11.1610827,22.59306754,5.138304093,3.159587373,12.07545054,13.51556051,11.5139066,8.294470676,7.691419951,4.284217315,13.65524323,11.9947074,3.474294512,8.781004392,17.30420143,6.754899386,5.797349107,15.20914122,17.54849565,13.8235863,5.714703836,6.674974912,5.360893828,2.357886068,17.52195124,8.180272364,4.168274053,7.352232282,3.293830806,21.11703474,16.46988483,6.989557273,1.000904668,26.12556117,13.44149688,12.81655096,2.052755283,13.5089061,0,16.31126288,2.16962596,5.336922185,15.02202618,12.02203155,6.732943385,9.670033223,17.11966984,8.914450691,35.2939683,39.0979082,7.063623103,10.67473216,33.71935001,12.06015972,19.51679268,10.68813931,10.23315591,5.26066722,13.80945202,7.242113861,9.745924832,6.989557273,5.336922185,0,3.574534168,8.917435044,10.25745598,17.52195124,1.013142334,1.000904668,26.12556117,3.382112709,17.08412598,13.87946418,13.44149688,12.78422516,15.95731678,17.54573427
velocity-1.4,8.859108217,3.150841258,2.359227134,3.011244961,11.31803755,11.48347316,3.246272304,12.24884084,3.342611763,18.71006127,4.794449668,9.556841864,4.624830542,3.840322524,19.41168215,7.757873794,10.76341582,2.000090814,2.40095201,3.685836437,16.45013836,16.1406776,2.517292664,2.40095201,16.48848814,4.256374767,7.764747772,18.6214842,1.000026458,11.69395173,10.49451708,2.000090814,4.406746991,1.000117609,3.447742529,3.288851246,17.28822609,10.16755074,12.24884084,17.62684462,3.638502304,19.24591501,4.232770671,2.001409811,11.31803755,1.000117609,17.28822609,19.41168215,3.680916594,4.406691834,11.48347316,3.82541369,2.40095201,10.61511518,5.198060048,3.196718161,11.01810422,12.1073073,4.425261239,3.432089466,11.69395173,3.135169952,7.382067102,10.23894119,19.36639787,3.002187364,17.11988411,3.246272304,2.011442536,16.97018771,1.000117609,5.198060048,11.31803755,4.333531322,3.984056278,3.447742529,4.382873076,10.16755074,10.23894119,8.843426052,2.001409811,4.406691834,10.76341582,2.517292664,3.67238325,3.288851246,18.08559317,19.20526274,2.40095201,3.983960394,3.235922519,2.000034531,11.88486589,3.873207093,12.53221342,2.173758905,2.001286549,20.03725007,2.206526646,3.693097978
velocity-1.5,6.707260356,4.470390802,7.982272057,3.492738774,5.173917467,7.573159325,13.33718737,12.64800491,4.216669479,4.5384071,9.288436442,2.01789339,5.652643021,16.11762567,6.701805365,2.189898378,16.65800059,11.4766017,16.12790016,20.10655966,8.320935684,2.382152095,7.160682511,19.2751432,10.86820346,5.648200518,10.30177663,21.17481811,11.9026133,22.85262942,28.61993202,3.113629134,21.57979396,10.48333267,22.27541657,4.678269318,9.157758639,9.237222897,5.743032017,2.207462459,13.08651361,18.55679698,5.59605311,14.43578603,3.793848071,3.520104165,17.89826753,17.8531351,6.226397883,3.15878192,28.86874123,27.97472535,4.828120938,8.614134967,30.1917483,18.74628294,4.166087657,9.68981481,3.66233726,3.14843352,2.591009518,4.500329163,17.29286695,3.121032725,4.118445088,2.32830002,10.53665654,7.654295157,4.089259822,5.377885427,4.267516454,22.83692128,23.28320662,22.82715088,14.13845634,2.879964923,7.330510453,7.962301966,5.000688465,18.87871476,2.491831922,15.02263853,5.972382919,12.20789247,6.787673473,2.262246908,24.08091292,16.27611669,3.231964853,20.59346994,2.050054165,3.520104165,5.666150201,17.10986885,9.050119813,8.248116447,2.663545792,30.27040535,4.648061103,5.960583962
velocity-1.6,8.378032011,4.130535021,6.750002605,5.317388216,2.264721567,12.81378981,9.346916533,2.340127337,3.070005109,10.55783286,22.92417455,3.580736771,5.329998974,1.000098988,3.863453684,11.08042428,11.5953678,11.07105939,7.789665207,12.05307527,1.000318682,0,3.968029885,2.047205627,5.307611034,10.07738062,4.751033575,10.17049284,5.4522008,8.808037461,0,1.000318682,21.52334161,5.639009343,3.625175909,8.243130361,15.98397721,4.986049709,2.010310294,10.02236841,4.971806333,12.26305279,5.302179942,4.815838419,5.480263254,10.25955525,12.21262716,5.955369685,2.001463981,18.28882391,28.5195376,2.010310294,5.987647233,8.203804738,6.313356789,2.613694791,14.54665475,26.85758096,4.790126376,5.112470723,13.19588559,15.08594184,8.780368431,13.37468499,5.257517007,2.91720514,11.70636108,2.074071267,13.52749316,5.405178011,18.263509,3.070005109,3.323428249,10.32207993,12.78285733,28.83402997,11.66105259,15.18054924,16.6620315,12.4120623,12.57958031,18.88002302,16.9733329,6.673080757,11.63463983,10.2713449,8.378032011,11.0249612,11.94822723,9.544657252,4.146941178,23.11739002,15.95407965,12.82592356,11.95150553,8.996931708,4.936945405,12.71724431,6.859323277,8.083097616
xalan-2.4,24.65753302,3.558146783,5.382665651,3.324891683,2.357953137,31.17728554,1.00295251,8.841537382,38.61596609,1.000754352,34.01529196,35.49831114,10.94109838,1.003177356,3.102098376,2.454052335,4.105030013,2.01962772,3.525026992,3.098360137,4.129262773,4.9158058,3.912087697,6.374792262,30.74042997,22.59906213,8.999017901,13.17917781,34.49671872,24.63393457,12.82923633,3.607178929,29.71815099,2.350227051,9.737723134,9.711459507,24.04024897,0,2.00820648,3.924900903,2.488237258,1.000754352,34.32279445,6.063911377,1.151157134,3.607178929,5.621730388,25.42647427,3.102027327,5.114476143,2.218437396,2.07885472,2.01277165,26.54377307,2.039558658,25.88664445,1.003258751,32.83661847,35.76842649,3.268206421,23.36504672,3.132714341,2.075281254,3.553217355,27.1440018,4.154562034,5.234784816,2.026429127,24.99331556,4.175086969,0,1.151157134,6.22340608,2.431068413,2.447175369,24.96797007,4.154562034,34.91830972,8.797631603,23.93161312,7.715250809,34.11963426,36.1456689,25.76182347,34.32953112,2.007663406,3.744413396,24.25488036,4.327236864,1.003258751,2.006587652,32.70227677,24.12064903,3.140767568,1.003350691,24.10564549,22.60878631,23.36504672,3.17374181,2.028615011
xalan-2.5,5.402336779,15.15251694,4.707249221,4.65356342,12.17777253,17.44507487,3.213188848,15.42109252,21.76229251,2.013154728,10.98950375,3.54905098,11.11512391,2.007029492,8.882868065,4.503875957,12.4951844,14.16865471,7.440400768,3.213188848,3.334351902,2.026274417,1.003767194,5.554668173,12.38585237,11.52640556,7.437293989,1.003767194,4.891502557,11.34609166,3.54905098,4.417260902,10.93457052,7.110913597,7.832226366,1.001717993,4.935238127,6.684143243,9.445294225,9.770343355,11.78282952,13.56571657,2.011037011,1.000799959,2.022763053,11.90699195,3.795709785,4.640856155,7.525570087,4.97176945,2.252651084,20.81423473,3.52834007,16.80721447,5.432723499,3.009392294,2.016302302,7.164695296,21.14094539,8.882868065,15.72836763,7.142460176,12.81543725,12.46842131,2.03771413,7.770233301,19.68826106,2.198080329,2.03639669,1.000799959,9.391648377,13.46343183,5.51218663,6.334887942,6.554817529,3.653378718,11.87574894,5.442687502,5.15059938,4.620462176,3.23876913,1.003008756,4.568495882,21.36091541,17.02568677,5.661102547,8.970649895,6.125591358,15.68923207,11.35665801,14.76207657,4.930947887,13.39466779,19.49360166,3.159340795,5.733009967,2.756935297,12.38860285,1.001717993,4.592472712
xalan-2.6,2.112927734,6.899201611,2.057198037,6.602781727,3.175863057,1.001726034,29.06771603,3.231017199,6.04258123,5.449796403,7.611775952,2.057198037,2.013702913,10.67192682,20.3968396,2.117991261,4.247433449,1.004095094,11.09212024,5.853576235,2.378770056,3.442950234,3.839852796,14.17859809,8.679642738,3.662826209,5.54316215,3.840648454,6.338604507,9.238079553,27.29715564,10.84893085,3.899122442,3.388793044,5.163982392,41.79984551,7.79241238,5.37394725,3.141144434,8.071153369,3.257311156,9.754848633,2.021422937,5.481620702,8.679642738,13.83656455,2.28620233,8.642174307,10.11036069,2.111652467,3.139331666,3.804526734,1.021527762,3.440647385,13.38972897,15.25639169,2.117991261,3.658411989,7.871608889,6.723022931,2.013702913,6.193861687,6.468260603,10.3051031,8.974022056,7.24094058,9.370178615,13.72132796,4.921972883,3.144661596,9.138120564,4.740130966,5.670816273,7.920720668,3.255893901,43.27855279,5.544078533,8.185247211,10.10918667,2.28620233,1.020523012,1.001726034,8.029474697,5.530917579,6.087381668,4.96319812,2.408420716,9.090685696,5.930421885,20.82954544,3.393287528,7.401932565,1.020523012,9.63342066,3.017306577,9.383910639,9.366303445,5.215345238,7.857247283,2.027449261
xalan-2.7,3.198321657,57.1802452,4.723687179,19.28142063,6.625573341,2.603494882,5.986458275,3.422920351,6.278062496,2.004501315,4.817367736,3.729567871,5.930581312,9.768342088,4.799497642,2.06882343,3.683372231,3.213453785,68.07135219,55.18760255,4.877299557,5.154757148,6.149624454,61.26648446,4.518917227,4.088085436,4.223657259,4.416415916,2.230137593,65.0478544,9.002678253,3.858245388,5.574198502,5.877826107,5.561744124,3.785070828,6.570139627,2.618009233,5.346035333,4.606256761,7.479294671,4.024333859,2.027483666,27.36117372,4.829620379,8.035364668,6.993664453,5.520130933,1.007292679,2.957727291,3.550504216,1.002115914,44.40314522,3.792127212,3.214676889,65.0478544,58.46261959,54.68415079,8.164380237,5.516413117,4.205383866,2.778542671,6.398376317,4.883527293,2.799183727,3.642758254,6.436900361,10.14105908,3.765933619,11.26121215,2.636480441,8.431657463,6.613322954,4.824999762,8.358169703,1.007292679,68.54606286,2.618009233,19.2781301,7.41699027,5.63922396,4.764012041,3.122787389,57.02154005,3.031010346,6.422671781,4.064672763,5.574198502,3.031010346,63.90824641,6.218589387,4.971411936,7.581613595,4.958269314,37.30430498,2.806703488,2.189216271,9.60389866,2.032401522,3.129461659
xerces-init,7.104007313,8.401465234,1.000327833,2.201440378,9.582030092,4.081942376,3.47817751,2.651291922,4.723863928,9.420607788,6.631792233,10.33252219,4.816937847,4.015411067,11.03508616,5.367778277,8.139383857,7.719983903,3.389518848,4.475157011,4.779350137,2.567338273,2.608557919,9.372409829,2.651291922,6.445661087,10.33913582,2.198189312,4.122484739,2.255909472,10.43892307,3.233572614,7.588271084,9.582030092,1.001554285,12.0236753,0,2.834904548,3.591737273,10.49976656,6.407449201,6.398287684,4.122484739,6.62655445,11.12110507,8.959160598,3.359431861,6.477449238,9.531884476,6.478275557,10.42192177,2.255909472,2.197609459,8.696833023,4.272292556,12.0213294,10.65844002,9.486268679,10.67916533,10.60775731,7.222553949,7.174947016,1.001554285,11.96036725,2.192458952,10.49349173,3.384619406,7.731895417,3.607753161,2.192458952,10.37457452,2.196044963,7.738229387,7.58751415,6.355885896,7.085761955,10.38713632,4.081942376,4.020667441,10.16305392,4.634308311,2.196044963,3.434841884,8.868092369,8.696833023,6.407449201,2.142731423,7.835743476,4.723863928,5.367609851,6.548290625,0,11.96036725,2.834904548,4.941756337,1.000327833,11.04577445,7.291283461,2.608557919,2.024275969
xerces-1.2,3.560783859,4.566742103,5.804324437,6.383205146,4.279061371,6.40881217,3.816024989,4.816847379,4.981789824,5.152917829,5.527520263,6.413539455,3.452258606,4.54728711,4.333209293,3.541754248,4.684655568,4.685195979,4.987703255,4.392454311,4.437136203,5.532555655,4.827576717,5.104862501,2.887487574,2.350544029,4.57566222,4.201212056,6.172342028,2.576340112,3.418744958,2.014954485,4.310544882,5.723547628,5.044565492,4.721461898,3.888856482,5.626877401,4.601172969,4.472680865,5.923023335,0,2.681626156,3.685586842,3.38537582,6.069741626,5.970103324,4.32652351,6.203721501,4.691469983,5.411067713,4.506736047,6.60031984,6.019077346,6.263800719,6.110750743,6.707406201,2.350544029,5.123128903,5.106658054,3.319932138,6.268008985,2.469111784,3.08314451,4.410703635,6.413498791,6.613432622,5.933739312,5.352768717,4.071929726,3.00782741,2.486759185,6.691914017,4.513808122,6.105990456,1.002201986,6.292200643,3.173775306,4.39032434,6.283948909,2.503057232,6.017404351,3.600589491,4.341543212,4.005293373,0,6.094803738,4.631048791,5.307191891,6.395418776,5.090109692,5.815921198,5.471223825,5.725526018,3.058554862,3.264655145,3.509357856,6.627131108,6.105406148,2.506848085
xerces-1.3,3.983778138,6.133120441,10.58952731,2.986706338,8.151522832,0,13.87363004,12.79020895,14.11291005,3.008043947,8.878639466,15.50037422,10.65583698,11.20132097,3.444358577,7.678988079,5.368573596,25.69216255,17.19515282,9.435102606,9.957503392,9.235051076,1.000380534,2.619146448,12.48700477,9.485061291,25.3749527,4.056389155,13.40380062,9.408383782,8.344716627,8.151522832,11.13576753,10.30849422,3.38846463,27.41696824,9.665540201,2.30027756,2.754651419,10.20756198,29.21867419,16.69378018,3.756943504,12.54240371,11.19727926,10.67968043,9.793284423,3.014764788,9.559503687,7.557617209,2.380916225,14.65782127,6.777442889,26.3670687,2.054016239,30.29523389,10.43522104,13.69337926,13.31492344,2.300489122,11.9514522,4.608734611,3.181295661,14.55336228,9.835515109,3.914315811,11.84837113,1.000380534,15.54674232,7.45283184,3.347467628,10.07240494,2.408129453,3.022774468,6.94552388,8.094072215,7.776905358,10.2337918,7.134810678,6.568269381,30.88114528,14.64653576,6.185365822,0,7.792745085,16.97538024,6.53467804,2.044413998,9.541672471,13.69337926,25.16200421,14.64151778,4.682386783,6.94552388,25.16200421,2.672100975,27.49618029,9.789297027,27.45097075,10.77541432
xerces-1.4,35.97856674,34.33126009,36.31891916,33.33532208,44.60282143,38.89188651,4.142500949,42.90417277,8.872052279,8.973883802,4.400743839,5.609168131,12.72829458,42.8137803,6.005097043,4.827773365,3.393638286,40.30592046,4.759027813,3.975592675,7.219059322,45.32914816,36.909351,44.77031462,30.68618495,4.017339066,8.093249703,6.760810299,34.43011642,36.67322899,29.86488857,30.07160353,53.58822024,31.61244499,35.21124309,31.57700044,5.418748601,32.84797287,6.052746448,34.63902841,3.860447008,5.855823615,27.18329226,1.037406142,49.35423951,30.68728408,48.25125548,50.72207522,3.159081133,36.45047023,4.125547027,2.079668895,4.164020162,38.10958385,33.90642379,2.045078099,27.36039498,5.418748601,29.92503911,29.68498481,3.097020618,51.30372235,9.569598924,7.214215471,35.97956878,5.051504219,8.989360157,43.63266699,4.997970026,53.73091194,3.140624461,5.009669884,3.665814867,36.909351,4.375377289,37.67648506,1.037406142,32.85420343,4.943125938,2.030415333,7.214463235,35.97154455,3.932162557,2.310830129,3.282503829,7.99034454,55.1882697,41.90227145,6.719380478,7.064042382,5.852444902,6.040200057,37.92219244,4.221458588,5.284143344,38.54766948,31.39046293,29.81027395,30.97615768,34.7178784
