ant-1.3,3579.1108,5247.19994,0.517912684,2003.894342,5763.199107,5763.199107,0.519867062,1507.248847,0.536,4374.934538,1360.021723,1276.014514,1737.751702,5759.676148,3656.340734,3860.89466,0.535544964,1836.198057,3860.89466,3.331982552,2205.999686,5763.199107,1889.28097,4.419048643,0.519157722,3656.340734,1536.827744,1525.740445,1265.392688,5759.676148,6089.451283,5560.379706,4946.986003,0.512142509,1737.751702,5759.676148,1410.043249,6044.87253,3539.042615,1525.123092,5759.676148,5510.68658,1299.955372,1254.478258,0.512142509,0.517912684,1836.922356
ant-1.4,29.80082442,694.263003,562.2289662,322.2555752,346.219351,30.09720825,8061.340286,567.4315709,563.0200408,310.7977994,30.41781828,326.6999143,353.654485,305.8645524,574.2671756,340.1024879,711.7214624,342.8119378,333.1638991,0.365165228,313.0769193,567.6664491,310.7977994,567.4315709,567.4315709,326.6999143,26.5164711,326.5840244,342.9597363,322.2555752,309.2262877,567.4315709,567.4315709,326.6999143,318.2034847,0.365165228,316.1947525,277.6791185,336.5728149,266.8554922
ant-1.5,25764.83165,14.65245085,0.098642854,23347.16136,0.139933874,11.94357033,13.52546514,0.139902504,24885.59061,23943.00926,24631.78113,23773.52517,844.1420722,0.133922037,23397.30739,25554.60453,12.87410703,23322.15468,0.133922037,24594.64064,25057.90608,24619.1435,0.139902504,23773.52517,24681.87365,23315.30721,545.8312019,25028.7271,20.53672098,23348.70518,3562.575904,0.133922037,25048.28893,0.098642854,24511.14577,561.8951544,3775.197821,677.5384172,561.7845705,24511.14577,12.87410703,28430.19952,19929.89385,13.75493641,26351.2044,3794.453164,24708.84145,679.6970926,11.94357033,3297.435653,25624.5316,21039.87828
ant-1.6,8150.088734,18073.30882,8150.088734,3525.163063,8150.088734,6068.930499,1.336787792,1.15690271,18355.54444,6068.930499,4017.101525,16481.15092,4315.635267,5890.916223,5911.738193,3924.671443,1.647833064,6353.454967,5904.1585,1.652419077,3616.816884,1.336787792,1.15690271,18090.17113,1.336787792,5904.1585,18553.54072,6193.347368,1.15690271,1.65242168,1.15690271,18073.30882,3615.325544,6068.930499,16481.15092,17288.58201,16635.59003,1.336787792,1.336787792,3964.33975,8161.266571,5908.415927,17087.31272,16481.15092,18133.98513,8150.088734,5908.434922,3922.439187,1.652419077,16481.15092,1.336787792,1.336787792,16584.26941,18176.15548,16481.15092
ant-1.7,75.30619158,1.432102367,348.4491242,309.9913844,348.0472685,340.7347021,28.11635835,305.0340007,309.9601646,20822.53181,28.9687681,20775.95139,348.5696665,348.0472685,20987.90494,375.1125107,1.423699675,309.9601646,1.500671253,1.432102367,28.76129727,1.422707878,28.11635835,336.731446,28.9687681,1.422707878,26.64236982,375.0004717,1.432102367,336.6294931,21296.77842,1.422707878,19403.98657,403.3838679,351.8424947,403.3838679,29.62339171,1.422707878,26.8357187,347.8992572,348.0472685,1.500662141,1.499623598,25.60891993,1.422902966,20861.6432,309.9601646,29.37018337,348.9963995,30.64678922
camel-1.0,419.9974873,549.5249168,974.2457368,885.1335976,962.0728812,0.433607453,630.4620822,136.81874,978.345505,1068.265984,408.5469099,1.464841329,433.0152747,988.6538251,1372.766217,335.3139342,415.2230691,969.2676088,137.7382987,797.3514301,90.25184293,4.50897134,1.464841329,432.7268731,549.5249168,72.09484286,1.464841329,0.433607453,514.0621748,610.9179622,525.9181692,721.6150801,992.486225,1.865451056,4.50897134
camel-1.2,1821.063761,348.1843427,1870.354222,324.8023766,321.9644589,320.7397381,343.0643039,585.9882159,354.7058898,356.8912442,439.9707907,578.3043528,376.1607042,1186.418935,1457.84483,1516.43895,1187.820552,5.120906327,382.4336827,508.3476655,1568.740142,1959.370051,603.678259,324.8023766,514.1385531,356.5199949,376.1607042,915.4567628,1818.224039,376.1607042,1538.521481,376.1607042,1190.793215,294.4272126,911.6438545,267.1550886,389.3455129,356.1510295,1583.461498,1446.248128,420.9629929,1577.778934,1762.000368,433.1417963,1762.000368,426.299156,1056.786812,465.0284327,237.9267868,322.3770303,314.2518739,1271.633506,645.1001429,3.799871237,932.8684428,78.89154732,255.5763393,1492.90066,932.8684428,1495.586352,1084.429966,393.6804355,343.0643039,1736.004756,514.3735873,297.4515289,1617.540723,1864.613265,294.4272126,321.9644589,925.9004427,349.3552346,488.2426231
camel-1.4,1.553574292,48.8930086,15114.93822,15084.78578,2.75606409,1.66381911,11360.21277,13798.37428,7922.614284,14649.05811,14455.20171,15783.84473,18214.3585,13648.07593,50.84204432,10451.80993,15599.45895,14379.8799,15842.56417,14149.60024,1.722305231,9249.269272,13691.70815,13814.18747,10151.80252,46.04438716,53.5695883,11372.99402,9799.754274,13783.69256,2.145013365,15772.14079,52.13834037,14771.11655,1.804207634,13814.18747,14369.69952,9898.595281,1.707278516,2.75606409,53.5695883,14888.54751,53.52893658,12167.36249,53.52893658,13604.97284,14246.23445,12264.33707,15114.93822,1.572771285,50.66486606,52.10140552,15855.89006,1.751591341
camel-1.6,11.02758289,5728.608923,3.519173654,9857.251449,4856.96594,3.437825036,3.519173654,6311.165987,10523.58263,11.04026993,5512.659321,3.435740189,5160.918829,10795.50455,6177.705606,6165.244518,4999.086717,6375.384372,3581.095035,10366.92049,10366.92049,9914.630733,5593.244107,5719.303329,3.519170295,5971.185164,9914.643168,6112.487882,3.438488,6.34766248,5927.201784,6107.574574,5266.281387,5730.469175,5965.422345,23.56298278,6.262565894,10745.67861,10688.96589,6097.497186,3.519173654,10392.72514,10788.96579,5983.028241,6105.887477,6023.94437,9797.05323,10345.74208,5910.327739,10226.06024,5904.224254,5690.065068,10226.06024,5609.087451,9.094242815,9814.628212,10788.10564,5159.39747,10371.83398,5896.893231,9.023764081,5975.059378,6216.913714
ivy-1.1,34691.91945,80.07642966,79.96691957,9.585581383,9.402691283,64.63674943,34365.79616,64.63674943,10.05107612,24.43019176,34225.05323,9.585581383,102.1078716,37153.85218,78.01389326,79.64105953,36208.18003,10.37657008,102.1078716,35538.76558,40649.33788,6.663428508,105.4720478,9.585581383,24.8558551,34570.83847,33620.88607,34446.75122,35226.54377,38749.39358,24.8558551,34691.94601,74.80956547,107.959265,76.91403918,9.76944483,38749.39358,24.84521613,74.80956547,35455.02479,34991.57212,109.938307,39974.73588,31676.26621,77.26471539,78.78786044,129.3634975,9.585581383,74.70698267,64.63674943,36208.18003
ivy-1.4,549220.7206,537724.1895,336582.1017,581477.5069,307717.7228,352898.1063,279046.0105,563582.2918,278684.031,548870.9057,307430.4827,333135.4411,547295.2038,533061.9149,547225.6822,561777.8425,336678.8288,539705.7156,547405.2558,576816.2919,316360.8251,651510.8985,330611.0048,539052.0244,557892.6253,314077.6683,537.5298024,372656.2552,561908.2827,336611.9443,581477.5069,554181.7592,539616.1287,576293.2358,555382.188,336393.5908,427035.8477,329162.435,547712.234,305572.9571,321992.6795,7047.112023,547830.2413,553390.1588,532622.8333,306732.6584,547197.2753,309651.8366,318255.4705,331596.5953,339807.548,326618.6117,538821.2904,549199.8579,398652.8389,581477.5069,547857.5784,549220.7206,318255.4705,535220.461,549220.7206,547857.5784,314174.1974,651.4335517
ivy-2.0,145318.2144,2105805.769,139306.7387,371585.4229,84349.99374,165838.7553,132223.9952,2057324.735,131963.6214,2030148.121,184905.7204,2107336.64,2059615.616,309464.5652,2012537.219,133681.6165,147993.9546,2040138.082,309464.5652,170952.85,2027220.885,147993.9546,191026.6314,132223.9952,2087819.774,154109.5665,184905.7204,133681.6165,2048261.454,2117949.509,170253.0974,2110436.133,149993.143,2168363.618,2132034.273,131889.6288,309464.5652,2188920.122,142717.0518,2031610.574,177000.4548,200004.0352,2188920.122,309464.5652,2132034.273,146504.9838,143907.9023,133681.6165,2112959.108,2112959.108,1950390.793,133681.6165,132948.7004,200004.0352,131889.6288,154303.812,142795.0592,180781.7122,309464.5652,191026.6314,309464.5652,177000.4548,2188920.122,2188920.122,132343.4836,132223.9952,2088265.369,145731.8838,156355.783,153565.2038,170253.0974,152647.2272,309464.5652,309464.5652,2188920.122,154008.1099,2177077.28
jedit-3.2,44.22876364,92516.93546,43.04651573,63853.40859,28.52825924,76.10975383,75463.84269,18.75735313,111.6908024,24.10366919,33.5438731,25.73706064,50.63517437,111.6908024,66255.9702,82524.40174,33.5438731,33.5438731,76.10975383,58158.87022,85383.6624,66194.12651,77562.41596,38.05292221,58158.87022,25.73706064,76705.11748,17.86549534,66199.4886,36.77796078,28.67758995,29.72031455,67694.9758
jedit-4.0,5530024.36,58312616.62,4194242.005,4943957.138,4794738.98,4322648.806,4001223.866,51336048.78,6760163.537,5013163.501,4235643.154,52355330.77,4176260.015,4401223.508,53016855.05,4235643.154,4235643.154,4991962.646,4319106.911,4219502.371,5011418.52,4948449.493,4947757.038,5076965.23,52340433.18,52997104.05,4796043.168,5239606.677,53005715.3,4859961.876,4235643.154,4251481.203,52961469.28,4235643.154,52759216.16,53040252.7,5267809.428,4976887.122,25879741.81,4189762.55,5056734.774,4554340.691,52355330.77,4517562.095,4293599.551,51549031.37,4323618.9,52735518.13,4219502.371,5267809.428,27233605.3,4241372.642,4293599.551,25917364.18,52822325.9,52988392.12,52355330.77,52340433.18,4794870.117,4973733.203,5019666.822,3969371.044,52968159.05,59185619.11,4484588.585,5267809.428,5019666.822,4432744.345,4958147.713,4048043.109,52333068.73,5530024.36,5543717.698,52355330.77,4236792.65,26678775.1,25917364.18,4191036.174,52355330.77,3986318.286,4235643.154,4776666.102,52988337.45,5530024.36,27225311.32,4194137.781,26076347.99,6542690.068,2376536.626,5267809.428,52999584.93,27233605.3,4219502.371,5530024.36
jedit-4.1,5106.192623,3.232206519,4969.754835,5175.768398,1.46470188,3.214867486,5021.090527,5181.536354,5080.770485,3.221321987,4813.11514,5031.437462,5194.908903,5093.310816,4691.641787,1.468911948,1.886248842,1.811744434,4639.214393,3.221321987,3.214867486,3.006602161,5039.153971,4950.384109,4994.847883,3.221313435,4593.527671,4471.566152,4966.50329,3.210651361,5142.42049,4647.478394,5021.090527,3.003666101,4671.050272,4705.459215,4903.356006,3.214867486,4812.017156,4803.596035,5181.536354,1.46470188,4813.11514,4956.955424,5089.333409,5213.560528,4962.558238,3.003666101,4658.78356,4890.257377,5203.870475,5142.548678,4672.11792,3.43504399,4895.531147,5107.583506,5077.68051,4678.166999,4471.566152,3.210651361,3.250359185,4813.11514,5093.310816,3.210651361,3.23994718,3.070467862,4691.641787,5132.235092,4896.421936,5214.289668,3.268645202,5012.561736,4981.253338,1.464157681,5265.732765,5174.937255
jedit-4.2,953.9700473,1.626761996,977.0589236,2810.6441,1226.177123,1089.673127,1264.322556,982.5329848,1.204722277,213.6773947,221.0267107,965.5771545,1226.177123,1021.734763,1216.980432,1089.29492,1185.522171,3705.710516,967.3883823,2338.312811,973.040035,2603.718074,119.0196043,1132.044746,9725.223648,2936.675663,211.7571178,1034.184473,962.725187,1.626761996,1193.939494,96.13749347,1092.254923,3641.384167,988.8088281,1153.17572,1.204722277,228.4888198,930.9255364,2945.22327,122.3782105,1132.293533,223.4218379,965.5771545,1.161631422,2955.156945,1186.02775,220.8800228,961.4962884,122.3782105,1.161631422,927.4203135,1049.311334,2810.6441,0.745845614,107.6631913,1125.425926,2945.22327,196.6677797,220.8800228,968.8435897,1225.747549,1092.254923,4282.775614,1153.17572,211.7571178,1104.869948,1152.510462,1.204722277,1066.465713,964.1115805,219.0228573
jedit-4.3,0.028430311,43.58910178,2.319036534,30.60674316,0.028908608,0.028430311,2.318530117,24.25068294,30.10692581,28.54908163,49.12571564,49.12571564,24.25068294,2.319036534,42.71637547,49.12571564,44.99963705,31.64309665,2.16790275,0.028045192,42.70987672,29.42626193,40.84776034,29.80598575,2.16790275,30.60674316,49.12571564,0.028430311,39.7488914,44.15557918,0.028908608,37.97924184,2.132543946,49.12571564,49.09891253,2.388607082,29.80598575,0.028045192,0.028908608,0.028430311,0.028908608,24.27184097
log4j-1.0,1.276642425,193.1352431,173.1544697,3.55090232,96.37598145,1.278595874,3.460940967,1.264396687,3.489828307,1.407558975,1.574998866,1.414796285,227.8922646,4.482195427,6.465146866,6.091111086,206.6951578,1.881619758,1.414814814,3.229482921,3.373587594,1.327912072,215.6078528,149.8426106,1.318556593,3.379068459,93.03578897
log4j-1.1,37098.75524,3.419735468,35013.45713,2.880733945,31359.70508,2.60678094,34816.77288,35013.45713,35042.81163,37740.3854,3.333155842,36091.15327,35042.81163,31347.96427,2.678419112,35245.96723,3.333155842,35584.45804,35013.45713,2.607944615,12.7774897,33328.62151,37010.15762,35042.81163,2.60678094,3.863921491,2.668108578,3.863921491,2.547415676,39334.2426,2.599500871,33166.29826,35013.45713,2.668108578,35301.96987,35417.35781,3.419735468,37098.75524,35047.6075,2.581579836,12.67465727,37472.07164,35459.12051,2.72423188,35042.81163,37740.3854
log4j-1.2,677.3652294,634.9988661,572.3567367,583.4376638,126.9687736,126.9687736,127.568756,690.2999181,5.781474137,153.2377526,726.4087727,156.3212542,622.3895502,153.736431,649.4919962,8.204364323,143.9479829,583.1934921,145.294948,142.3053623,142.9560426,627.4963292,6.380400483,147.0099594,144.2297045,8.204364323,119.3624813,668.9268857,142.3675317,177.2248314,622.3895502,592.1284173,145.6509866,8.204878122,8.189723348,643.9427594,597.2355469,5.773502678,154.5675345,581.6476527,632.5040281,8.204364323,762.5555138,117.2824339,509.501702,131.5586389,179.2499978,131.8279308,601.7438648,153.9294263,648.7723982,632.5040281,8.204364323,587.7247381,673.5177243,726.4087727,622.3895502,145.6312237,696.985837,629.7472481,156.667773,95.66827645,148.7499081
lucene-2.0,7100.321534,6.32032413,7704.675195,7454.964241,5493.191574,4609.501617,7.158484372,2952.253843,7296.398971,7462.033395,7305.061163,7343.107336,5868.541883,5719.479508,4279.928849,7502.178174,7421.202757,7528.218021,3319.392192,5745.308736,7418.057631,6.675397598,7404.711471,5825.086093,4836.671616,7296.919353,5727.953518,7448.397654,4578.673285,5737.247145,7422.185908,6.32032413,5825.086093,5745.308736,5827.605274,10.99647822,4546.522642,10.99647822,5728.128071,7099.228061,7528.218021,11029.8932,3591.192101,5931.165241,5550.490862,10.99647822,5843.409118,4765.082036,7528.218021,7521.945235,5789.28196,7422.185908,5638.947637,7165.402421,7409.876608,3318.981549,7163.86007,7317.896509,7427.178492,18.89856104,5669.103042,20.92247546,5745.308736,7138.094585,7492.434519,7418.057631,18.1170735,3594.237109,6.675397598,10965.26004,3591.757026,10.99647822,5714.615654,6980.100031,20.88194382,8180.46685,5889.563168,4269.136237,5704.565364,5801.493611,5729.457311
lucene-2.2,342061.352,284865.0126,200646.8719,117180.0838,190652.4682,145849.6732,69237.88574,105583.9612,457.1565916,276284.3508,102831.2324,124629.1793,122971.5251,323.6385665,233046.4614,202217.0199,327296.9143,320.5789533,101679.8125,60600.08169,111800.9241,243138.725,384.6908413,342136.3447,132035.4813,189450.3525,165312.1881,148958.3461,157371.9716,191366.6832,60686.03168,151962.9638,384.6908413,106141.5195,322621.7523,110343.0744,105535.1097,191120.744,69120.8341,152133.0056,320.5789533,100762.3994,145520.2167,167370.8537,122454.7549,161159.005,190235.3575,328935.0461,356.0955734,361.1739032,275955.9827,149073.0011,122454.7549,274920.0523,330539.4641,165136.1678
lucene-2.4,6549.214359,7455.581616,8304.05674,5913.038455,6139.244614,4732.922321,9855.830815,4216.878919,4192.991464,791.7918232,6127.242684,6401.178684,18516.90955,104170.6108,7999.888571,5343.251517,7747.468014,6164.453956,5855.743383,5289.718802,7962.139107,5271.6915,6085.23675,5020.170724,5671.492385,6401.178684,2420.233192,156.7650906,5257.887824,7458.922855,5089.006909,6128.305181,6147.381169,6173.714985,5636.274657,783.280708,5855.743383,6151.382667,1939.837256,5236.312975,6764.359404,5343.251517,9854.312848,14956.42435,6476.106788,15302.86737,7746.209099,1522.131846,4782.137697,5222.030267,9839.557061,5070.505572,7746.209099,4714.385579,1458.645899,7713.096078,4663.875865,5269.675483,15302.86737,5950.200692,6401.178684,15383.694,4303.471416,18506.4385,6302.562781,14953.64423,5906.320228,66308.58319,783.280708,6773.854386,2727.446111,5257.887824,5190.797277,5343.909949,6314.122915,2167.013221,6134.679208,8040.118091,5295.731408,15402.95577,6173.714985,4037.057002,6040.904327,783.280708,5913.038455,156.7650906,4714.385579
poi-1.5,2536349.512,10834.16289,2055925.649,8870478.901,8900828.321,2039983.517,95.45530897,9506381.978,1815.749149,1949535.605,1774010.72,2032313.142,2536349.512,2055925.649,11.10758133,9514661.593,9213006.22,8971943.037,9304064.512,5.217486075,8830685.274,9093186.448,137.2173814,1992912.613,8977154.716,8953285.26,1753.796688,8687993.989,9625607.66,9113987.534,11.06777974,1950990.287,1956944.738,2747788.3,1844639.174,8968391.294,8687993.989,9338630.596,9153580.106,8702989.771,9294870.935,413.1409457,1841995.642,9676084.269,1993396.797,2137454.536,9294002.152,8967653.911,10.87327904,8953285.26,9407724.888,1936092.519,9111203.473,9036029.325,9198754.753,1943419.145,8953285.26,2138027.699,1993396.797,8923943.115,9079241.185,2137454.536,2004146.468,2619862.003,9143136.669,2051940.832,1750289.557,9198754.753,2744220.533,9409180.401,9194736.517,1112.511514,8700266.3,2023350.373,9352709.57,2528763.288,1950468.472,2571454.915,2553902.413,9093440.89,9045589.398
poi-2.0,211.5687894,0.131996926,147.7599496,544.3481253,0.262546306,1467.470409,3035.845185,17250.90152,0.262546306,17255.50082,2068.510838,0.131996926,210.8446449,0.237924349,0.262546306,1607.526655,18107.64034,0.131996926,168.2850192,18576.50187,151.5946599,1626.05138,0.262546306,17879.50462,0.262546306,0.122773726,1621.324926,0.136948395,0.262546306,0.237924349,215.1021921,1940.556138,1812.549162,174.6833053,1736.529312,210.8446449,0.262546306,210.9066906,0.247610782,3302.946622,0.25855216,38.03645131,0.14475582,143.9568084
poi-2.5,1064.14002,956.0717928,594.8567604,607.6283403,593.6855478,595.019991,1062.787445,1124.489398,3.46557834,161.2108934,7.642978993,3.645080012,917.6033782,738.7993145,3.453611034,11.06081536,471.5947679,8.415666064,3.645080012,161.2108934,161.2108934,11.06081536,10.72236632,3.426967041,764.114477,11.20186306,875.3082808,598.5461773,11.09384608,962.5996668,1150.579106,11.92756778,7.805585236,7.25249232,10.72236632,470.17291,10.25805062,3.645080012,594.8567604,501.7383635,562.5519749,3.645080012,669.1846149,3.426967041,532.5046303,3.645080012,855.8423588,592.0606537,1124.489398,607.2082998
poi-3.0,7327.925152,8901.948107,4182.604283,9267.577258,2.979355021,7702.450968,6552.194793,2.678175608,7327.925152,7915.622065,7454.499515,7927.058727,7516.573185,2.661958806,2.187174485,6514.313582,7454.499515,3.012962536,7726.35783,5834.867211,7137.156871,7195.81362,3863.407654,9269.196866,7482.78024,6176.740439,9117.585279,3941.913427,2.837106567,2030.640749,2026.721817,2.818935397,53.85821088,7350.198721,4062.360661,55.61360325,3851.949596,63.57835638,6171.383835,7721.884306,7085.901914,9512.90519,7629.769508,6514.313582,7262.925616,7536.110351,7454.499515,3004.143215,6692.081604,7454.499515,7470.186969,7669.174473,4151.615003,7195.81362,96.74136837,7187.164477,1007.213648,8021.097241,8998.711908,3912.792558,9351.217005,7668.774889,7230.569679,9289.174487,2.647261734,8921.16609,2065.653091,7262.925616,9304.278451,3821.129082,6529.360263,9377.404709,8901.948107,1007.213648,7571.07676,4.421304018,5.013865124,2179.837955
synapse-1.0,201.3557579,162.8420475,555873.7354,155.8941774,156.6177805,160.4193333,160.1967454,5432368.169,157.0330102,204.0472884,155.8941774,0.211100077,7340148.495,162.8420475,162.8420475,5271587.276,24.63571838,164.7744092,164.7744092,162.8420475,168.438221
synapse-1.1,28.66751641,20509.018,2.72186019,18287.32572,21505.51812,21.73009759,53.08396099,32.37830025,20980.4321,20.49170574,2.327181598,3.167973193,2.362858252,19436.1094,28.87752309,55.11855006,17890.48996,18436.92862,46.47105786,55.11855006,19164.76063,1.948307479,21009.22694,30.71094773,28.77945947,56.75339705,20447.33889,2.72186019,19164.76063,17860.40435,20483.14416,20349.65345,67.91440139,19951.39729,51.42997864,19805.24227,20413.16633,18.30948471,17.48786014,17.66945581,38.21303969,19912.22683,39.83704799,20996.87664,20476.39087,21227.98813,21440.09137,18.82331004,20058.20018,20301.38868,19819.73819,21041.3543,21509.75507,98.80413672,19148.68015,17876.26451,54.9842797,20293.25558,29.66017389,18.94355246
synapse-1.2,1530975.635,1732617.949,2616631.577,1445538.456,3059679.43,1725452.772,1302175.019,4075692.847,3012704.988,2667623.04,1727097.744,1338441.185,3619735.691,4010821.087,2674277.709,1403749.566,1306975.095,3051911.654,647651.7846,1156848.624,2642395.934,2651522.738,805486.2477,4080559.951,3049340.652,1530975.635,647651.7846,3224553.553,4075692.847,1732269.831,2674338.286,2815893.549,1197161.916,3064206.244,1094756.518,2572525.44,473050.7394,3052738.741,3078502.812,658641.9283,2815328.81,3135675.632,2830794.351,2618409.714,3576784.112,3081919.961,1418668.341,1684417.396,2661262.826,1684417.396,2673646.39,2572518.062,3071585.358,1155697.274,4082787.92,1479173.277,2829795.601,1223900.783,2667623.04,2674277.709,1338441.185,784877.8624,2674277.709,4054052.171,1533319.904,1157319.83,1609310.601,1155849.693,3111750.379,2572518.062,795494.3703,2677242.708,1684417.396,4082787.92,1478653.598,2677709.524,1534758.307,3494937.263,3182044.261,1401771.649,1156512.383,2691950.178,1360999.004,1231152.985,3588843.471,3058591.628,4075692.847,3590896.153
velocity-1.4,53.79479623,137.5096455,4.200207778,657.6891124,664.2532591,3.071780868,192.5000629,238.9023052,3.31446183,3.056045842,3.102566701,4.194702649,250.7419478,3.027321913,330.2522942,3.186496822,4.416457885,4.280634491,685.6373451,51.08187862,250.7909884,609.6676252,3.056045842,137.9451352,3.241225479,52.91186845,4.336342071,609.6676252,4.16906223,245.8567637,245.3241395,213.6094804,184.1242877,4.16906223,4.236477239,137.9451352,260.2023571,291.6722231,3.31446183,806.8862404,128.1107785,4.194702649,686.0614942,238.9023052,192.9420194,667.3852463,693.2581267,634.786941,34.85917864,259.1306373,793.4962647,609.6676252,661.1494907,718.329095,130.6048579,127.1174167,3.056045842,4.232594646,630.4053696,673.5620693,639.5823377,53.06566347,632.5276915,4.16906223,3.056213008,605.2960177,248.0469501,138.6168667,569.9034379
velocity-1.5,201691.5282,4900845.173,200871.4514,201652.2823,201717.5917,4576050.326,4893057.247,4895104.537,193323.6035,4568758.33,195648.9952,200184.4455,4905265.339,193526.9179,194281.9765,198391.7093,192242.1393,4747394.298,4385843.696,198529.98,192353.2704,178509.5378,4900845.173,192030.2727,196757.9805,200604.5442,4747196.848,200604.5442,192128.5962,4747535.514,4748176.82,198372.3532,4385843.696,198679.6515,4893350.289,4753333.45,4902433.592,196613.0818,191763.1195,198391.7093,4737940.198,192449.1402,191837.8493,201714.496,198293.4987,192909.3377,192642.9478,4753741.112,4750865.644,200625.8604,194621.4437,194444.1894,193657.7978,200799.8788,200607.942,414553.9024,4385843.696,198051.7883,192366.9185,4900845.173,195695.8775,192981.3755,4576050.326,192463.6944,195484.3695,414387.8349,194524.9794,191740.8865,192366.9185,195667.1353,200845.804
velocity-1.6,179.4007574,38596.68017,2278.468329,2713.329586,563.9351468,2716.334642,25370.1545,37157.017,38020.94341,232.6287351,2321.278832,164.9492988,27097.14463,25635.08076,38761.01911,34689.38007,3228.552764,384.9060049,34661.27623,2716.334642,2278.468329,27251.78373,34898.78284,2238.053037,24732.15822,36694.31956,2661.785985,46418.40601,2660.870978,106.0720209,37886.65438,331.6367716,212.0543079,34889.30425,2238.053037,249.1014636,2591.041753,28365.89795,906.7717994,29689.35427,2302.468273,45628.43195,2279.1734,37939.63324,986.4094444,2360.234176,179.4007574,27389.05026,371.6737995,2233.758316,25635.08076,35774.15681,232.6298957,367.0994943,2170.327408,38761.01911,2342.179618,2278.468329,24837.486,2343.931083,2233.758316,3228.552764,547.7934757,371.6737995,27241.21923,30737.47885,45826.51566,232.6298957,2279.1734,2245.988166,30293.57904,2711.975907,2234.99114,35540.00732,2547.967409,2237.678883,2278.468329,2360.234176,30708.94108,2279.1734,2237.678883,329.516077,374.8234213,36128.35434,28025.93957,367.430087,358.9800163,35162.13169,34913.05957,30990.27075,33806.24998,339.744253,2660.870978,2140.847829,35204.22402,2237.678883,36547.85988,38761.01911,331.6367716,179.6484722
xalan-2.4,1188078.218,968399.8682,1406124.714,1104882.335,888352.3645,1125555.855,1120424.4,1202776.196,7300.20718,1503256.593,1246221.912,1201767.748,1533337.292,1164154.879,943095.6545,953355.1594,944341.3947,1511005.127,970731.5234,1011136.326,1202776.196,1112364.209,1186970.327,882795.7152,970731.5234,981632.3765,1070091.063,1479002.851,902575.0911,954335.6642,880718.8107,901855.3784,1100448.834,3410091.059,968632.159,974641.9989,1121099.149,1051393.404,1184238.868,1252846.336,1135797.377,1128249.042,1944284.662,967017.1065,1064442.974,1225172.65,967715.4832,972643.4651,1533282.031,1129030.395,1108306.983,1035597.02,1011421.838,1525951.454,1184228.122,1123670.645,1117172.119,1116902.462,944341.3947,1085688.39,901157.7954,971945.5701,1268660.544,1034560.19,1034608.703,1268660.544,1045351.517,1164925.229,935914.6293,1005664.003,1512826.681,1011158.675,1296404.389,984343.0389,1236237.887,953075.3701,1235368.214,1161641.424,931779.7909,1246221.912,1044595.111,1225456.528,936957.8925,2254.555475,1120424.4,1008510.988,1019242.474,3407015.485,1014780.64,945540.1075,985512.9886,1161768.666,1018891.332,975330.4048,1534026.41,815848.7752,1196258.626,3372425.299,1045351.517,3438068.281
xalan-2.5,1205.518645,1200.860334,1227.438546,1189.523767,1262.742041,1225.93696,1351.083918,1196.826644,1181.198802,1335.03139,0.858624263,1287.237058,1466.877147,1224.229415,1196.826644,1242.02592,1156.508313,1229.712293,1260.658496,1283.4083,1157.857778,1265.899316,1288.909797,1220.859439,1225.555428,1168.399731,1156.508313,1226.144132,0.775425637,1226.794945,1176.352032,1288.245833,1588.296296,1263.745856,1170.23392,1372.914208,1243.964371,1.306351177,1178.964455,1254.394291,1503.282073,1223.924716,1280.836809,1252.847787,0.792340938,1256.426646,1337.781027,1288.756348,1196.264904,1351.315084,1249.614938,1307.045186,0.792340938,1283.4083,1177.651998,1285.460022,1196.826644,1.623725469,1259.720919,1549.582202,1247.953736,1262.759223,1181.189082,1229.712293,1335.185533,1234.516903,1267.622924,1200.764122,0.707843212,1335.889888,1169.425072,1236.125459,0.792548876,1168.856443,1258.813218,1248.917141,1295.650205,1267.076788,1345.345504,0.792340938,1268.615009,1288.876218,1266.759082,1165.986124,1265.23464,1337.482348,1172.489862,1168.944988,1234.242875,1331.598385,1225.492804,1285.528138,1202.162883,1.583207109,1169.109195
xalan-2.6,4700763.818,4698735.008,2971015.508,3057289.508,2798670.163,3074087.418,15585000.21,4597597.712,4414085.118,4699728.415,4722213.113,3698524.114,2940723.79,3656621.36,4692817.216,16410004.25,2941096.63,4375401.097,3719531.087,4777178.174,3740163.913,3573070.037,4632711.716,4746075.662,2729436.524,3610084.536,4638884.788,2928074.027,4694627.797,4638884.788,4655006.507,3652545.482,3557260.434,4548592.848,3609254.341,4642083.184,20114212.28,3069943.955,15666713.76,4676907.939,4781536.55,3750346.912,20667187.36,4706350.408,4722213.113,3076344.911,20202479.18,16341776.22,19926955.16,20105203.31,15616771.96,4727545.304,2317796.202,4497313.747,536960.2155,3058209.783,3720938.223,1496512.246,3621499.089,3610515.422,20195013.5,4263492.304,20023891.72,264.3217374,3401520.82,2945804.652,3589335.485,15644847.3,3509083.657,3847091.618,3780483.613,4735622.466,3448159.901,4759539.096,20136202.07,4784285.611,3652545.482,3614696.602,2968970.017,3733660.956,2715826.666,264.3217374,4660628.353,1491868.238,2702535.354,4664156.559,20092430.32,3657170.784,3076344.911,15634173.6,2734335.218,16356400.19,3758427.105,16061449.73,520833.1716,3803336.659,4711698.834,16349697.67,4497313.747,2752946.254
xalan-2.7,8177857.909,6007.265025,3636776.76,8674162.761,1025104.009,31254886.4,31855382.21,1126447.974,1034521.127,8566136.684,1055836.902,21972475.47,1047161.239,17624749.61,1156066.217,31855382.21,8680790.041,7380165.373,6007.265025,7467063.292,1277124.536,21956375.35,1277124.536,1056460.604,1174372.928,1055902.663,1132052.656,1040052.469,31254886.4,7763089.539,1112611.94,1005744.019,31275991.08,21972475.47,31380652.16,7400136.661,410646.9368,1046820.429,1011324.151,1118161.476,1118161.476,18223292.13,1047161.239,991780.143,21972475.47,1045077.567,994556.0803,1046820.429,7396632.311,21956375.35,21964448.93,1056930.723,9740345.408,31765778.78,1109529.158,8674162.761,24438.89371,2723194.837,7650622.009,10067768.16,7467164.13,1056283.457,17645380.17,7192599.167,1005379.634,1055836.902,8676012.036,21972374.86,8450383.017,1156167.989,3571862.084,1132052.656,21956375.35,3477865.756,1039985.756
xerces-init,3927097.981,3907630.364,3916147.776,4002986.198,4104722.454,4116171.869,3916222.071,3862879.485,3900655.32,4369998.752,4100226.858,3.302186117,4071791.626,4241121.198,3889399.752,4284887.532,3909540.006,3932638.827,6011.150474,3.580238651,3969319.813,3915095.797,3955526.127,4381579.541,3973936.932,4042639.12,3986840.554,3957156.705,3964210.807,3.063136654,3913265.835,3916807.699,5922.705675,4383316.602,4375252.198,3833604.359,4056268.741,3971321.235,3990236.536,4099272.489,3.301830918,3.35563019,4377791.024,3871052.814,4431475.613,3969407.059,3975173.369,4282880.369,3.580238651,4372624.329,4192656.3,5922.705675,4377791.024,3889399.752,4234477.058,3.128027998,3897675.934,6544.365612,3.111841167,3913800.397,3977501.28,4032306.851,3954950.757,3957156.705,4048749.718,4027565.002,4373412.805,3935398.992,4046438.234,3986840.554,3947868.539,3907396.478,2.681235698,16557.03364,3.58572118,4010995.105,3.082020922,3907630.364,3950720.715,4284305.956,3918816.084,3870162.996,3894659.136,3907396.478,3977059.822,4227200.354,3891572.324,4120206.07,4029207.1,3988441.525,3923634.122,4384789.74,3916583.659,3913911.189,4322033.347,3912216.414,3.144348704,3912354.595
xerces-1.2,0.488636364,31189.5875,21339.66601,31.80384983,38.62918199,35940.6608,31173.24834,29307.22899,31065.25811,40.62135457,31.51166395,31.79599787,21361.32368,20393.72983,31.79599787,0.488641378,20662.0899,31244.4897,29340.79323,29575.01356,21652.90483,27748.50494,20762.59039,31.71056813,31173.24834,20906.66793,29947.51995,20439.21087,28945.88965,31.79599787,40.62135457,31169.53687,29.16436562,31067.98626,40.62135457,28988.38833,20040.75271,31040.99373,29573.87363,20287.24588,20862.37135,28645.06031,28708.78269,28519.76977,28794.38344,31.79599787,31.79599787,0.771535542,29199.19343,35256.52506,28794.38344,30392.72731,20863.25835,31.79599787,20662.12908,29385.02375,20662.39645,20665.46816,20874.42791,20779.53054,31170.95248,29407.18174,29172.25317,30363.69361,20514.28596,21007.46944,22102.17126,29092.21182,17.78069103,30688.20897,30755.05764,31.81700719
xerces-1.3,4966.189716,6036.12515,5068.834135,5451.000056,5996.309502,4955.005316,5947.145617,6036.12515,5157.143407,6111.979629,2.673626972,2.437860044,5947.036832,15800.35872,4064.077027,5276.895581,6036.12515,5825.328847,11091.36432,5027.691299,2.673626972,4955.464229,5426.259336,15800.35872,13335.36591,6.369087435,5051.655437,5041.087746,15712.07101,5726.66897,15755.16526,5236.341541,5453.254935,5236.341541,6.369087435,4898.942078,15422.85114,5276.895581,5302.617223,5229.230616,6036.12515,5184.106501,4831.047129,15800.35872,5439.21565,14280.12052,15800.35872,4966.423015,3.521331232,11091.36432,5930.770395,2.673626972,5444.339444,5.607042706,5051.600514,6.504319552,5136.624812,13425.84929,5700.355056,5344.959978,5068.834135,5116.030725,5041.341627,5276.905918,4966.423015,4966.189716,5930.770395,5625.759053,5051.655437,15800.35872,3.036202066,10700.10849,5044.660362,5234.285125,5947.036832,4966.423015,3.425745741,5359.191636,15522.41714,5907.195388
xerces-1.4,480483.0206,718272.0178,881.2658165,4951827.294,4958694.273,513523.1554,480483.0206,599841.8745,6596605.412,514158.0746,703324.8735,916.6024592,6641342.55,6663599.046,881.2658165,520135.9785,34.47148384,6637825.703,520135.9785,526925.4672,6584664.827,520135.9785,6576734.572,513079.6979,715796.2598,610896.8497,6744050.956,520135.9785,445717.9958,1007.829007,6571715.787,4967490.356,520137.1138,519551.4269,952.3299423,553158.728,528991.8772,701563.753,4951740.341,515081.6813,588023.0515,599253.2415,6640824.623,716418.9878,916.5662219,6748980.907,6627472.522,6627366.874,520135.9785,6622639.935,6567792.399,517969.9768,369021.108,695525.4539,523470.8053,916.5662219,4966104.249,520135.9785,6651939.89,6628979.228,702417.5922,6640899.026,599682.85,4968840.381,4952419.585,6633039.74,966.3589701,916.5662219,520135.9785,587.6071223,599483.6104,6631930.705,916.5662219,916.5662219,6619779.885,519341.4596,891.4367013,952.3299423,916.5662219,515081.6813,520135.9785,916.5662219,520135.9785,599167.255,6576734.572,522457.6179,4951827.294,587.6071223,480483.0206,716135.9505
