ant-1.3,0.536,529356.0164,630352.2878,647495.5879,0.536,1582859.296,0.536,630352.2878,682775.574,686857.9615,645463.2679,0.536,347888.8545,654180.3071,3953.824732,671425.1343,600368.4001,534437.3922,0.536,602388.3379,601098.2249,0.536,696869.1619,647495.5879,0.536,531391.979,629734.7719,1593156.285,556191.4695,548278.7539,631560.2363,563610.1624,0.536,699275.194,562660.6189,556191.4695,1593167.416,3953.824732,358182.0693,490848.5092,0.536,790184.0993,644512.3843,658736.4998,747060.5374,370039.268,700586.423,0.536,603900.9885,643084.4396,647813.1519,630352.2878,656091.3808,696869.1619,696869.1619,629734.7719,551896.4628,710353.7027,693888.0714,0.536,650654.2948,591339.8489,0.536,0.536,0.536,0.536,1591739.251,0.536,1590959.581,637392.9295,652501.9642,0.536,3390.239967,11557.65576,537635.6673,1589902.562,0.536,652325.2066,0.536,201748.5469,1591739.251,509128.1666,629734.7719,672622.0212,700586.423,3953.824732,0.536,658897.1851,693888.0714,347888.8545,212117.4145,671425.1343,744379.0796,569240.4017,805999.896,627633.0618,0.536,551710.6506,683018.8728,2650.432944
ant-1.4,730.0042373,496.5232604,0.365168539,0.365168539,457.7485398,1908.6078,200.6013598,200.1155025,0.365168539,698.7312837,197.6383359,103.8679219,0.365168539,665.3549871,0.365168539,58.44346445,522.7527415,0.365168539,1130.702675,200.1155025,261.1294074,316.9567181,58.44346445,0.365168539,317.84883,246.0015864,479.7994444,0.365168539,0.365168539,255.3319352,0.365168539,255.3319352,322.357527,457.7485398,0.365168539,223.528156,248.6137141,0.365168539,254.7467335,208.2805613,0.365168539,111.7622881,522.7527415,0.365168539,239.0732902,212.4710417,0.365168539,0.365168539,3032.937472,198.2844557,324.9019139,243.9049292,208.2805613,1952.907889,238.0450646,149.1859575,0.365168539,0.365168539,0.365168539,729.0272425,0.365168539,0.365168539,0.365168539,0.365168539,344.1014224,222.3192835,200.1155025,687.9302086,522.7527415,208.2805613,0.365168539,0.365168539,483.1550509,529.2731341,232.641187,0.365168539,256.459385,522.7527415,1745.715815,844.8431643,0.365168539,0.365168539,1815.257447,483.1550509,58.44346445,58.44346445,0.365168539,0.365168539,223.3550603,0.365168539,798.1232305,1850.280672,61.34566992,104.1729487,316.9567181,682.5143324,328.024849,0.365168539,200.1155025,103.8679219
ant-1.5,0.139931741,24260.74082,0.139931741,24196.05689,0.139931741,140455.5511,13993.46057,21618.85536,14191.07035,32453.80007,21618.85536,24377.04246,24491.14905,88947.69248,0.139931741,0.139931741,27801.18577,0.139931741,0.139931741,24379.51978,36962.02897,68969.11091,23328.90132,24491.14905,24402.3662,18114.79625,24402.3662,0.139931741,32595.70349,0.139931741,32595.70349,32595.70349,64816.10689,33579.59338,23544.93686,0.139931741,24402.3662,45017.59277,3371.574195,37191.17203,0.139931741,18114.79625,23599.39451,22901.75152,23977.39462,0.139931741,3539.392112,45917.06037,24377.04246,190411.5339,3524.967191,23501.95501,64709.64304,0.139931741,58704.85302,25113.30649,24377.04246,45480.3149,0.139931741,0.139931741,3371.574195,0.139931741,34957.78164,32573.83338,24491.14905,3525.219092,0.139931741,46260.86127,23977.39462,22859.68566,0.139931741,0.139931741,0.139931741,24442.40364,24253.28079,27801.18577,20107.40757,37191.17203,45215.93675,24502.45005,23881.65486,3371.574195,13993.46057,22928.47872,13993.46057,43778.83972,33413.17571,24713.66254,22901.75152,0.139931741,24488.66606,24714.61838,4177.058344,23328.90132,0.139931741,0.139931741,21518.96417,3539.139705,0.139931741,20107.40757
ant-1.6,9533.744006,668737.2572,23702.13037,1.652421652,469147.6479,492871.1121,407637.409,5567.361952,1.652421652,479069.8664,5593.134305,1.652421652,715984.5539,1.652421652,1.652421652,369700.132,336315.2483,207872.6503,1.652421652,1.652421652,1.652421652,552637.2577,369700.132,6893.607257,407499.1436,685029.6138,774315.1864,1.652421652,338900.3175,720263.4335,451816.5967,470566.4113,350363.9213,6749.26981,1.652421652,1.652421652,336119.2813,5604.438261,336119.2813,1.652421652,464596.8987,1.652421652,1.652421652,1.652421652,1.652421652,1.652421652,6766.625577,1.652421652,5028.632997,464318.1461,336119.2813,548647.9885,1.652421652,6766.625577,511457.1604,1.652421652,1.652421652,1.652421652,366102.2132,4706.332496,4909.037994,491129.7245,1.652421652,442289.9725,387118.2076,9533.744006,350238.9581,6466.639642,441520.6115,1.652421652,467411.8107,6766.625577,6808.368219,4911.265754,6744.243193,426427.4253,1.652421652,448279.0047,4323.412615,2854.690638,447191.5407,353720.2913,3218.336907,407499.1436,491129.7245,2854.690638,678619.387,336119.2813,441477.2438,336119.2813,1.652421652,470810.7104,441520.6115,1.652421652,1.652421652,388605.328,369700.132,441520.6115,359049.1135,345983.4917
ant-1.7,44016.13968,56242.59449,15910.89341,1.500671141,3686.328042,536819.4864,1.500671141,146091.1305,14455.3439,48481.14025,1.500671141,1.500671141,1.500671141,1.500671141,25172.33226,14455.3439,1.500671141,186423.1675,1.500671141,40446.35314,42455.82323,1.500671141,1.500671141,186587.5416,34120.52938,34120.52938,250550.8261,144611.9474,1.500671141,165906.4391,1.500671141,1.500671141,144611.9474,1.500671141,1.500671141,6535.230486,56980.95163,31050.74733,11907.38125,1.500671141,536819.4864,1.500671141,1.500671141,1.500671141,176075.4665,57418.44288,52277.66443,186587.5416,13940.00456,1.500671141,1.500671141,31050.74733,56980.95163,1.500671141,1.500671141,1.500671141,11135.40815,12011.749,529834.3649,250550.8261,1.500671141,200541.6517,172455.4979,248527.1892,250550.8261,177480.459,31050.74733,25172.33226,1.500671141,1.500671141,15549.80971,11135.40815,187173.6717,1.500671141,146385.633,1.500671141,34120.52938,14455.3439,1.500671141,13940.00456,31050.74733,164634.3008,177480.459,1.500671141,50882.86636,1.500671141,182869.5825,52277.66443,164634.3008,164634.3008,54555.60782,164736.2472,200541.6517,10943.21943,250611.3628,164634.3008,1.500671141,16521.7346,1.500671141,1.500671141
camel-1.0,0.04719764,0.04719764,0.04719764,19702.33893,0.04719764,133040.0546,266636.1963,133040.0546,4622.366787,15922.80393,3226.66632,4774.12258,135437.4555,0.04719764,0.04719764,0.04719764,4740.569769,15807.25269,19703.43502,0.04719764,0.04719764,3457.069645,31303.02649,5096.836238,4984.517642,5096.836238,4677.404387,0.04719764,20613.01652,0.04719764,30551.739,0.04719764,0.04719764,0.04719764,0.04719764,133040.0546,0.04719764,267105.4409,132974.1016,135110.3669,3351.929552,4655.75923,3264.578266,4655.75923,0.04719764,0.04719764,4706.708202,0.04719764,17093.16004,3249.922425,20611.89541,4622.366787,0.04719764,19703.43502,4647.755609,133040.0546,16359.62537,0.04719764,3885.814084,31303.02649,0.04719764,0.04719764,135206.1857,133041.9988,0.04719764,0.04719764,0.04719764,0.04719764,30551.739,15807.25269,24462.95205,4780.572807,0.04719764,24268.80948,266235.6591,0.04719764,0.04719764,0.04719764,30551.739,0.04719764,4498.601653,58048.71442,0.04719764,0.04719764,0.04719764,4630.265248,0.04719764,0.04719764,0.04719764,123794.3424,0.04719764,0.04719764,20611.89541,15887.41522,1361.828581,0.04719764,4677.404387,29041.79036,0.04719764,133041.978
camel-1.2,3176.538252,4.342105263,4.342105263,14452.38606,15973.37356,4.342105263,4.342105263,12201.54955,26228.32927,4.342105263,26228.32927,4.342105263,1977.645193,2965.131445,3022.283792,19377.06743,19377.06743,2636.996376,4.342105263,1953.529898,4.342105263,86432.08177,15754.61878,1840.734189,4.342105263,4.342105263,2327.039875,12201.54955,4.342105263,14878.86014,1220.477886,4.342105263,4.342105263,1231.300829,4.342105263,1987.469757,13265.87037,4.342105263,25482.89476,4.342105263,1229.936125,4.342105263,4.342105263,2855.019963,3337.221553,8579.601314,4.342105263,4.342105263,2992.325566,4.342105263,4.342105263,1408.464443,4.342105263,2837.425682,4.342105263,3176.538252,1814.215524,4.342105263,17283.61459,2898.800249,4.342105263,1987.469757,4.342105263,4.342105263,26774.30903,4.342105263,8587.362394,4.342105263,1987.469757,1800.045507,88600.22359,3191.425972,3022.283792,2891.722108,3290.174628,1987.469757,2819.56496,3000.33829,14607.8334,3286.021131,4.342105263,4.342105263,7187.301941,4.342105263,4.342105263,3286.021131,4.342105263,4.342105263,3301.540576,2777.074137,8579.601314,4.342105263,4.342105263,4.342105263,2905.229563,4.342105263,4.342105263,4.342105263,4.342105263,2575.416533
camel-1.4,1.723623853,1467.998146,1.723623853,1.723623853,571.0349399,1460.471017,1.723623853,4075.994896,615.6743092,1.723623853,32015.32529,1.723623853,1.723623853,57268.48261,1.723623853,4326.140953,4276.070739,677.773595,514.9775315,1.723623853,1.723623853,68156.98221,1.723623853,178562.4021,64968.3765,1467.998146,1.723623853,1.723623853,1.723623853,622.0715795,627.5009038,591.6909783,1.723623853,3948.05718,675.5010117,1.723623853,1.723623853,1.723623853,4075.994896,628.3407762,4227.152689,32015.32529,1.723623853,487.7913158,178562.4021,591.3257641,1.723623853,1.723623853,4295.901185,1.723623853,1.723623853,52893.81437,1.723623853,517.3296228,756.4290563,595.867391,3186.806836,1.723623853,628.3407762,1.723623853,64968.3765,1.723623853,572.696179,639.828533,613.8036538,1.723623853,510.0195532,1.723623853,1460.471017,627.5009038,600.8179743,1.723623853,4075.994896,679.5716765,473.0127743,1.723623853,57268.48261,679.5716765,1.723623853,1.723623853,4227.504393,1.723623853,1.723623853,178562.4021,4075.994896,1.723623853,611.8004115,653.719118,1.723623853,679.5716765,613.8036538,1.723623853,3186.806836,679.5716765,1.723623853,591.6909783,515.7509729,473.0127743,4212.466083,1.723623853
camel-1.6,3.519170984,104546.645,104182.6833,2112.524267,4247.487844,1951.079662,2950.097869,2975.407432,3.519170984,1725.140711,2168.720461,2178.58634,3.519170984,196659.4307,3.519170984,2078.235902,3.519170984,3.519170984,3.519170984,3.519170984,3.519170984,3.519170984,3.519170984,159184.4297,3.519170984,3.519170984,3.519170984,2229.228364,3.519170984,2831.33527,15939.92272,4404.63527,2975.407432,114747.0558,3.519170984,3.519170984,3.519170984,3.519170984,3.519170984,3.519170984,3.519170984,3.519170984,3.519170984,2320.906925,3.519170984,3.519170984,108853.6764,3.519170984,106581.0833,10183.92063,117580.2886,98605.14352,3.519170984,3.519170984,3.519170984,116604.223,3.519170984,8102.645214,2199.542258,2140.765331,3.519170984,4577.377326,103315.7378,3.519170984,3.519170984,2950.097869,104182.6833,3.519170984,3.519170984,2229.228364,2975.407432,3058.44802,108853.6764,3.519170984,3.519170984,9643.064706,3.519170984,104182.6833,3.519170984,2005.706608,104182.6833,3.519170984,1951.079662,3.519170984,117335.8235,112474.8985,9519.630538,3.519170984,3.519170984,10229.21137,3.519170984,8722.867563,2975.407432,3.519170984,7614.151097,3.519170984,3.519170984,4340.977051,2975.407432,3.519170984
ivy-1.1,706501.5428,684044.5799,1014898.384,1020438.954,79182.38342,76947.45352,1014898.384,24.85585586,100628.0816,77004.78413,84001.06439,1024781.165,24.85585586,24.85585586,24.85585586,100628.0816,82984.24056,76053.80225,735394.5499,75282.84744,76319.93542,1014898.384,72437.12477,77004.78413,24.85585586,24.85585586,65520.69533,124548.8294,669484.1706,201336.6867,100689.7035,1014898.384,24.85585586,669484.1706,24.85585586,201336.6867,123155.7786,24.85585586,24.85585586,76980.75166,24.85585586,124433.8013,14060.81365,1096286.117,76053.80225,1014898.384,1040707.391,1014898.384,24.85585586,24.85585586,72437.12477,77004.78413,1096286.117,24.85585586,24.85585586,78158.72827,706501.5428,76240.67436,934727.4791,24.85585586,80935.30448,69997.07377,1020438.954,10100.17515,76989.27256,63198.88154,24.85585586,124717.8874,24.85585586,1014898.384,68094.93874,938487.4457,850615.8988,24.85585586,81173.49916,665098.528,1025869.542,24.85585586,719124.3438,1096286.117,24.85585586,24.85585586,65305.28555,24.85585586,677722.0291,1096286.117,69373.5467,934727.4791,669484.1706,24.85585586,78158.72827,24.85585586,19198.71575,24.85585586,84001.06439,77800.43009,24.85585586,878625.5898,24.85585586,24.85585586
ivy-1.4,5957214.446,0.099585062,0.099585062,14939.98542,0.099585062,1941315.053,978420.5489,0.099585062,0.099585062,1429895.847,0.099585062,1445974.005,3449370.679,3015548.688,5962757.196,3298720.78,1479656.389,5962757.196,3069221.466,0.099585062,0.099585062,3872485.56,1964022.325,1941315.053,0.099585062,1464004.008,1929774.456,0.099585062,0.099585062,14099129.58,0.099585062,5737674.716,0.099585062,1934539.867,0.099585062,0.099585062,0.099585062,3027210.99,1210831.7,0.099585062,1964961.864,0.099585062,0.099585062,0.099585062,0.099585062,0.099585062,0.099585062,0.099585062,3002758.057,1964022.325,5982789.585,1859903.881,7747.795202,1878662.77,6870152.171,1848164.508,3049630.022,6796118.29,5725678.396,3873686.658,0.099585062,0.099585062,1964022.325,0.099585062,1112959.451,1338247.134,0.099585062,14099129.58,1898896.752,1876192.35,0.099585062,0.099585062,14661.32347,12133578.23,3479419.006,0.099585062,0.099585062,0.099585062,0.099585062,1481599.877,1321913.191,0.099585062,0.099585062,0.099585062,0.099585062,1941930.64,11285754.85,0.099585062,7867.226961,1464004.008,14636.54172,5725678.396,5957214.446,14528.6865,0.099585062,1964022.325,0.099585062,0.099585062,1964022.325,1429895.847
ivy-2.0,0.272727273,33738.03448,0.272727273,105570.1048,29881.16186,0.272727273,107139.8774,31025.80294,0.272727273,0.272727273,33738.03448,0.272727273,107335.7227,21896.04535,0.272727273,46515.39819,0.272727273,99424.67146,94941.28653,0.272727273,93336.06258,112675.3768,0.272727273,4040384.184,0.272727273,30173.32089,0.272727273,0.272727273,100430.2777,4261842.908,0.272727273,0.272727273,0.272727273,18204.43974,0.272727273,33775.78429,30484.19907,18640.68672,0.272727273,460492.1687,0.272727273,29989.7112,0.272727273,0.272727273,99424.67146,104654.2775,44617.20533,106227.583,107335.7227,0.272727273,27465.73468,4040384.184,17134.34268,0.272727273,0.272727273,30192.48635,0.272727273,18732.17938,4266093.365,0.272727273,0.272727273,0.272727273,460905.25,0.272727273,29435.00096,0.272727273,99424.67146,18309.03829,29945.67047,118150.0708,0.272727273,0.272727273,85325.71175,29989.7112,3015568.057,3015568.057,107335.7227,0.272727273,4884.359891,0.272727273,19082.64796,460492.1687,112675.3768,0.272727273,107796.4793,0.272727273,94941.28653,29881.16186,29989.7112,0.272727273,29917.92631,15799.20573,0.272727273,0.272727273,0.272727273,0.272727273,43080.61328,31829.38025,0.272727273,33738.03448
jedit-3.2,18.75735294,101548.2965,98226.64008,18.75735294,18.75735294,234516.8115,260729.4982,78462.80923,106967.3932,88555.45475,207775.7375,107925.3649,207751.5337,168992.6915,137402.0214,18.75735294,105445.2547,88927.83822,88555.45475,85784.07037,248568.6763,79902.03371,87055.25108,82196.26743,18.75735294,57835.07016,82223.28811,103353.617,88526.84946,61085.24882,88924.45862,82267.02415,175551.7845,61172.63366,18.75735294,267667.742,207775.7375,98219.89951,149343.6799,88526.84946,78462.80923,48877.63745,82828.79163,62169.30411,18.75735294,46338.96468,18.75735294,18.75735294,40757.3184,79902.03371,60085.50176,61188.21758,207779.3484,101903.4494,83047.21821,248568.6763,18.75735294,178187.184,207752.9238,103448.6588,82825.86353,105445.2547,59596.19101,5583.189501,94485.38487,87055.25108,46338.96468,88322.15913,48877.63745,137402.0214,102621.5133,45479.06432,18.75735294,18.75735294,47184.37874,4861.956374,61085.24882,88555.45475,79320.93861,164097.9838,40709.00499,46831.0574,78342.2068,18.75735294,85323.82294,64192.5738,58351.30582,78342.2068,18.75735294,260729.4982,88526.84946,40817.0061,61085.24882,57111.45082,18.75735294,178187.184,18.75735294,101548.2965,226909.0272,7928.853277
jedit-4.0,7543.501746,6.078431373,30575.81228,38621.61603,6.078431373,7797.410553,20456.9053,49652.04222,6.078431373,5468.920942,6.078431373,22338.02113,21588.8006,6.078431373,21040.06477,21040.06477,39868.00787,39569.10407,22338.02113,6.078431373,39868.00787,6.078431373,19471.59869,6.078431373,6.078431373,6.078431373,38754.26008,19732.75836,38862.78352,20154.08804,12471.53664,4665.105679,4541.996448,11751.1257,6.078431373,6.078431373,6.078431373,38862.78352,38272.66834,4665.105679,30370.83387,40907.0301,39566.54784,6833.121302,4688.140717,6.078431373,6.078431373,39566.54784,6.078431373,404100.6062,6.078431373,6.078431373,55530.51583,6.078431373,6.078431373,7752.766866,6.078431373,16420.55309,39566.54784,22213.81593,6.078431373,5468.920942,6.078431373,6.078431373,40030.1162,7752.766866,395475.1015,4865.279305,19994.06959,20289.30842,15499.04352,17748.12513,39125.85855,4688.140717,17985.99202,22338.02113,13354.36344,7424.840689,6.078431373,4623.292614,6.078431373,5468.920942,12931.37032,24406.55024,38862.78352,13421.44871,38862.78352,1266293.324,21820.77753,4722.104238,23940.2314,6.078431373,10087.33252,6.078431373,39005.20157,6.078431373,18372.47286,4688.140717,5476.407824,37652.66922
jedit-4.1,67121.86263,84042.65686,4.048076923,4.048076923,10052.11488,4.048076923,35079.41981,7048.630925,37039.90671,133162.1052,64114.42779,4.048076923,4.048076923,69048.935,37346.61777,63229.27876,4.048076923,37094.71297,4.048076923,4.048076923,67805.77445,4.048076923,39211.22915,69069.28955,4.048076923,4.048076923,4.048076923,68364.53833,4.048076923,4.048076923,69069.28955,37101.63662,4.048076923,4.048076923,4.048076923,4.048076923,4.048076923,4.048076923,4.048076923,10881.15716,69207.75707,84213.63902,11299.45173,4.048076923,66108.24775,84042.65686,95437.42424,11761.56357,72830.01522,67172.33853,4.048076923,67419.50798,67805.77445,4.048076923,37094.71297,72623.09873,4.048076923,88559.27593,34006.97573,4.048076923,4.048076923,37101.63662,37101.63662,37384.27087,95314.18899,76591.88514,4.048076923,11808.02096,4.048076923,88524.0831,131108.547,39017.0618,54694.90062,4.048076923,66811.32903,81463.55584,20820.89891,4.048076923,4.048076923,4.048076923,39211.22915,4.048076923,4.048076923,37094.71297,4.048076923,4.048076923,66356.84629,4.048076923,4.048076923,5342.187534,11808.02096,67419.50798,4.048076923,4.048076923,4.048076923,97482.33676,4.048076923,4.048076923,4.048076923,4.048076923
jedit-4.2,294319.5678,1.204359673,42373.84074,1.204359673,47897.45333,43338.71369,32895.40515,20352.49997,152546.151,1.204359673,14699.54073,48915.60755,97204.09165,294319.5678,56599.58995,17662.22844,64466.68388,47897.45333,56466.41406,56125.16972,41149.62743,71598.52887,47824.88107,42467.76478,1.204359673,38613.23228,1.204359673,1.204359673,7453.648574,49633.45944,10244.61052,56466.41406,1.204359673,109302.4585,42605.37564,86131.81937,42814.96687,19684.76085,32754.58759,1.204359673,112587.1939,44739.37654,14978.68578,1.204359673,152546.151,1.204359673,10046.50928,1.204359673,177726.6208,43517.95995,17664.75722,1.204359673,45677.12406,1.204359673,32483.75906,38613.23228,294181.0197,42543.02145,71951.19394,1.204359673,1.204359673,97204.09165,308548.1072,123001.7454,1286767.601,56466.41406,42530.06206,47897.45333,33765.78485,43425.63532,38613.23228,38613.23228,1.204359673,101252.462,101252.462,7095.373697,1328703.843,294319.5678,109302.4585,56466.41406,11005.73905,1.204359673,1.204359673,71598.52887,38575.26359,43517.95995,42472.94576,1.204359673,1.204359673,56466.41406,1.204359673,56466.41406,45748.04864,1.204359673,1.204359673,7453.648574,43077.94118,47897.45333,29397.19881,56466.41406
jedit-4.3,2387.165761,498.4632385,1988.38103,2733.718724,2306.038057,1135.331957,502.5256898,2189.685515,2355.254765,530.082557,464.4692801,2314.86134,2354.893391,2269.17211,4928.986728,448.9259238,918.9197638,8943.480573,11512.25241,7700.664611,2161.372506,11008.48858,4259.324856,2006.428955,426.0971892,1204.023493,2020.349118,460.0072401,264.1564847,4931.620009,2908.513289,2355.254765,1990.684551,573.201241,525.8119966,2126.611818,2020.349118,421.1837481,519.838952,1135.331957,2269.17211,465.5909526,2320.442829,473.8845731,4890.680196,472.9101183,511.8915037,2223.854554,1989.700411,0.028455285,1962.904698,2381.324844,0.028455285,535.7938479,1135.331957,2190.369808,465.9849625,2549.913762,0.028455285,0.028455285,220.431297,2273.394209,964.7292171,522.4279199,2233.476184,472.5932419,220.431297,2908.513289,466.8875791,7989.803667,2207.740522,4893.691439,4154.977091,456.8059212,496.7433344,1135.120795,2074.471941,460.0072401,418.5037457,1988.07777,456.8059212,7989.803667,8945.143861,474.33498,576.1679311,2165.888098,472.9101183,0.028455285,426.0971892,4928.986728,4819.385062,2394.686878,436.4937248,2211.618781,183.9243041,481.9850088,2020.349118,11512.25241,4964.952066,498.4632385
log4j-1.0,675.3069156,16605.71201,15104.98818,1.414814815,16617.11852,15008.59126,15755.00737,1538.661089,14206.75042,14209.38747,15800.40402,14748.45419,14202.04696,15063.40825,1.414814815,16611.37394,1.414814815,15872.3073,14202.04696,25926.79661,15025.23588,14989.29804,1.414814815,14202.04696,1.414814815,1.414814815,675.3069156,1.414814815,53033.50821,12411.72966,1.414814815,1.414814815,16176.37667,14417.27019,279.1479565,1.414814815,9508.775233,15865.27682,15599.60993,1.414814815,1.414814815,16617.11852,1.414814815,53033.50821,56245.62729,53106.94869,15825.14937,15613.10307,53025.87662,16200.65809,26199.56338,1.414814815,14236.13775,26199.56338,15872.3073,278.6645293,25011.41795,1.414814815,15876.25302,14202.04696,16617.11852,14481.60079,14025.04482,24997.6719,16617.11852,15792.16674,1.414814815,14262.36734,1.414814815,14202.04696,1538.661089,15638.50465,1.414814815,14481.60079,15871.99537,14138.41936,14792.30224,14262.36734,13317.25942,1.414814815,14639.39849,1.414814815,1.414814815,23031.92204,16617.11852,13950.2451,24998.0594,278.6645293,1.414814815,14370.6791,278.6645293,15638.50465,9273.976036,675.3069156,1.414814815,14385.09678,15627.94064,14262.36734,16551.09716,13950.2451
log4j-1.1,22689.22309,2.880733945,22278.29697,2.880733945,11919.40108,20256.71281,27589.86098,2.880733945,2.880733945,22039.41299,140060.7226,4281.516721,22278.29697,2.880733945,2.880733945,22039.41299,2.880733945,20671.63348,2.880733945,4021.704684,10240.38451,187.9385261,2.880733945,21079.6085,2.880733945,22278.29697,2.880733945,20257.12037,2.880733945,2.880733945,2.880733945,1833.368681,2.880733945,150586.1581,134089.5132,153235.2831,21079.6085,510.8222615,410.6463003,20256.71281,20768.09312,413.9181229,2.880733945,150579.6384,154008.2713,2.880733945,2.880733945,2.880733945,20256.71281,140000.8761,4180.632333,9914.123723,4061.090073,153339.1108,521.0334593,2.880733945,2.880733945,4334.210318,2.880733945,794.9289703,2.880733945,139.1492691,154008.2713,2.880733945,20671.63348,26309.11968,2.880733945,140060.7226,22044.67068,2.880733945,134089.5132,187.9385261,2.880733945,543.5868851,2.880733945,17286.18673,140000.8761,20298.76627,2.880733945,2.880733945,34811.52858,21932.51004,153982.6238,20963.42011,4180.632333,134089.5132,10442.00946,510.8222615,610.1847507,23332.43117,2.880733945,1833.368681,3904.428495,2.880733945,10314.32551,2.880733945,2.880733945,24110.85107,2.880733945,2.880733945
log4j-1.2,8.204878049,8.204878049,9494.512272,20329.53242,8.204878049,8.204878049,13645.70665,10488.74308,8.204878049,48318.01556,8.204878049,51194.92599,8.204878049,14518.71506,51194.92599,16210.94285,8.204878049,8.204878049,8944.02924,8.204878049,14241.53549,14518.71506,16461.91464,8.204878049,8.204878049,8.204878049,510.3341253,66277.02818,62445.35131,14069.10816,14069.10816,8.204878049,20155.79096,8.204878049,12385.05955,8.204878049,8.204878049,8.204878049,8.204878049,20329.53242,7165.731229,822.3955179,8.204878049,10390.31478,8.204878049,10361.90454,126.169517,17071.28,8.204878049,8.204878049,14518.71506,8.204878049,10704.87296,44479.9693,8.204878049,8259.748037,510.3341253,18048.31687,8.204878049,14518.71506,7618.462019,520.5841785,13402.91291,14207.5678,8.204878049,8.204878049,20138.82994,9280.613879,20138.82994,10390.31478,18718.4097,8.204878049,8180.909828,8.204878049,60426.12566,8.204878049,7623.623332,9211.319314,60426.12566,8.204878049,8.204878049,16461.91464,896.6049283,8.204878049,8.204878049,11745.32121,8.204878049,527.984535,20329.53242,14371.66644,48326.04671,14065.72774,7624.183749,8.204878049,8.204878049,8.204878049,21409.97489,8.204878049,15566.77521,18718.4097
lucene-2.0,119969.1109,284753.1579,255206.7686,259166.1781,124863.0233,237585.0874,452048.668,112957.0945,9.435897436,452048.668,9.435897436,196720.9414,159895.9122,236775.4035,111684.826,15099.93966,109582.0665,9.435897436,568737.5378,11316.63333,568737.5378,452048.668,249331.6368,193957.5433,196720.9414,9.435897436,155938.6295,287262.1856,146360.1573,254190.0169,154251.4855,155028.782,153555.1633,302074.9886,153555.1633,9.435897436,109495.5691,259166.1781,284924.7243,9.435897436,252852.9321,114008.0144,9.435897436,119969.1109,115519.4943,9.435897436,113362.7861,9.435897436,146839.9837,153383.4085,451539.1118,115519.4943,195828.3909,127967.5785,154251.4855,15099.93966,572712.6673,104463.3847,195202.941,109307.9316,155808.4919,14219.08702,287262.1856,231024.2917,287262.1856,572712.6673,9.435897436,9.435897436,120844.4248,572712.6673,9.435897436,153555.1633,14572.84082,11316.63333,195828.3909,115519.4943,9.435897436,237687.2249,488251.5044,245735.3404,9.435897436,195828.3909,9.435897436,120952.2228,109676.7093,452048.668,109307.9316,171378.7963,159600.8791,9.435897436,9.435897436,9.435897436,14968.9309,271198.5533,233588.8914,154621.6091,9.435897436,230492.5115,14968.9309,80577.36227
lucene-2.2,429890.2672,399599.7002,17653.95566,355328.5184,4790486.395,388810.6058,325454.8972,403996.1255,356889.1298,15.93522267,335418.8172,19098.48132,15.93522267,20007.5257,20340.4909,382969.8899,15.93522267,367491.6153,347898.2818,242930.3178,366207.2094,354542.0762,366190.1839,357133.9074,14538796.47,338386.6327,16923.25183,347121.2273,15.93522267,14538796.47,15.93522267,15.93522267,369550.1041,3653.504168,400300.2989,365005.5997,365031.4219,365005.5997,289537.6208,287381.7607,357133.9074,395026.7521,19502.25801,5423271.554,19824.05064,409149.1327,19087.07843,358897.2185,4835400.718,10974.54401,347898.2818,15.93522267,15.93522267,15.93522267,15.93522267,355328.5184,403996.1255,366410.9301,398838.3072,334196.3862,347898.2818,14538796.47,237233.3868,288630.5491,243580.4431,15.93522267,425657.2155,19824.05064,243580.4431,389846.7442,15.93522267,2878.390424,1339.539828,2831.411852,336103.3505,5823796.312,365005.5997,15.93522267,365031.4219,304245.2413,19502.25801,358640.2245,209793.9901,15.93522267,365005.5997,15.93522267,5423271.554,15.93522267,333959.6012,15.93522267,1258.234191,4790486.395,5034576.23,347898.2818,352063.7145,15.93522267,365005.5997,395882.8588,364967.5168,325944.576
lucene-2.4,108533.6148,124371.4356,8494.448789,165099.5678,13014.12766,124371.4356,12.28235294,143963.1825,2442.686686,16341.91463,12.28235294,12.28235294,12.28235294,12.28235294,5033.271055,12.28235294,98542.87146,106885.6141,12.28235294,12.28235294,67808.31081,25852.46967,12.28235294,124371.4356,212638.9991,4508.283929,144269.7714,11539.07476,102235.111,12.28235294,16341.91463,12.28235294,12.28235294,4761.131409,11215.00789,143963.1825,12.28235294,4761.131409,115632.0117,4636.281795,12.28235294,4663.607197,12.28235294,12.28235294,45923.49509,4508.283929,5033.271055,11539.07476,12.28235294,12.28235294,12007.86938,12.28235294,12.28235294,45923.49509,12.28235294,12.28235294,11215.00789,12.28235294,12.28235294,2413.854949,2468.970181,76490.45242,21299.36923,4757.778907,12.28235294,2080.672846,13014.12766,115398.7047,2442.686686,12.28235294,12.28235294,12.28235294,4759.24898,103795.0007,12.28235294,12.28235294,5663.066221,45923.49509,4677.54421,136792.2473,4679.410399,4636.281795,12.28235294,2468.970181,141281.7456,12.28235294,12.28235294,12.28235294,12.28235294,12.28235294,2013.322436,12.28235294,2442.686686,144269.7714,45923.49509,67572.54808,12.28235294,12.28235294,12.28235294,12.28235294
poi-1.5,291666.9673,7.82278481,7.82278481,36092037.76,3326922.615,11258692.11,32781781.28,7445371.207,7.82278481,2023097.989,7.82278481,7.82278481,11246503.66,7.82278481,589755.9921,7.82278481,7445371.207,7.82278481,7.82278481,3222211.103,11989208.1,12847015.46,7.82278481,263707.2624,7.82278481,10824310.34,7.82278481,7574102.287,7382441.62,401774.5952,7576204.519,7674358.763,311605.6393,7.82278481,13650487.73,165041.4099,7.82278481,11878509.58,7.82278481,9548332.903,12007847.53,12304538.24,7.82278481,311210.6386,7.82278481,7.82278481,7.82278481,7.82278481,7.82278481,8831982.925,12020441.66,7.82278481,7.82278481,7.82278481,7.82278481,7574102.287,262688.454,7.82278481,7445371.207,11317185.73,7.82278481,11953438.19,7.82278481,7.82278481,162155.485,11878509.58,7.82278481,249515.9479,7.82278481,7.82278481,249521.3721,13588045.96,7604548.751,304330.6573,7.82278481,283360.7535,7.82278481,7.82278481,311605.6393,19263777.78,7.82278481,7436214.801,7.82278481,11819288.36,327782.5686,271701.8594,7.82278481,311605.6393,566263.6277,7576204.519,11636278,7053522.337,12021208.64,7.82278481,7.82278481,7.82278481,7.82278481,1480946.177,12304538.24,7445136.917
poi-2.0,14.19557749,0.136942675,13.90506893,0.136942675,17.00152341,15.01162125,0.136942675,0.136942675,18.11709095,15.66777317,0.136942675,0.136942675,81648.51096,0.136942675,18.1221176,0.136942675,16.41847435,16.41847435,17.76363577,0.136942675,0.136942675,0.136942675,0.136942675,0.136942675,0.136942675,11.40667198,0.136942675,65.19562685,13.90506893,16.89641448,0.136942675,0.136942675,0.136942675,0.136942675,81648.51096,0.136942675,0.136942675,0.136942675,0.136942675,0.136942675,0.136942675,0.136942675,4.24921635,0.136942675,0.136942675,0.136942675,62.24944333,14.82715566,14.19557749,0.136942675,0.136942675,0.136942675,0.136942675,0.136942675,0.136942675,0.136942675,7.007332254,0.136942675,102331.2447,15.62877751,113174.6675,0.136942675,0.136942675,0.136942675,0.136942675,0.136942675,0.136942675,0.136942675,16.89641448,5.033350985,17.78075258,18.02168728,0.136942675,0.136942675,0.136942675,0.136942675,0.136942675,3.508301075,0.136942675,0.136942675,4.917091936,60.80714583,0.136942675,0.136942675,0.136942675,20.40582371,0.136942675,102221.5355,0.136942675,113174.6675,0.136942675,0.136942675,0.136942675,0.136942675,0.136942675,16.90196362,0.136942675,5.446958146,0.136942675,0.136942675
poi-2.5,5356.296154,3675.352634,4646.73139,5746.240253,15618.85628,3311.117423,5154.857445,10329.85176,3573.617074,5610.463043,6123.151618,4859.027188,2588.65174,5182.854318,3744.828532,3117.690223,10331.5044,5938.58124,5143.876743,3309.777917,5838.554815,4646.73139,5837.400366,3734.438839,4603.017281,5952.248129,4194.740075,5893.990214,5854.956668,4609.934029,4646.73139,3141.244184,3503.804329,3308.12197,4917.743854,3532.1774,3532.1774,3569.544797,5610.837686,2890.033573,3311.117423,6159.814262,4902.622078,5841.36755,4623.625548,3612.099305,6423.470759,10331.5044,5855.020808,684.8231516,5442.576631,4934.424377,4902.493347,3094.850758,3302.508421,4917.743854,4633.862027,3532.1774,15618.85628,4194.386662,4099.975367,4646.73139,3311.117423,4902.493347,3628.97343,15618.85628,3460.667904,4646.73139,5907.617276,3729.242189,4876.65038,3622.222698,5837.782514,6460.606244,3532.1774,5822.929205,5993.650287,4992.890293,5182.158962,6046.668149,5838.554815,5280.287364,3076.679294,4076.274799,4902.493347,4610.862018,5780.847733,5840.982482,21438.26084,4104.268298,3499.060931,4620.853385,4825.736105,4104.268298,15617.29386,3134.090973,5874.675154,4194.740075,5143.141393,15618.85628
poi-3.0,5.040723982,134361.818,185543.6675,164828.5983,5.040723982,5.040723982,32434.26648,5.040723982,141230.8758,5.040723982,5.040723982,5.040723982,233574.5832,5.040723982,246913.5601,249668.892,97638.96604,167047.153,149969.7761,381161.0405,5.040723982,135154.4307,172207.112,177171.7875,5.040723982,130433.4277,141230.8758,5.040723982,246913.5601,5.040723982,181711.1419,141230.8758,141230.8758,474384.5257,167047.153,5.040723982,134234.7963,32106.9729,201403.8554,5.040723982,5.040723982,5.040723982,5.040723982,5.040723982,474384.5257,5.040723982,394672.6941,141230.8758,5.040723982,138706.4873,382546.8451,5.040723982,173628.4315,5.040723982,187124.1856,246913.5601,5.040723982,140094.1729,5.040723982,5.040723982,181526.7828,249668.892,382483.7848,5.040723982,5.040723982,233574.5832,5.040723982,394672.6941,151381.2651,5.040723982,96979.81251,181526.7828,181526.7828,187000.4049,5.040723982,312369.3897,5.040723982,194763.8608,41327.20665,381161.0405,95771.56184,94298.58917,5.040723982,5.040723982,5.040723982,5.040723982,5.040723982,5.040723982,22217.44196,516207.7004,55225.5018,130433.4277,97638.96604,187124.1856,141230.8758,195997.1492,187124.1856,5.040723982,246913.5601,5.040723982
synapse-1.0,13967493.94,5798414.797,0.23566879,484116.6109,14466615.17,0.23566879,507218.4413,653127.0142,431501.6295,278653.748,0.23566879,0.23566879,490661.3904,0.23566879,409244.5192,0.23566879,0.23566879,274376.5572,416421.2214,0.23566879,13625202.05,14054561.57,0.23566879,358683.8458,528551.2943,14466615.17,0.23566879,382900.9432,5923593.796,0.23566879,409244.5192,355738.4692,350491.4454,409244.5192,5800437.958,475158.1545,15120455.75,477044.7872,13965025.94,0.23566879,14466615.17,0.23566879,0.23566879,507733.611,0.23566879,0.23566879,0.23566879,624763.6171,0.23566879,452047.2725,0.23566879,0.23566879,0.23566879,0.23566879,0.23566879,14889763.45,272145.9613,0.23566879,0.23566879,652043.4028,432765.6126,475457.2236,0.23566879,0.23566879,0.23566879,488495.7892,490661.3904,356170.7716,370539.7796,467680.6308,512742.0795,356170.7716,507308.56,499294.8503,0.23566879,279636.4202,15120455.75,13012899.97,0.23566879,0.23566879,0.23566879,0.23566879,346392.6084,0.23566879,652043.4028,358288.0823,0.23566879,84415.96812,0.23566879,0.23566879,0.23566879,0.23566879,0.23566879,0.23566879,0.23566879,358683.8458,0.23566879,0.23566879,0.23566879,0.23566879
synapse-1.1,8927.753391,11940.3239,57745.00147,1.103603604,24178.96967,12398.9092,394633.737,12467.35021,394358.9204,23765.82355,1.103603604,22784.72463,1.103603604,24853.88711,11843.91505,11138.52306,1.103603604,1.103603604,23014.70127,1.103603604,11924.68326,403656.0293,23765.82355,11940.3239,12260.65785,24289.26507,11994.11552,10096.82815,12042.08583,11917.55779,1.103603604,11975.96445,1.103603604,8616.328612,8608.087349,22289.59894,13336.19577,8505.750553,8774.074001,8156.906253,11482.52434,8718.898706,23758.49561,7736.941125,8509.675079,23013.84221,9290.9203,8756.582456,8780.792358,1.103603604,24098.03098,22354.46077,11830.75465,23782.0601,12132.1809,22119.40492,12398.9092,57745.00147,8678.184594,23297.33106,1.103603604,10463.12254,24098.03098,9271.20165,23716.9552,23745.27469,23836.32724,8720.032195,8662.351624,8683.863847,11156.42971,3323.970584,394633.737,12029.84975,24133.6556,11911.59051,11127.42081,12194.75468,1.103603604,11917.55779,13354.83831,11138.52306,23313.77871,8888.066619,13664.36629,8424.405734,11928.46883,16520.47563,8678.184594,24098.03098,12315.60724,57745.00147,394633.737,24889.96887,23111.70689,1.103603604,1.103603604,23297.33106,8678.184594,13090.03138
synapse-1.2,18465.8655,17938.57312,47071.77696,18946.39836,37061.7157,18998.53832,37323.53518,18998.53832,47840.52734,45850.9887,44531.25236,19610.10399,47134.04046,34624.82112,17918.05095,47840.52734,31188.25013,18630.52136,44531.25236,34853.78452,18998.43152,47134.1612,46523.70108,19002.18865,37555.29428,36958.09926,46833.59843,46837.40595,30351.85062,18712.21224,20529.78504,32783.49542,31146.02375,18715.94097,66257.65896,30977.99386,46249.93807,47104.54799,37363.91895,18835.83316,46592.16469,82908.61597,22251.27793,46529.88014,47516.07013,18816.66778,37363.91895,22098.08332,47840.52734,47112.03494,34691.06397,47112.03494,37462.53311,45850.9887,19616.1893,43209.33823,30977.99386,30977.99386,61125.34946,929903.0915,46596.96267,42832.30148,14400.51991,36933.44812,46596.96267,46765.66281,82917.89621,46592.16469,46758.01685,66257.65896,42543.87488,20048.99525,42832.30148,15690.58325,46415.61648,47840.52734,37563.51388,19780.41384,47586.16656,47840.52734,28520.1507,17915.66756,11194.82644,47189.61293,37234.70349,31130.00336,18414.59322,61276.99663,47259.41264,47477.00471,29517.89504,44775.13716,19212.43834,61580.17254,42832.30148,19597.61824,46596.96267,46645.74923,17927.82132,47060.34014
velocity-1.4,1030.858792,1016.077089,512.0859602,1301.344635,260.1899564,1064.433832,2.051020408,495.8657503,2.051020408,1225.375211,265.3250639,284.0848664,551.4386775,2.051020408,8132.592821,1276.087647,2.051020408,244.7840018,31017.62251,259.7723607,492.0207317,33721.11632,285.7824699,259.7723607,28577.2499,1073.853692,1138.038234,1256.442912,31017.62251,1294.970072,2.051020408,271.5909636,1459.579421,2.051020408,2.051020408,1252.264939,2.051020408,516.8043381,2.051020408,495.8657503,1020.089697,28577.2499,28577.2499,1159.510514,515.7277836,1016.105297,1982.60709,2.051020408,2.051020408,29115.3179,2.051020408,28604.17674,2.051020408,1398.483342,2.051020408,2.051020408,258.4475849,28643.33505,253.392519,1016.077089,1258.016316,270.3185738,1598.81913,28974.86192,33721.11632,511.1491746,1459.579421,266.9204878,305.5266441,2.051020408,1016.077089,2.051020408,40427.51872,2.051020408,1237.278343,1466.680907,1000.277963,28577.2499,510.1285436,1214.367441,1017.159775,253.392519,2.051020408,1245.191489,2.051020408,28577.2499,1322.278492,1182.529861,258.4475849,2.051020408,1159.510514,519.1149221,526.4166285,516.8043381,30590.28914,2.051020408,270.3185738,288.4222576,33721.11632,1422.098857
velocity-1.5,49598081.5,36926390.18,6.088785047,6.088785047,6.088785047,9912341.006,5283342.506,6.088785047,33400624.24,6.088785047,6.088785047,36926390.18,34688409.37,32820539.96,4353007.233,9222376.995,91375259.57,4201018.533,6.088785047,35014482.05,48849175.94,86058525.65,3646483.342,6004947.158,4353007.233,90186822.28,45230954.59,90186822.28,3991269.846,6.088785047,3971380.646,6.088785047,3849465.983,6566216.377,6.088785047,6.088785047,6.088785047,10217252.87,37312123.81,6.088785047,12071731.11,35994727.01,4061810.158,6.088785047,36926390.18,36063352.38,3563499.715,5958411.279,37107452.87,47657200.36,33505545.39,6.088785047,3971761.401,4659637.125,6.088785047,6.088785047,33391754.84,6089945.941,7656909.85,6.088785047,6.088785047,93980515.7,30862825.67,5958411.279,6089945.941,9912341.006,6.088785047,6.088785047,48266187.64,90186822.28,6.088785047,4632126.042,4201018.533,90186822.28,37244319.63,33381172.33,6.088785047,4250714.287,49371058.68,49371058.68,6.088785047,41918193.87,6.088785047,19005119.09,9912341.006,86058525.65,37332127.94,6.088785047,4017337.019,35848973.25,49371058.68,33391754.84,32272002.73,3971380.646,42642593.14,4156635.686,4056136.684,43311094.61,6.088785047,4036120.599
velocity-1.6,3.76419214,3.76419214,3.76419214,3.76419214,3.76419214,3.76419214,3.76419214,3.76419214,84696964.19,13025214.02,3.76419214,3.76419214,3.76419214,80800684.21,3.76419214,29965426.06,11960561.38,82445655.13,3.76419214,178114662.4,15787025.78,4778345.5,3.76419214,175980910.8,63375939.72,87518913.25,84022968.83,15868336.33,3.76419214,3.76419214,72430109.11,15787025.78,3.76419214,3.76419214,3.76419214,50026.23502,72430109.11,14077520.67,47691.43866,3.76419214,113613861.8,95047001.64,169265340.3,3.76419214,4484761.839,3.76419214,3.76419214,11960561.38,3.76419214,3.76419214,9442610.183,3.76419214,3.76419214,88245261.19,12046089.37,3.76419214,12046089.37,3.76419214,82356230.92,14087353.15,82900024.36,3.76419214,164526476.4,74832542.26,3.76419214,3.76419214,84426396.9,76640372.46,3.76419214,12242332.7,54855250.16,12366483.98,3.76419214,113613861.8,3.76419214,11675136.6,3.76419214,6094954.676,11960561.38,3.76419214,82675066.12,3.76419214,3.76419214,76856970.66,3.76419214,15290119.81,3.76419214,3.76419214,74619530.94,74832542.26,74832542.26,3.76419214,3.76419214,3.76419214,84539955.51,3.76419214,87810949.27,4545786.216,3.76419214,3.76419214
xalan-2.4,853411.6261,421094.2367,0.417704011,1027472.47,412649.978,0.417704011,0.417704011,1162488.385,3154876.042,1019819.664,1027472.47,1835071.805,1835071.805,0.417704011,3156788.693,0.417704011,0.417704011,0.417704011,0.417704011,2258267.463,2838393.432,1949697.561,5280057.733,2258267.463,14247254.22,3260853.448,1835071.805,0.417704011,441287.5275,0.417704011,789080.3208,5285215.287,5205135.062,3198017.724,992958.1795,1906744.388,0.417704011,2806150.585,0.417704011,3809121.419,751429.2669,5590074.329,855918.1791,3249195.837,3021441.208,2674354.366,0.417704011,14967462.97,14248300.28,5081311.363,1949697.561,1832011.876,0.417704011,0.417704011,0.417704011,0.417704011,0.417704011,1290782.047,768519.8937,2258267.463,4992237.935,1019819.664,2117573.401,2836577.136,2753116.578,2530168.419,5081311.363,2258267.463,2279791.679,2194254.308,1829674.867,1771823.491,2258267.463,3198513.331,0.417704011,751701.8982,1949697.561,2796725.68,1809448.481,1243856.441,1093309.006,3021441.208,0.417704011,3082869.671,2726617.533,2117573.401,1539260.199,1835071.805,0.417704011,0.417704011,2258267.463,0.417704011,3123905.87,2966884.154,3184647.209,1019819.664,2089140.616,5280057.733,2810177.692,2089140.616
xalan-2.5,1575719.3,1.306351183,1.306351183,608358.3584,659559.5909,691256.4235,10093163.23,627541.219,674579.2024,9612427.458,1523443.828,1631977.1,1.306351183,674579.2024,1.306351183,1479325.771,28123944.81,1.306351183,1.306351183,22935266.7,627541.219,9744767.592,1.306351183,1527039.703,1516024.405,10110520.31,9612427.458,12399579.72,18262383.73,10534785.87,16939933.93,1.306351183,40975575.27,1.306351183,10002963.88,1479325.771,10002963.88,1.306351183,607742.0469,9828709.069,1.306351183,1.306351183,1.306351183,1479325.771,10002963.88,9640373.911,1.306351183,1.306351183,26213915.8,1.306351183,1170579.81,1.306351183,627541.219,28123944.81,1.306351183,10418522.1,1.306351183,2439306.572,1.306351183,649476.3186,1.306351183,10002963.88,1.306351183,651837.4696,22814325.15,880124.8848,1479325.771,1.306351183,10002963.88,1.306351183,28123944.81,26258497.35,1.306351183,1.306351183,1.306351183,1490977.976,610632.465,779967.647,651837.4696,28123944.81,10093163.23,1.306351183,10182412.93,1.306351183,18374498.79,10002963.88,1170579.81,10182412.93,1.306351183,1.306351183,1523443.828,10093163.23,8825554.53,876635.4041,23450240.48,1.306351183,23492407.56,1.306351183,9640373.911,1.306351183
xalan-2.6,1.501694915,10321511.61,1.501694915,10208698.88,9120937.178,10565084.71,1.501694915,1.501694915,12926199.09,889597.8127,1.501694915,1043597.622,1042738.23,1.501694915,1440111.298,1.501694915,889597.8127,11412840.29,858229.2621,9211350.581,1.501694915,1043597.622,1636426.992,1063044.732,6995063.701,1440111.298,9327041.362,974621.1935,16130014.7,1.501694915,935735.8292,1.501694915,4819349.577,1.501694915,10208698.88,938391.8791,1718041.303,1.501694915,1.501694915,1.501694915,1.501694915,15941647.99,11159678.21,4230253.859,1.501694915,13021553.74,1010449.902,1132773.272,1189639.008,1.501694915,1.501694915,1.501694915,1.501694915,1043597.622,1189639.008,1065023.361,878249.1746,1.501694915,1.501694915,1.501694915,1.501694915,902282.2773,974621.1935,1.501694915,11915221.89,935735.8292,903910.5613,1.501694915,1.501694915,1083076.468,975318.4399,937254.8181,1043597.622,1.501694915,1.501694915,1.501694915,1.501694915,1352096.709,1036759.625,10765690.75,1035162.005,10208698.88,11159678.21,1.501694915,1.501694915,1.501694915,11137983.63,9211350.581,1025790.399,1.501694915,1.501694915,1.501694915,990453.3871,1.501694915,1774884.69,1.501694915,1.501694915,936264.5053,11044173.49,936264.5053
xalan-2.7,1174557.924,2.317931793,28388310.97,4975558.247,29407045.93,7869305.515,2.317931793,2.317931793,1617920.54,4824147.424,1617920.54,1605928.787,4975558.247,2.317931793,2.317931793,2.317931793,1157617.317,7869305.515,2.317931793,2.317931793,2.317931793,2.317931793,2.317931793,2.317931793,3934164.817,2.317931793,26808312.34,32183196.25,1158243.79,2.317931793,35315280.12,2.317931793,1259329.833,1157493.753,32183196.25,2.317931793,2.317931793,3356082.989,1262568.319,3895164.271,1158243.79,28388310.97,7798675.033,29965396.61,2.317931793,2.317931793,1605928.787,11391829.64,1617920.54,34525260.11,4488272.3,2.317931793,26808312.34,4550641.669,2.317931793,29022557.05,2.317931793,1090668.293,2.317931793,4462966.596,1155982.62,2.317931793,3734386.501,2.317931793,1617920.54,28388310.97,1210487.182,2.317931793,3441690.845,11391829.64,11391829.64,1295751.393,2.317931793,2.317931793,1617920.54,2.317931793,8243957.711,4978385.417,2.317931793,2.317931793,34525260.11,2.317931793,4975558.247,35075065.91,3895164.271,2.317931793,2.317931793,2.317931793,7869305.515,2.317931793,2.317931793,2.317931793,2.317931793,2.317931793,7890979.381,2.317931793,3913111.357,2.317931793,45102403.3,2.317931793
xerces-init,262.6952168,245.6534197,917.2181142,3.586419753,3.586419753,3.586419753,1993.47844,3.586419753,3.586419753,3.586419753,1946.580544,3.586419753,3.586419753,272.9411399,239.9424498,1902.840761,513.1865412,383.4303825,1919.272855,1945.668549,1373.575246,1976.311626,1729.654097,1813.451467,3.586419753,1527.980885,3.586419753,3.586419753,3.586419753,2039.688748,3485.437971,354.798662,256.7460405,1083.815296,3.586419753,3.586419753,258.9817252,1815.788717,1330.561813,267.8533976,256.7101471,256.1048362,3.586419753,3.586419753,2537.869327,3.586419753,975.9276068,3.586419753,927.3729654,2357.72976,2078.03246,1945.912263,256.1048362,2446.24583,3.586419753,3.586419753,1373.575246,3.586419753,1812.037378,360.5628683,3.586419753,240.5282155,3.586419753,484.5685935,413.2960893,2649.496167,269.3060333,3.586419753,2140.224399,3.586419753,1949.677625,513.1865412,667.0253285,3485.437971,239.9424498,486.0332224,3.586419753,3.586419753,255.5953679,3.586419753,3.586419753,3.586419753,3.586419753,1036.453268,927.3729654,3.586419753,3.586419753,1990.779208,245.6534197,2825.840627,245.6534197,299.5987067,1990.779208,3.586419753,3.586419753,3.586419753,3.586419753,486.0332224,1330.561813,3.586419753
xerces-1.2,22.29808002,0.488636364,2393.367172,1733.020932,434.3133502,1960.856634,0.488636364,185.4978579,0.488636364,54.10575824,69.81666005,183.7989612,0.488636364,0.488636364,0.488636364,77.56533125,0.488636364,1960.856634,182.0726204,198.4403984,0.488636364,748.6257681,1524.353354,1524.353354,0.488636364,0.488636364,75.39536051,73.33425326,86.16942737,0.488636364,77.69492534,73.76008061,57.15151302,0.488636364,61.71421167,2763.346453,93.81040235,1681.295553,59.69514734,2393.367172,0.488636364,1524.353354,62.49629179,74.26914448,1695.614016,0.488636364,1584.837609,0.488636364,0.488636364,0.488636364,70.8660711,86.09287346,99.45466379,62.08641059,71.46421714,2763.346453,271.8075202,0.488636364,1658.168208,0.488636364,83.47994868,66.54798678,1882.76753,0.488636364,0.488636364,83.08250742,73.33193071,0.488636364,82.28620312,74.26914448,0.488636364,0.488636364,160.4005458,68.00733016,0.488636364,0.488636364,0.488636364,1733.020932,1852.986981,1584.837609,0.488636364,0.488636364,2763.346453,83.15770357,75.02142064,1935.967772,83.15770357,2345.238851,84.69704347,22.29808002,134.6691781,182.500094,54.10575824,2338.042255,88.66792566,1960.856634,0.488636364,1582.842992,142.8195973,1935.967772
xerces-1.3,107045.8965,120384.8338,92841.50242,3.781456954,30279.24934,101905.3109,97119.5968,3.781456954,3.781456954,96000.6178,112367.3644,51406.0734,102240.1225,25625.41355,21351.9041,144172.7028,3.781456954,3.781456954,22780.61303,193169.0249,177015.5383,22829.207,277104.8415,29602.33839,196167.0357,25027.80524,23091.63468,3.781456954,144055.178,267430.6536,3.781456954,22382.25984,103411.9432,95856.15281,109793.6323,408192.0709,22427.41879,95856.98972,221731.3686,14440.23524,3.781456954,23743.99932,22829.207,175506.655,3.781456954,270956.1485,3.781456954,133919.4876,277104.8415,24000.06086,22427.41879,22826.65698,177539.804,101905.3109,120384.8338,105989.6983,104760.9554,23449.64288,51406.0734,3.781456954,102240.1225,3.781456954,3.781456954,76325.71437,373603.4412,256251.2077,377351.4875,3.781456954,100246.7634,3.781456954,3.781456954,198960.3833,95856.15281,3.781456954,373603.4412,105989.6983,104097.6296,3.781456954,280983.9212,23091.63468,3.781456954,106096.0906,3.781456954,22427.41879,3.781456954,199993.165,3.781456954,23091.63468,3.781456954,3.781456954,106096.0906,112367.3644,228630.6787,280983.9212,95856.15281,26239.17828,377351.4875,105989.6983,277104.8415,133919.4876
xerces-1.4,47295945.38,575136.4656,48428346.13,50806541.78,47371858.12,34.61564626,44368404.69,49051470.75,34.61564626,34.61564626,5039432.991,1092686.934,34.61564626,34.61564626,52694988.81,49051470.75,44281222.24,421442.422,52694988.81,1370315.546,34.61564626,34.61564626,47284721.7,421442.422,411111.7551,856850.0394,34.61564626,586480.8926,34.61564626,37680068.45,43682256.12,443279.9046,42839852.15,48026685.58,37823230,562881.1626,47400039.45,43879638.39,34.61564626,34.61564626,52694988.81,34.61564626,43141791.71,34.61564626,47371858.12,34.61564626,577137.4245,443279.9046,50825456.49,34.61564626,34.61564626,34.61564626,47295945.38,654299.3671,34.61564626,34.61564626,50357671.99,856850.0394,49051470.75,34.61564626,47151457.76,34.61564626,43825609.7,34.61564626,540990.2832,49734904.52,37823230,52694988.81,34.61564626,536536.7743,856850.0394,34.61564626,421918.1269,772593.1189,34.61564626,47300390.52,34.61564626,419140.3829,856850.0394,34.61564626,34.61564626,6254565.807,48959800.45,421621.9864,34.61564626,423269.4874,50447593.99,48919631.84,47295945.38,44368404.69,34.61564626,591457.43,34.61564626,562881.1626,47295945.38,34.61564626,2636318.811,424897.4049,34.61564626,34.61564626
