ant-1.3,2.503739743,1.003751008,3.009528757,6.152224233,1.000720249,4.412273533,2.017169384,2.017169384,10.39337501,6.029226948,4.832264871,4.680160511,2.551490645,5.625402808,3.540706626,5.279569625,3.729120329,3.013883204,10.19577702,1.003751008,5.229667187,5.854942719,3.729120329,2.000362334,4.680160511,2.551490645,1.000754048,2.014173304,5.625402808,2.225203903,3.540706626,3.033720445,1.000014328,3.689896847,1.000001724,6.550383067,0,2.196722183,0,3.087903587,1.000293168,4.103585132,5.275415444,6.284071481,6.152224233,5.229667187,3.194942458,5.837646164,3.489710112,2.011082415,2.680227864,3.425172732,1.000001724,4.322145821,6.638727979,2.519585849,7.198899155,3.425172732,1.003242641,9.83963549,10.39337501,3.780865451,2.003648142,5.822580403,5.049614827,2.003648142,4.271576288,2.003933314,1.003242641,10.16970443,1.000014328,9.11249071,3.087903587,4.697563907,4.418956139,1.000754048,1.000720249,4.418956139,5.832034759,3.013883204,2.000362334,4.096327898,4.529618411,1.000293168,2.136270555,2.003933314,2.164533921,5.370421474,4.103585132,4.984890114,3.780865451,3.689896847,2.7516838,2.164533921,2.032815686,2.698843887,1.000361711,7.198899155,1.000361711,2.225203903
ant-1.4,6.814047097,5.920591111,12.36455725,5.15321948,2.000109746,3.947214957,2.097073832,2.064458181,4.013716981,4.314904587,4.344888357,10.49852105,2.20015396,3.326252165,1.001466587,9.96763901,5.871561219,4.720103037,1.000006607,10.36325811,5.436398831,7.508397447,4.920081804,6.814047097,4.942728692,7.453319159,3.407284097,5.637659137,4.218336419,5.279657853,7.340646835,2.413715079,2.333085391,4.077492868,7.852168589,3.650812634,2.215590003,2.050275143,2.000109746,4.990932612,0,5.313029864,8.961633962,4.833251699,5.6398782,2.156980785,2.607095324,2.688230545,1.000030016,2.085240589,2.383791044,3.251717059,1.001466587,6.837206403,2.783471401,2.783471401,7.624075386,8.351704026,3.698772453,4.38782929,4.504317088,2.970190558,2.03531458,3.075403524,12.79593493,4.13534774,10.31059641,8.54220242,7.213560158,4.014147388,3.464922912,12.68925554,4.653690964,5.6398782,8.824098698,1.000030016,5.048533137,2.291199527,4.266084138,0,4.720103037,8.573223338,12.36455725,2.03531458,2.032056479,5.261924161,3.451672191,12.2122884,5.793353384,3.253836212,5.151331387,3.178351374,3.021015771,12.2122884,1.000006607,2.245126253,2.162544978,4.493032407,3.134828317,9.96763901
ant-1.5,2.239847277,17.39136374,3.51134592,1.000723044,1.000137047,5.262199169,1.000723044,5.952024404,3.320198377,9.218171832,5.820539005,3.848044517,17.51213093,6.856931809,4.539767952,13.03405464,4.345951726,7.725221407,15.30615775,2.239847277,16.38473083,15.21588738,3.305402538,1.000615108,0,9.186952282,10.05813584,3.185343565,6.684047801,8.13754258,2.118005007,0,3.773830378,3.651327299,19.50625281,9.488625181,8.511721118,1.000137047,1.000100115,3.031713154,11.0639551,5.498599465,1.001021434,16.07830148,14.28254382,5.830749802,11.0557225,2.281116525,3.621781042,5.832232231,2.006637957,20.00847098,15.22964366,7.170915501,18.14291089,4.641567085,7.543671516,1.000615108,8.012266584,2.019439405,3.043154327,2.303118307,10.81793284,6.237330563,8.012266584,11.0150903,2.00075359,2.10463788,3.185343565,3.599957574,20.88959167,2.158841275,2.019055482,19.69821336,11.08769091,15.47528771,1.001021434,20.82132112,11.0639551,2.00248751,24.51279668,3.031713154,13.51088617,3.12335052,16.99333405,7.224278143,13.81724276,1.000100115,11.37422355,2.006286005,2.019439405,24.45446364,4.634939376,17.08639953,18.22991339,10.17601992,19.12959412,2.003375033,4.176454603,3.160087111
ant-1.6,3.196033366,2.318628835,5.769544661,2.796078994,3.75915384,9.220620664,1.000157619,7.320231788,2.007972406,2.282035893,2.122860645,2.004165538,3.435726643,2.032373149,1.000000138,2.007972406,0,3.027821637,3.014152014,2.221414809,3.236436809,2.411295579,15.28387828,3.209273248,2.00179438,2.204852237,2.489134641,4.530934937,3.051009837,1.002443342,1.000021769,2.024925209,2.032373149,5.84711971,1.000000138,2.01612777,2.406924352,2.593941383,15.66857384,15.52589678,3.185926947,1.000021769,2.299363629,2.009144527,14.93637289,3.33487434,0,2.000376661,7.504112557,2.285258781,3.151745355,1.000157619,7.320231788,3.032416262,2.009144527,2.001664161,7.075516511,3.240993277,3.568282097,4.8976447,2.439020471,5.84711971,2.131832012,3.313390244,3.352134649,2.042479745,2.299965796,3.574930061,7.089234051,2.143495939,1.003196332,3.209273248,15.19248093,2.002940217,2.740277111,1.000439498,2.550154641,3.279348684,15.28387828,4.869790576,2.062695675,2.111190431,2.740277111,3.58452937,13.44470049,2.512151665,1.000606492,3.425801306,2.000376661,1.000606492,2.004165538,2.641712696,2.489134641,2.204852237,1.000439498,4.797163517,15.53958264,1.002443342,1.003196332,2.247624576
ant-1.7,2.023128347,2.930606528,4.096314658,3.115222468,2.003948911,2.676221909,4.178272215,3.073077803,2.006488678,3.271206214,1.000231581,2.002599461,2.013892536,4.179462176,4.22321602,2.03075636,3.317316732,4.062667036,1.000002195,2.479694747,3.466137204,3.398447893,2.023295942,2.166985421,3.499997923,2.009664688,2.88155523,3.043036441,4.309264448,3.605633268,2.672177157,0,3.039599433,2.001586088,2.001586088,1.000231581,3.152970627,3.686961465,2.345839391,1.000055577,3.53139155,2.321052919,3.048485121,3.882195251,3.712056873,3.080387202,3.392192757,2.779921084,3.945878611,3.263285474,5.522040494,2.290961492,5.368499959,2.040873813,4.843354929,2.341217191,2.002599461,2.391604056,2.414169491,2.008682391,1.000147905,1.000147905,3.093779319,4.079689498,3.093779319,2.058579837,3.724644093,3.014434945,2.778486223,1.00176167,0,3.210801153,3.36473933,4.200835409,2.818213805,4.056088026,3.366900467,2.97758229,5.852057701,3.079914598,2.000199348,5.875051943,2.001083269,3.149457395,3.109970808,2.006488678,2.166985421,4.062562747,3.003347298,2.001083269,1.000002195,1.000057422,1.000057422,4.695197081,3.831406393,4.45892828,1.00176121,2.672177157,3.267633877,2.000288996
camel-1.0,1.00026542,9.14948781,3.040969901,22.48657902,8.663159455,2.063007159,2.175763171,1.000077531,1.001780679,11.96691309,6.797749876,4.069899394,3.514663583,2.274438417,4.423826657,4.082489104,3.116934028,2.216294697,4.025968256,10.08821851,3.089098727,2.423476987,2.576382208,4.147918024,4.352223665,11.44360133,2.754988461,3.507203487,23.97744757,1.006884754,8.832966241,2.55537477,1.001780679,13.80656699,28.25912223,2.179917243,2.277450051,3.31246694,3.103905878,5.465772318,8.722292788,3.900954518,4.135855102,3.040969901,2.074511278,3.02731879,5.220090898,3.02731879,23.99897186,1.000555133,3.349140193,4.95215488,5.999858857,28.25912223,3.522430851,5.753584926,2.017446694,2.256758953,23.65198993,2.507909387,4.284235778,4.547726042,3.127503004,8.267087359,2.074511278,3.616645872,2.390938536,5.449567706,10.14179989,5.104954528,3.039797275,5.465772318,0,8.706859253,4.331166488,20.83584728,5.3954928,2.008349107,2.014922697,9.876200152,10.14301511,4.335822751,2.454780079,2.011608939,0,4.054469717,3.194478566,2.011608939,7.909696742,3.350439226,2.291245094,4.95215488,2.876275071,2.026212855,3.465809438,2.014922697,3.010520177,2.525066542,5.426331877,10.14179989
camel-1.2,5.834853626,7.758743201,20.22167894,20.73164703,1.000767234,9.255525591,2.006714751,3.528923181,5.881127503,3.583176489,26.36293843,2.000993126,4.643354887,2.001967767,1.001325862,6.008063068,23.53829893,1.000767234,3.354110243,3.255523844,5.697479869,1.000021401,9.545966872,3.219937241,1.001613136,3.107884746,19.9649871,20.68200441,1.000072261,3.572068024,5.706583142,24.57335587,0,3.442117961,2.03965105,2.001481359,1.000072261,3.367263873,20.76969343,3.324418909,3.588369706,3.153035705,23.47838146,1.001613136,4.182861292,2.028749973,20.22167894,5.623429258,20.15162731,11.43278514,11.43278514,26.08547591,2.000993126,4.196649378,26.15083179,2.00413556,2.242351869,2.550595709,6.027113562,20.35984891,26.13510712,6.685962904,4.57363754,3.148583593,4.94984007,2.145698616,2.240390258,6.869614528,4.055281502,1.000122319,4.40102643,3.071985089,21.83156381,20.15162731,5.688429643,9.591931141,2.472708816,2.03965105,3.276801656,1.001325862,2.006714751,9.461142641,2.317164472,11.53922294,3.102198298,3.727842641,11.55680718,3.119277476,8.082101376,7.724003176,3.046134285,4.31882569,2.860778935,1.000122319,21.83624377,2.103230205,3.219937241,0,2.347497188,20.44383172
camel-1.4,1.001047056,2.302422991,46.54618851,62.90736604,3.32695834,32.49687017,1.000771024,33.8787151,3.184086263,1.000898179,2.227791597,49.68252566,8.325678924,63.77611063,63.53614439,2.055148632,1.183365428,75.95028474,3.07657774,6.026362843,67.10722265,5.862840912,3.910739999,3.451509816,1.001047056,3.184086263,4.680207526,33.62911716,11.63077872,2.010251788,53.30055094,35.0210159,32.82931023,74.4799058,64.15061926,3.049585721,2.034387085,62.43610162,1.011210631,8.325678924,36.43133762,69.35515482,8.431764604,3.11122501,1.001177109,2.002972641,0,2.03510551,52.26741579,77.14180894,57.87155258,36.92028345,4.350123469,3.052854458,2.003809385,53.07773417,34.68233173,5.841056651,68.69475693,17.09209249,34.18605243,2.299727722,53.42181163,3.342673921,7.544163451,16.63911766,60.36028965,36.31325475,56.44652791,1.000771024,2.021207346,2.179870867,0,52.1273538,17.09209249,72.92699232,37.95617163,2.324447862,1.395789716,3.060948773,7.002356419,2.011321354,3.30022106,76.1239611,52.22554291,2.227791597,1.000898179,5.803989686,58.53549126,68.95716432,63.38138179,62.04976581,55.78952094,3.986357886,56.25051034,16.15932936,59.14078073,67.14808671,57.88739274,63.09122506
camel-1.6,2.054304744,10.50410742,3.154021048,9.970832067,3.840494936,7.517866652,3.557208429,24.97811961,4.271392057,8.628313324,15.15751099,8.740614736,0,7.084745616,3.098521714,7.622702537,11.79727115,10.21462256,3.119963988,1.000504452,13.76606327,12.66418185,18.0666227,9.970832067,7.185194521,11.22585959,12.16962861,6.410828742,10.5510716,1.009072797,2.059600384,2.674518025,7.604860845,6.289677041,3.894994132,25.42170654,24.67592464,7.132928302,7.056131743,0,14.79259469,2.439665382,15.32185132,1.010021776,3.69739302,2.033787602,11.9247125,12.96257586,10.53611699,10.5510716,2.022140284,2.269781343,1.00122105,21.73275595,13.2815515,5.663996188,9.677326395,2.036653803,2.358134257,12.85432545,7.595271127,9.822018656,16.38677354,17.99321193,4.316033237,2.81907382,7.999978791,1.009072797,9.258284677,5.912355751,25.252355,18.50544002,21.0018008,3.224748427,3.115179907,2.232496271,25.45855142,15.59940858,13.91949789,10.50410742,18.44342378,17.99321193,14.36360231,2.035987558,4.340722333,7.582493862,14.79259469,24.98768868,14.6074836,2.453658576,4.907207273,7.595271127,9.583801333,2.159997185,6.855151271,7.070934403,4.606726994,8.021562057,25.21563502,14.50685769
ivy-1.1,1.001742987,4.403322776,3.261524257,7.50251988,3.982048899,0,5.016088262,2.010820482,7.209285236,11.22652148,5.307766193,2.008800506,6.044451146,5.975373142,3.328473267,1.000091768,4.377470307,3.866162352,1.216853587,6.380119128,3.827313486,2.652625691,6.068462041,4.132966522,1.000091768,11.22652148,2.676189763,3.783509568,3.737806496,5.683042182,2.000855174,2.931058273,4.299174112,4.172094844,4.3550425,6.146621292,3.6029479,5.482542637,2.157360819,4.822221051,4.807517137,1.00270566,2.684605682,4.05916897,3.370679787,6.712809242,1.00844185,5.527677196,4.132966522,9.064861822,5.17602714,7.684430364,5.792195144,0,5.024670166,4.3078205,3.555980374,6.371773942,5.49849419,4.3550425,2.676189763,2.073147372,11.17008751,2.643142718,2.324025111,2.934714109,2.180610762,3.443902901,4.683747506,4.862989422,4.560418227,1.999942788,5.340242208,5.171853556,2.833664096,3.882519504,6.712809242,3.316416013,4.88029983,2.082102686,1.003927295,4.328583356,5.911266252,3.823341168,3.43206472,8.226957263,2.308333587,3.6029479,4.349136622,3.866162352,3.756268969,5.397311178,3.055950888,6.130547746,11.17008751,3.31835675,4.192013851,1.003927295,5.300360659,5.369152083
ivy-1.4,2.340184683,5.473382753,6.482444804,4.015107464,2.545198519,8.633225214,18.14821398,1.000362267,7.484745672,4.961849572,0,21.47368044,7.197441382,2.138050041,5.020796287,3.349646328,25.62346187,3.84283825,7.243173059,11.08431303,20.8767783,25.81295078,9.474128053,0,2.004233928,5.867928692,2.669420489,9.034560081,1.000928393,10.88040534,24.03008424,21.52604998,19.27454816,17.1094665,17.58195404,1.000058957,3.212806792,3.152806757,25.96331528,17.11695676,15.20003724,1.003305535,6.846082277,5.890663454,3.871103615,5.07080473,2.230954485,6.015467753,1.000889386,5.137113001,21.52604998,1.000362267,3.439394082,3.55458629,9.634947297,12.15944472,5.415256142,18.6604412,1.074859931,7.243173059,9.211333737,3.331163183,1.000889386,2.219644152,14.20636013,11.88124921,2.987107237,3.024009409,3.882491722,2.543526652,2.009630802,8.248300033,1.000928393,21.44556075,14.50848351,2.002217304,9.474128053,2.535096749,3.431010583,21.45174734,4.896169577,14.76740682,12.37543262,6.447443775,3.84283825,3.286322807,4.539762747,8.542513757,21.44556075,2.345621497,17.82887189,14.47204928,10.93991006,6.482444804,10.25340799,16.19223948,3.394981988,11.88124921,3.070762346,3.609391757
ivy-2.0,16.07816401,4.403223811,38.58456673,1.036225907,2.092978585,15.43742615,3.900887536,2.048206121,2.043259932,2.009068831,1.001725692,7.526777937,4.101349987,4.067151432,7.643016548,14.46414155,12.20050986,31.62221568,10.26982043,8.374514198,3.139107369,22.22480769,1.003697824,2.058424745,20.56312276,1.003697824,3.139107369,2.700196455,21.17694877,17.24202923,1.278905851,2.459140852,23.56689413,1.013502433,24.15648009,5.483316575,23.04238633,35.79295957,10.96601997,0,2.075900219,13.73290474,2.569963793,43.35737188,10.64862097,3.383078808,14.12814207,7.739792847,3.777637484,7.516221746,21.21945738,1.035019818,14.00745987,12.69371878,10.92119864,3.567937825,2.096288915,3.691168418,14.61996248,12.00812913,1.013502433,31.516457,2.096288915,24.98030133,41.48950668,0,27.13929298,13.45339109,2.40464055,23.46013393,11.83808679,8.441518381,14.6098792,26.98464242,4.363175367,8.558771887,3.918395036,38.83739672,5.805108713,3.7944046,1.035019818,3.703334438,10.28338763,3.613312009,4.032786635,9.175622715,21.95530146,35.79295957,17.99783499,4.403223811,26.15959684,2.050840853,39.86120789,34.31677528,22.86392072,22.2189366,17.99783499,2.324327504,3.916975024,39.86606995
jedit-3.2,8.429200367,16.27786989,14.18189162,5.21015283,11.39161324,2.377847688,35.38398988,5.981122454,3.443110948,7.291685801,4.74249726,2.509337725,6.80700528,37.40829619,1.009476357,7.730886165,6.21008788,23.84793844,33.93465776,36.04397927,4.554945831,2.357037341,19.13946712,4.758975335,2.699240704,20.29916122,29.9390824,17.6369665,9.16542832,5.43790311,9.804356585,1.009476357,25.04348515,27.30674564,21.92444926,20.72534947,8.366692518,6.432554082,3.838844576,33.69814704,4.402321128,21.5286722,8.915328689,8.907693214,19.58259628,29.60629891,3.435270931,6.784951337,5.724804809,34.1765574,10.94844686,29.55017423,9.34611348,5.461824574,8.187428484,6.155769163,33.09934126,25.06383831,15.72524835,32.98741646,2.03437713,21.95147665,0,3.254675412,4.244842999,28.44904689,4.782171057,16.23142524,37.15026729,1.001518707,2.927137,27.01404355,2.076250519,15.39805831,24.06858028,6.617854037,11.78350168,24.02384552,1.000089351,5.760421431,3.603583477,7.258808557,1.001357118,4.036834068,4.088705826,0,34.88900555,3.139428321,32.48159781,1.001518707,18.86102697,8.738381996,2.441626909,20.42221204,1.001357118,19.03354211,32.23264028,4.588691946,2.18965776,6.750423948
jedit-4.0,11.47073357,19.63077022,4.044159716,21.52766433,5.945929215,13.23042307,4.306064651,8.609107548,19.27563383,22.05899739,17.58177641,18.26282133,0,10.22216878,13.57302046,16.38029299,3.679841489,1.000575152,16.26059606,11.63957241,12.99240193,17.77526079,1.006252317,3.186589784,12.78936794,16.44257759,19.10625273,11.27151068,3.888183419,22.58848691,8.173355896,1.001048025,6.589554049,14.2289933,18.12068932,6.595098375,2.001467084,11.9140227,12.85706459,1.001048025,4.128466581,12.7681972,11.91617125,9.12790353,14.66159221,1.000575152,18.79791469,2.532628066,12.87903222,9.427631614,14.41203599,1.000441109,2.167192792,11.27151068,11.88759501,9.783235211,15.91511724,3.555206106,13.06764654,2.015300517,11.85124949,15.90488766,12.19671719,15.53417367,4.750227232,23.24767529,2.615118474,8.804336403,16.04620489,4.87448134,10.39568403,21.36068516,9.460988625,8.804336403,2.308978646,18.9650056,20.39133774,20.35715128,4.737941491,13.26058621,22.4466402,10.52988025,11.70362637,13.23122148,8.488152808,4.0405887,18.10137705,23.88316065,3.186589784,4.491048669,13.96003402,17.8893133,17.33697696,6.945246204,5.454511308,0,1.000441109,21.03608386,19.27760965,6.014017047
jedit-4.1,11.50366808,6.043015061,0,3.09529144,2.003091391,1.005260551,4.974105582,2.128698657,1.001103092,7.307060389,4.025110577,3.439445046,3.166463511,5.973893526,2.005969506,3.70634156,4.868392304,2.005911885,2.654673268,2.899919374,5.535279125,6.193233082,3.267537855,5.199107748,2.005771035,3.525784234,2.229081731,4.269157847,6.193233082,3.638706401,1.005260551,2.177985478,5.555558885,5.508542012,4.674567173,6.07432242,3.85596075,2.295488921,2.681993333,0,1.000402821,1.000651334,3.625729885,7.360588647,11.74501627,1.00002071,7.375588385,7.375588385,6.858852745,3.157007123,3.012535542,4.690939143,4.986445142,2.001886947,2.831487888,4.868392304,2.665971238,1.00002071,2.36499937,3.478539899,2.235377679,3.722150502,1.000402821,2.45007394,3.727210718,3.047817266,4.708766159,1.001103092,2.002011263,3.58410756,5.233101895,1.001588682,5.245145249,3.961270924,2.46747579,4.981865563,4.955951777,1.001588682,6.873203138,4.050190038,3.797471489,3.705432069,4.289726849,7.229968455,2.540353142,3.797471489,7.8229739,6.86920537,11.50366808,2.063888682,3.257315092,5.265975255,2.003674947,4.452137785,5.223720509,2.46747579,6.858852745,2.985300798,2.537550568,6.07432242
jedit-4.2,4.29959436,2.475435165,1.003607176,2.151047507,2.423870966,3.286100496,2.071256555,6.400204701,2.074960845,33.12074171,1.007943678,32.9382877,4.293580585,7.575765215,4.056470052,2.035576113,2.152385484,4.611452996,1.005017967,2.094308786,9.691479286,4.368798545,33.38228264,1.007943678,10.7990795,7.629935671,3.165195318,2.852189381,9.620818607,6.238741104,2.071256555,7.491792532,9.579757855,3.85075553,3.623014999,3.689722819,3.165195318,7.433799959,7.885921816,5.978699578,3.096136478,6.023429873,9.589215816,3.903560472,3.62155147,3.784456831,3.265757118,1.468011156,1.003607176,4.105468576,4.038832947,2.245002472,4.217031778,2.035576113,2.057366567,0,2.100393944,9.504903643,2.439656799,3.605446045,3.499660275,9.994277868,2.03447185,2.035802548,3.130868144,4.981994149,7.398095021,2.180907124,10.64242799,2.120658249,2.17611177,4.842762157,6.148718553,1.005017967,4.244436543,2.03447185,6.291425985,2.267061554,2.072658965,2.768782613,3.807146154,2.576714403,1.468011156,4.08515515,1.00090127,6.444694394,7.388960015,10.7990795,0,5.368056322,1.00090127,3.220466982,3.541040996,6.577825994,2.031149851,33.12074171,9.799941566,6.656407728,3.134348691,4.098760605
jedit-4.3,3.679702063,10.5601063,4.356277096,4.201898537,2.751132273,1.000093434,2.426150023,2.866516838,3.078949563,3.36081656,12.98137477,4.156253506,9.778761748,10.68717544,11.16558174,10.34286102,2.960856643,3.078949563,12.54356429,1.000847955,7.878477424,13.24392938,2.004504078,3.254708221,4.499298173,3.513953735,1.00021016,1.00021016,3.651293769,4.394789012,12.78097068,0,12.29274692,3.857386606,4.046524505,9.535566588,10.68717544,4.089511191,6.106736894,1.042387767,7.39068507,3.505482429,4.287836065,4.65713934,3.143470332,4.022631002,4.223013237,2.294806955,12.82580772,2.95379866,2.294806955,3.593567297,2.003397431,4.206943969,5.259168844,2.767361167,2.511265659,12.2218674,1.000770663,3.034315984,6.762639201,2.711224802,4.22645131,3.824683282,2.904985262,2.707711978,5.167032802,4.01957378,11.04564619,2.815073595,4.535127974,6.019744296,10.70486805,3.679702063,7.796920859,2.588562449,2.632061868,3.923240783,3.711994635,12.2802011,11.68710998,3.415017872,3.415017872,5.216587719,3.084379819,2.549356959,6.171524274,3.505482429,10.70486805,1.000093434,1.000001456,6.762639201,1.000847955,9.858031935,3.930764597,4.356277096,5.025898083,9.49698084,4.394789012,0
log4j-1.0,2.132593523,10.13725879,3.574007015,15.79684698,20.95470152,10.77947402,42.00899043,17.17781348,3.574007015,2.422618308,1.000019315,10.26343907,2.28305595,2.422618308,11.04379965,2.611140588,17.55421925,2.069257544,2.560398694,2.768684645,31.55754266,19.68720131,1.001218643,17.17781348,15.41474438,4.139479927,3.20954439,4.467382061,33.0588369,12.88245219,20.99878493,2.108038028,13.02108841,12.92455891,18.18493901,1.001218643,15.33190712,6.379105703,0,28.48806973,9.592007274,18.16968832,2.608917691,18.65492374,10.83631119,3.561603045,13.14660646,3.782419565,2.069257544,2.940620853,2.080603921,19.78786943,12.88245219,2.786933409,33.03945615,2.671652871,3.956099569,39.67131791,1.000371111,8.265199761,28.31479754,2.792686567,28.96857676,2.480573501,13.23878181,2.035924329,2.029826585,3.956099569,7.462073535,3.239341961,41.84682372,32.72843279,7.538742957,4.428884693,33.56300009,4.378740864,3.49609931,4.652463946,28.31479754,5.775266934,17.90194114,9.784501227,14.11097664,3.799411719,39.78366289,8.403254899,2.00460609,8.865066344,10.1657537,1.001571279,7.930070473,0,2.450478309,27.91628463,12.90155779,14.29858277,3.640019598,21.25953974,3.999001994,8.403254899
log4j-1.1,22.18455453,24.7607111,3.268123541,4.31300427,14.31384734,6.109663394,2.278376573,10.72918137,22.42887315,17.9582504,3.859870498,16.78030217,6.092207466,13.99594421,1.004418124,29.49656586,13.32913846,5.373829923,4.63567143,17.99943853,0,5.534267268,12.75498695,2.809425783,2.417823649,6.81423992,12.91223293,2.838340462,6.860826346,7.922172325,8.23497154,6.286800616,24.10496703,2.793383049,4.931900451,5.060780408,2.688312619,9.970563629,1.004418124,2.099702164,4.870831304,4.247127188,24.18687774,6.063023553,25.46213397,3.166965132,4.781795501,2.640879431,1.000015711,4.485369088,6.962390369,6.962390369,2.101141252,25.58166465,5.779332199,26.79247014,1.366088861,3.822685828,5.013585763,19.30237759,6.256833656,7.870354776,2.047398799,6.463796296,6.81423992,28.71359286,11.10023523,11.4254791,6.191574101,24.1307385,28.15225629,4.870831304,1.000015711,10.80022233,2.407879892,1.366088861,4.755060696,25.61933249,11.61687889,9.102762406,18.04618627,2.004956723,4.807165449,3.86789047,2.945645873,3.926237186,0,6.37966876,2.810131528,2.397798302,11.47982052,11.64928198,3.717720732,12.8951688,7.390603427,2.278376573,4.408837571,11.10023523,6.307669475,1.001564077
log4j-1.2,3.660727629,6.11545872,6.298205609,5.956506092,1.538542088,22.52719994,7.311854869,2.661877605,2.935197611,3.98273123,15.62193924,4.247962475,3.671200732,9.790837375,1.538542088,5.190912345,2.01379521,17.6521672,5.799391375,7.410759739,1.00112522,3.542195177,6.007348476,2.619636658,4.538427004,2.559127667,5.409329445,6.327453187,6.275729949,3.719486364,0,8.844131022,1.006620435,10.80887448,14.73973824,4.564832281,1.00112522,3.011237289,5.282572277,8.303953715,2.250509085,2.999584552,2.507886649,10.89376709,5.782280261,3.067441256,6.474754169,17.14286399,6.97166014,3.668522097,16.922425,17.13943908,2.513010262,0,2.760870886,1.006620435,6.81299528,11.14463973,12.04582441,7.339196731,2.549790079,3.452451032,2.968038651,7.582860222,15.20138798,2.999584552,15.12606646,2.527813198,2.710897964,2.510644775,4.954581396,22.57489616,7.977875702,5.799391375,4.823775966,22.24490382,7.114175041,2.114618428,4.830519364,4.020961153,10.2649079,2.672369015,7.621769993,6.320266194,10.30186723,13.84218296,3.299351534,2.935197611,2.93445491,8.076013519,20.45905171,3.118179855,20.75697872,6.893268978,18.38834741,4.781755839,2.58056594,2.955482943,7.571343,3.173736074
lucene-2.0,4.475458753,12.40150145,11.71159998,3.108724943,3.621507283,11.79303863,15.5553034,7.174612395,3.249648212,11.97367912,3.730069152,0,11.62463451,4.672429999,7.281139284,16.40899236,3.170788036,18.01875932,10.02618621,4.60501992,9.824609249,7.002861713,9.050981903,12.57640921,16.93625818,1.000643716,13.42266189,13.07595633,2.152341359,1.021403668,0,16.28952342,10.57542158,5.593873904,12.31663773,2.34438255,4.791767885,3.033542935,1.021403668,11.97367912,20.87657011,7.097949254,8.329121465,3.192487033,10.80908761,9.97159795,13.12157179,8.773023507,9.357810521,14.79996502,8.481501501,1.000057861,17.03623741,17.6806556,2.01964392,23.49563445,23.4665824,13.05532507,15.51937426,2.99645406,2.020163364,1.000046282,2.195165485,4.419464141,5.909255066,13.34310331,9.20222228,6.746023019,6.924779592,9.773837745,4.326383325,13.34310331,2.444911056,1.000046282,20.94748693,11.55952046,3.784932391,10.86556182,13.12247893,13.00202749,4.778666124,2.01964392,3.033542935,6.935360283,17.03529704,3.458003702,7.978121494,20.34018182,12.73607468,4.786354765,11.07972899,1.000643716,13.29308664,1.000057861,8.745925525,5.566850244,2.037479632,22.95575766,4.737108608,10.20059615
lucene-2.2,2.490548129,25.52024839,31.42014405,26.610843,11.51446062,5.337070319,13.15293945,2.218530523,0,3.489465766,8.297703735,5.386591924,6.256426742,12.80540584,7.375947939,2.186261375,2.208120477,13.7085557,10.40856122,5.420545383,17.02263782,2.009561043,2.241799439,33.01165347,5.194411459,14.91176634,36.66113687,11.06600347,7.17371304,7.976463735,11.14318636,1.002620475,36.87122512,3.991665781,7.844227884,5.375757566,38.77332604,2.032795175,3.547264282,36.06332762,38.35806562,23.14305108,17.06993482,16.46757411,5.420545383,12.80540584,9.175120612,5.844404245,7.976463735,13.15293945,14.9001861,4.441148245,24.94727498,26.59840374,17.9733955,1.002620475,7.467067228,10.76813978,23.2759468,1.000729579,2.046118419,2.039933073,1.012343165,2.016422082,2.490548129,12.52356856,7.133193718,18.07606229,23.14134588,10.9522264,31.75177034,38.55154087,26.6125482,2.016422082,2.021348704,11.02501684,24.91264001,29.76997057,12.61847251,13.71664893,2.190338525,5.981249347,22.38359013,0,11.51446062,31.19351971,1.000146896,31.19351971,3.850410765,29.79350148,2.016745493,13.71632486,1.012343165,37.00130299,5.261491202,1.001117923,16.33255619,4.222613962,2.004173912,38.07242853
lucene-2.4,12.96295738,1.000980564,15.90044782,3.880405783,20.01965057,13.82542146,5.660253473,8.212636863,3.071347119,5.505965676,10.5787405,3.956722264,5.159527503,0,15.72043998,3.005200979,6.898081987,6.913545007,19.97456549,14.0242483,5.907514389,6.180567351,6.197772475,23.11546648,8.57790932,8.75848147,6.28594168,8.01403322,6.535597546,1.675702094,7.337653662,24.79733266,7.799629723,5.590650355,9.595049867,6.206577183,10.62232985,1.000980564,21.05805791,3.865485997,24.48976389,3.267246946,6.193553945,1.989916714,2.004635351,16.53316699,22.23252009,5.668717108,9.118874643,2.883789567,2.472529617,4.362753334,19.52562369,18.45949729,3.140878542,12.95604188,4.403886495,10.5787405,4.302164108,1.000087724,15.30783171,4.852387394,6.270389597,5.907514389,2.761770226,7.174973543,5.752387708,2.004469136,3.395089795,3.727554123,5.990261541,1.989916714,12.87776013,0,18.05265922,1.675702094,16.00489695,16.5226194,10.35472682,6.420103132,2.56518352,5.195446171,3.52786917,22.24125977,7.520488814,18.38593048,2.521095637,25.02282429,12.0448745,18.05265922,6.092871105,1.00029768,3.39489651,10.96313245,5.025053477,4.750393693,2.567118188,8.216477311,5.042433741,1.00029768
poi-1.5,24.20284441,1.008686389,7.509733035,7.357415942,27.08743668,0,2.181372079,4.349189303,17.36526449,3.696216526,1.00021078,7.049042328,32.31437316,22.99491153,21.62228273,7.271203502,2.212436572,10.78241798,4.502843018,5.284247182,11.79246866,2.677275571,28.15579608,2.557742498,29.96619767,2.29376024,32.64668171,2.003556993,2.567851463,12.75149857,22.42939099,5.76497733,21.94689226,23.12316,21.35694705,7.048867071,24.92477698,1.008686389,2.212436572,28.98355908,22.33725323,2.175543755,2.565734653,1.000374998,4.97023027,22.96916665,2.859300734,3.567667267,5.320016932,8.692649528,2.613330461,1.11753365,6.994538392,11.15686876,13.25700987,5.76497733,26.90741915,3.713556667,27.58319067,4.582475914,2.025669928,14.36668505,13.46920075,24.67470758,9.345819684,2.93441921,20.42323033,5.389229943,10.04286782,5.366020775,4.172416755,2.181372079,20.88040923,7.036679124,2.413673903,1.733089238,1.0226135,8.75794346,7.541983377,25.54151503,11.02273462,6.791308275,32.12076077,1.0226135,22.16101562,6.586123425,2.729343357,7.048867071,32.24236501,24.49012111,1.733089238,6.996798751,11.46550996,0,7.523025501,7.016914182,2.653741305,28.01397702,2.257892617,31.67286381
poi-2.0,3.157436536,3.131041003,0,3.314936376,0,2.065042905,3.381227768,1.000089106,0,0,3.206845351,3.130809735,0,0,0,0,3.075335838,0,0,0,0,17.73065579,1.018488533,0,2.065042905,0,0,0,0,0,0,18.73457486,3.130809735,0,0,0,0,0,3.22013017,0,1.002094535,2.065042905,3.381227768,0,0,3.22013017,0,1.000089106,0,0,2.018532073,0,0,0,0,0,2.018532073,0,0,3.125999521,0,1.002094535,0,1.000089106,0,3.157436536,0,0,2.031374399,2.081749251,0,1.000089106,0,0,0,0,0,0,2.082862526,3.314936376,0,2.073680757,0,0,0,0,3.018621179,0,0,0,0,0,0,0,3.348704695,0,0,3.206929199,0,0
poi-2.5,2.057975563,3.172458466,7.830192408,8.422365424,3.509146965,8.271230506,3.457573431,0,16.18713053,10.06546142,2.819018437,6.568025891,2.283314191,3.386975753,3.006460604,18.13795545,2.674657202,16.38691574,1.000265136,2.189734779,2.191188283,2.099558672,2.92346833,3.457573431,7.868127253,2.001691019,3.822780426,4.053193373,2.004352256,4.000873521,7.802904792,2.768435257,2.283314191,3.62965861,3.018216238,0,3.895880667,3.780475391,7.755953075,7.806413799,3.148110493,7.802904792,2.572588917,10.27457659,6.528648957,2.674657202,8.670159634,2.374386161,1.077510064,3.386975753,2.174172179,2.001197063,3.768777807,1.000265136,8.271230506,2.767203985,2.016511079,1.999428679,2.51414419,12.08059725,1.077510064,6.568025891,10.10628457,2.44682308,3.006460604,12.08059725,2.767203985,1.999428679,8.670159634,2.129876053,10.27457659,1.000277157,3.509146965,9.415832687,2.572588917,8.303757908,12.08059725,3.383820559,8.611087219,9.705467426,2.001197063,2.016511079,8.279955308,6.56607971,1.000166755,2.795242944,9.474032749,9.33643044,2.819018437,9.432474612,1.000878084,2.215179223,1.000166755,1.000878084,8.292318154,2.191188283,8.33030292,9.380124433,7.755953075,2.858641613
poi-3.0,0,25.61570053,7.420963477,27.94653983,1.000663163,3.138811043,3.40272306,13.0565872,10.98149903,5.358773222,14.53400348,1.009881704,5.008160769,26.06128161,1.022735547,18.83429955,2.012809841,14.95117937,3.616298487,2.431263068,26.00551856,13.93503679,4.702129635,26.08574999,3.823600541,16.55292646,3.014621399,6.213381918,28.37110917,4.811443128,2.792934168,1.003963699,5.378777505,2.467121356,2.361584876,2.223946901,18.01635528,1.170854489,3.808367776,15.89480662,17.82811607,2.506410609,4.017085729,2.016387572,16.96965362,1.009881704,2.500600064,27.71176038,6.529428749,6.950181325,1.022735547,3.758784047,15.12893104,3.407658946,13.95267713,9.175348417,28.37110917,3.688216777,2.534315651,14.95117937,3.747795734,6.620657027,1.002786553,3.510816755,18.01635528,4.557622994,3.712596657,2.586105331,2.917745452,0,13.05873031,1.000663163,11.67015743,3.566761851,1.164057224,2.061745023,1.164057224,2.506410609,2.335475169,5.012459674,6.175609111,2.294158759,2.575694769,3.976742643,18.7541781,2.145091468,16.44146968,2.818521955,15.98978041,13.44239538,1.003963699,16.60915217,2.383270411,2.278313374,14.87037888,5.174519728,3.290661452,5.378777505,7.731020132,16.62515565
synapse-1.0,6.875362601,3.560541129,4.647897556,2.296995373,4.265671206,5.572188226,2.161976468,2.428405519,4.035836184,2.462012521,2.097187326,2.053818936,5.902477623,4.143334436,3.377225706,2.256708314,3.646944368,0,4.224628028,1.000681183,3.009382664,5.685974692,6.152866778,6.597806753,4.265671206,3.816849067,6.108236381,5.612215998,3.377225706,2.19913816,4.571147828,1.000956095,5.518746079,3.044837887,2.15998292,4.969812728,4.714069859,1.049778574,6.105830498,2.438472628,2.083211864,3.15760884,3.519199781,2.436379945,2.504639618,2.231061466,6.903983336,0,2.965296846,36.00473728,5.88743856,4.714069859,5.137749459,2.016851674,1.000406136,6.731377837,6.8903666,2.616261955,2.463289746,3.655827933,4.614921531,4.571147828,3.106188811,1.049778574,5.793715708,2.436504684,2.77725005,3.118470407,2.083211864,1.001427369,3.044837887,2.028143536,3.390124555,2.005440045,2.965296846,5.967186881,2.83451228,3.274302707,2.007884238,3.972214207,2.003167288,5.785764677,3.1151152,5.313749971,5.572188226,2.367101929,2.004747106,2.227972336,3.797959505,3.072816956,1.001427369,3.797959505,2.133865946,1.000406136,3.021449287,6.727813102,1.000681183,4.862889279,3.993015347,2.033234136
synapse-1.1,3.319920878,4.956163163,19.76239733,4.45554633,5.060635296,11.94455641,1.000338784,7.934800969,18.22371483,3.931402676,31.30623935,8.083780478,21.84410471,39.44805405,9.317499583,19.73331357,6.800545294,6.548363711,6.831554947,13.35105287,4.607690679,5.526730207,6.683318204,5.011857678,13.07662428,5.060524721,18.6542479,9.317499583,20.53489676,36.58168438,4.423691942,8.261591302,0,6.831554947,5.735168346,3.186148531,8.326770244,8.326770244,6.244598218,10.71707477,6.656035883,3.916546943,3.319920878,2.025799011,15.48848998,6.56920674,6.575857069,7.935966403,6.637726624,3.237338327,3.502062909,7.269623621,7.074509477,2.130630256,1.002392237,5.788833673,2.00906762,1.000626119,6.161687502,4.51129699,10.35564892,8.261591302,12.96527572,4.378928268,18.64495828,3.325671318,3.335014192,7.636051547,1.000374215,5.388451869,6.444099215,4.278288203,5.575297109,3.590076772,20.54607025,6.43248832,5.428804388,6.557309384,3.446163252,25.22470914,4.851211118,2.357903256,36.69106374,7.97703136,5.011857678,1.000338784,3.916546943,3.519459199,5.27488625,19.84159168,24.24279019,3.990517494,1.000374215,11.63036208,0,8.680460962,21.05411406,3.441993632,7.236766796,9.229018301
synapse-1.2,21.97556937,28.34995597,2.010486778,17.74525445,11.69115852,2.264056051,3.04623395,4.272277153,6.668430358,4.562462208,1.000598951,11.06307719,0,9.922412014,12.76633201,6.428236356,10.65964529,5.63258849,16.30650107,13.10950081,4.843396466,8.525321863,10.65964529,2.984149297,1.142878589,6.515389178,22.98685927,5.384947835,10.3544983,4.232968804,5.106194795,5.521128226,23.86324359,4.240440617,4.195793179,28.85460701,12.15284294,3.376326334,4.562462208,2.592835083,18.88010621,10.82837957,8.335725222,22.02706308,5.400596684,3.558188867,14.29743964,28.64010253,11.51842003,11.25342707,22.02724437,8.373484407,18.90692978,8.550036974,10.28765334,8.0287575,28.69289634,16.53617411,1.142878589,8.967782272,25.61977117,14.77547105,9.702182275,3.836706752,6.42708433,2.288669609,11.34429076,24.0517254,1.000985981,0,9.27737182,12.93886116,5.311903228,2.053410824,6.52076076,23.68068838,2.703657144,1.000598951,7.407791468,6.409420798,8.11270772,17.94740331,8.263800188,6.387196272,5.362701197,16.44012096,6.514660548,15.00849871,1.000985981,2.240854345,1.00830323,4.331627551,1.00830323,17.11687898,5.571432693,22.59833925,15.42250949,5.729549407,3.108376436,6.998629853
velocity-1.4,9.029609856,2.417945728,17.25505378,17.17706753,11.01628746,2.512194167,21.10691698,2.006383238,2.001676375,3.002526333,10.03885669,18.67306729,3.688534408,9.671023669,2.001920669,6.667035199,10.03885669,5.089476653,2.512194167,2.593615889,5.026047101,7.079836266,18.06342207,8.123668606,11.22982741,19.68229772,2.001920669,1.000754517,2.346106632,7.079836266,1.000431123,11.29503955,11.22982741,3.240570186,1.000081896,16.05655175,12.85158504,2.695446405,10.52255407,17.83110224,3.508335478,11.01628746,6.693597075,8.219989549,9.029609856,17.37120804,15.35280087,18.06342207,11.41658404,3.071090004,1.000431123,4.506533622,20.23760535,9.616868296,3.825091419,6.667035199,5.428099404,2.000626417,0,12.03846204,3.076264492,6.087384551,0,8.571568178,17.37120804,1.000081896,1.000754517,19.05353669,18.46306344,5.462220236,18.68060571,2.001676375,21.10691698,2.006918911,2.000833679,15.58080913,16.9455396,2.466269172,15.35280087,3.071090004,15.71012909,2.695446405,19.16320177,20.23760535,10.00817859,3.825091419,1.000012304,3.442108711,3.36711782,2.000626417,6.046814197,19.78073313,7.529153366,12.55859262,18.68060571,18.12915475,2.188654579,3.093776147,10.49698062,1.000037735
velocity-1.5,11.94883534,19.41207977,27.57494408,3.121503577,2.599187969,16.77732012,25.28541965,7.607679093,12.38893201,6.90114135,6.947783584,9.455924162,2.25336798,2.304621722,3.38032414,2.156354345,3.147910487,2.749231377,5.206019101,4.629916643,1.000507442,2.679435201,2.055663549,2.683900689,4.889138219,5.415559399,1.000008455,31.74626886,24.56506033,26.01656978,27.27031452,3.004086285,4.897321484,18.37902188,2.817602785,1.000101011,3.147910487,2.638491951,3.059321372,38.2188259,3.247800655,19.7594063,4.933921921,1.000694095,2.129229353,10.43354048,28.82628104,2.108223202,12.12518141,2.599187969,5.31685918,6.43101639,11.40302339,4.629916643,17.89866113,12.30181291,19.75285014,8.875604647,3.336043852,22.8575339,5.040201184,35.12982927,4.279950391,17.94211461,1.00088899,21.65870975,26.84210708,2.822904532,3.245732692,23.87904403,15.5646583,22.07206814,2.071855517,1.00088899,2.035375837,2.149751623,9.209390588,3.988707083,7.857691645,11.82475563,28.2712639,9.799812348,19.19932847,13.94892291,1.000101011,0,3.548416741,0,2.08310819,17.94370237,2.795940673,2.506522303,1.000507442,1.000694095,1.000008455,2.335932961,29.63586475,2.068280821,21.01807941,33.65311856
velocity-1.6,5.756942561,11.30753699,8.274025986,11.587084,8.524258315,10.86706729,9.90083181,2.006880895,7.064923469,10.08660202,3.606878506,15.70307852,13.13722463,1.008857515,11.54968168,1.000009879,10.32155385,15.61490207,10.61334982,2.002648323,7.125697905,17.56711588,4.45747033,8.499592151,8.168021161,9.295072184,8.577167599,13.32926554,2.361360466,4.327659549,6.629225126,2.567506456,8.588010303,6.404595848,10.55150881,4.097600606,2.850812323,13.32926554,19.21307284,2.001011138,5.30138941,1.008857515,11.33939384,8.087423163,0,4.184902669,3.529754442,4.935537892,10.61334982,7.093475432,2.168099782,9.582518851,7.85486104,1.000628318,5.247316575,9.815238927,4.881123798,12.07730577,8.377129955,11.05055323,12.58743422,19.21307284,7.475540404,6.440918171,5.414385696,6.339754586,13.70295098,7.564254402,11.76421303,3.725289266,9.593766941,3.374483645,10.23584362,4.177277936,11.13116523,15.70307852,6.442342743,2.006880895,7.218154009,3.944725823,2.059632508,1.000628318,4.872254037,5.413658088,9.048901446,5.152957666,5.340349079,4.650719837,2.117627705,1.000009879,4.989472791,0,2.050535148,3.271205743,11.3638059,6.007242905,2.53724977,6.837009983,6.754123443,5.445884775
xalan-2.4,29.26988809,4.245876143,32.77013705,2.255795055,7.769027888,43.58497175,1.002351351,2.188893506,3.65972737,16.8161771,34.48377012,25.29565012,3.448859684,2.440071412,27.92865985,25.62017768,3.158051508,8.955947785,3.138607064,9.917204352,3.219888006,38.4336822,2.054299484,8.676328948,30.40029932,11.18966635,1.024010567,16.80718036,26.83073827,8.654979378,37.79319791,2.222249337,5.40508246,1.003295934,32.77013705,1.003948883,33.15064136,32.44914439,2.15319852,22.31889787,1.000398902,2.838849341,11.7781104,5.872379922,2.063072457,3.262646121,30.26448252,4.379013022,7.769027888,8.842383713,3.526406544,27.62945235,29.13897318,25.34541706,0,1.00000553,3.890158133,10.48501994,4.603933835,1.006261628,5.660968117,34.70285465,11.85552835,24.93890369,11.34644816,26.92697532,11.18966635,12.37921842,2.331063027,2.325545248,11.7140552,1.00000553,23.82677315,27.73525358,36.04252886,0,2.179806083,1.003948883,1.002351351,34.2057389,3.244342236,2.10472315,2.146904717,36.7316312,1.003295934,36.02856973,27.18079053,8.955947785,28.45202649,3.816674161,13.60236725,14.65615881,4.093464013,1.024010567,3.219888006,2.805508235,4.093464013,45.0580718,32.44946987,23.95853893
xalan-2.5,2.048672792,17.82058812,5.622999254,18.75198109,1.569264593,19.00016926,3.776760249,4.147675412,6.204197265,2.165830521,4.056419265,15.22563298,16.40777,5.449335936,6.085345895,4.219187543,6.984335414,3.201988976,6.503633432,5.144936795,3.320419682,2.105623088,2.566083818,5.56021891,4.040776601,3.674965867,17.02133633,7.381865734,16.55554861,21.32674358,2.199962826,3.70514155,14.94779821,1.000659883,17.718306,21.57234662,1.001247905,19.5673912,22.67717162,2.074489449,1.001247905,4.126973658,7.230998523,2.669068255,4.9572541,2.515421673,20.56521093,8.013335727,4.224430206,1.569264593,1.002107804,1.002107804,1.000659883,2.669068255,2.031771857,18.20519438,22.36662603,8.285841989,3.145854942,2.668076611,4.040776601,1.000025365,5.890694518,14.12146037,3.254877543,3.877351108,1.000025365,2.40606085,21.79931469,5.284886083,3.178248117,19.12526748,1.033162533,15.27350816,3.753801535,4.439015202,3.305312808,6.162649704,4.45064896,2.03814335,2.116862796,2.062241825,2.031771857,3.267242587,2.006040732,5.686828065,1.033162533,7.404888142,2.242863814,1.001229581,5.572715735,2.065169139,4.484312687,7.334842815,7.64430786,6.887401703,0,3.529636029,0,7.795061043
xalan-2.6,3.318214304,5.276226638,3.517482447,4.97908772,10.46050638,2.367831872,8.807465981,4.699672465,1.04295587,3.743188762,5.216609183,5.663708121,13.98108313,8.212353359,1.04295587,7.593019068,1.000057882,2.908583569,2.202627079,6.060574969,5.962014095,3.815316515,0,10.81413329,5.216609183,6.087254188,4.349115359,1.014402032,2.295386498,14.06572734,5.671166532,3.437950032,4.34169375,3.713026461,4.726148039,1.001094521,3.921950378,2.026241649,10.28299968,0,8.416387289,3.949154398,2.439254529,6.890174971,5.202204957,4.895822015,2.035395308,9.604675875,7.634643137,2.269541488,5.312130955,5.378380066,3.752908427,11.21380583,5.27863934,7.742054283,10.53706928,1.050636083,9.390916306,6.64611289,3.645198273,2.058970257,7.720235916,5.389667288,6.179649944,5.365405116,4.457462214,7.281003992,5.599224457,1.025310604,9.605270501,9.707623629,5.205384479,5.526934169,8.812650486,8.350623819,4.950276843,2.002863849,14.42590165,1.025310604,3.517482447,3.509446257,6.712218957,1.001094521,16.96100185,8.466532969,4.836189725,10.05766716,2.020671071,7.726007223,1.000057882,7.505808021,3.083882044,1.010627687,4.613201353,3.078999427,4.700342172,2.033915609,10.15482018,8.57642632
xalan-2.7,4.447920606,22.98655855,3.291849855,1.024967539,3.337196844,6.340687718,2.134276649,6.286955852,2.014506903,4.73946437,1.000292014,14.72655471,3.459994967,7.917603117,4.554425228,4.7347104,9.127456318,22.04596048,2.3084277,2.611358976,3.804011911,21.80505497,10.59208298,4.466535297,0,1.026049388,1.006012373,1.009472668,7.627115007,4.489990251,3.755393211,2.109522708,7.796731023,1.009472668,2.182291534,5.022339057,5.176963946,2.588473183,25.79494129,4.372443255,19.199648,4.244821817,2.25960586,5.267799414,0,3.423714258,19.36777675,1.014958943,2.174803219,15.48566343,2.322744757,8.388924189,1.026049388,2.375407734,9.809036013,1.0103993,2.1407854,36.97014749,23.45554752,6.556070216,3.393138458,17.09598103,16.41657548,3.713779827,20.87153077,2.861213127,12.0080674,2.048613374,2.720612388,2.007186542,7.794466742,3.190877134,9.088944299,19.199648,1.010583186,1.000292014,1.010583186,2.576372237,36.97014749,8.691354061,2.186951679,7.794466742,3.490312463,10.73821572,4.850977869,8.00125053,22.12543713,6.000320143,3.614611026,2.903825603,4.303182163,23.5552231,21.98529463,5.964129444,24.22678516,16.24826954,2.131204909,1.098037259,17.09598103,3.411504738
xerces-init,4.774240887,8.875323273,1.002499576,2.786141119,20.55453145,2.020116696,21.71046942,8.875323273,2.218147056,7.027622246,2.522706912,2.702238118,2.228868506,2.525005681,3.960055823,4.083348311,2.159711493,9.256540924,0,1.000533799,7.314995334,2.620367965,14.64340203,2.612897006,23.74548069,3.739938883,1.000355194,1.000355194,7.170758405,23.74548069,3.739938883,0,8.314767471,2.231086499,5.236189712,2.138914675,4.13339736,8.314767471,2.619375601,22.43581121,2.672637736,22.59892411,21.65651844,2.231086499,8.698564239,3.986321682,2.005688412,7.650392214,20.61927864,8.903697208,2.149916284,2.672637736,22.09476064,9.200638819,0,4.209533132,12.54874166,3.032899301,8.824924036,1.002499576,9.262876921,2.787088118,21.71046942,4.788293828,9.200638819,2.247729393,2.612897006,1.000533799,1.000188426,22.83453823,7.170758405,14.64340203,4.466805233,8.903697208,2.526233146,4.209533132,2.671467548,2.22706402,8.487193141,2.149602393,8.548680044,1.000188426,9.046478378,4.005530505,22.87457764,8.698564239,2.562096327,20.98275794,2.671467548,22.87457764,8.548680044,4.658419773,9.155415219,8.487193141,2.702238118,4.791541144,0,5.1523925,2.73478426,2.218147056
xerces-1.2,4.320841826,6.773996334,6.926559407,8.334183728,2.00150507,11.11471874,2.00150507,11.41291663,5.110388945,6.479641793,11.18903802,5.611138409,2.849804183,11.19659152,11.99464619,5.699415072,5.498312049,5.582544272,11.63421369,13.12719672,6.684785456,6.190312722,5.689637635,10.83391077,6.00782784,5.713485124,3.794048285,4.081657388,1.000201472,7.226117257,13.38248274,5.473197571,11.88175058,4.65110401,2.269318417,4.228746329,11.66017235,5.5933943,10.97415921,10.44516048,5.23055052,2.75681171,9.477213091,5.375300571,6.728453442,3.425104783,4.261952199,0,6.04490992,4.907357451,4.445999379,13.31874377,12.19469131,11.2334136,11.61237107,5.145868496,12.44365962,11.97018639,10.78653233,5.597284381,3.855853169,5.671343144,11.5816489,6.199443285,11.8062289,10.53677789,6.153920053,5.380948827,3.117329542,11.34728985,4.053063251,6.09149848,11.8013903,8.352468158,3.602508842,6.50181887,2.588387132,3.281405658,6.511929058,4.857250324,6.875963577,6.568309808,0,1.000201472,2.493411105,2.514564255,5.110388945,3.4271231,2.475052956,3.497528137,4.545905621,6.787209623,11.63923739,6.14270213,6.612663906,5.783914303,4.657096498,3.012665958,4.487264055,4.527756398
xerces-1.3,26.43910378,9.942579436,7.882617525,15.64709206,5.080718889,20.94150546,11.58010307,35.71705316,6.005660263,13.9731999,0,7.411038623,20.04506877,2.073186941,3.142076024,2.073186941,23.57823752,5.89112685,3.926842773,21.04712204,17.39133667,16.76388394,4.137303291,32.89296411,2.132898961,35.8434439,6.167245227,2.144007058,3.55494091,35.75818848,13.1648182,19.94396404,24.3931814,10.42602756,4.201777035,19.30962215,2.295624312,2.566305489,4.270080322,19.38815153,23.64450851,24.70058026,24.78753605,36.29796347,3.929727608,33.16606869,3.552195399,10.0395678,0,35.71705316,19.46296442,15.29699868,20.26146604,22.19443811,20.12466832,10.76510611,2.338175036,10.22770165,15.89806212,1.127193742,14.37111041,9.931422166,9.824628298,17.24881875,3.429875713,23.21232123,24.3931814,12.69112494,3.733471998,22.41851019,14.92033889,24.56193727,30.64758689,22.53007486,23.5892903,4.540814889,5.109732941,19.30962215,1.000211402,7.943404864,3.055629421,2.258119813,32.79826434,27.18106816,26.24077046,26.35759273,6.028754479,2.274483706,5.810976657,25.395967,2.295624312,6.781997007,14.53144872,23.70643928,20.72362549,1.001392719,22.52781591,8.240936446,7.883439481,13.80880612
xerces-1.4,48.88309016,7.021687808,31.51267104,6.002765877,0,1.001147601,18.80713421,48.56584039,4.165882135,3.263722399,23.42133406,2.427749411,9.009239814,15.286974,47.95929247,22.84223125,8.576710936,27.17255353,41.76601171,47.11638585,11.62826019,13.00780042,42.14365679,15.83377968,18.84929792,36.20074069,47.60706744,3.680709301,4.832488837,41.54676237,11.20127212,6.347082371,39.35599229,2.233229658,6.679120261,39.60003471,23.25994864,24.26699979,2.75739905,56.47200513,24.99385848,48.80763389,13.91850868,39.35235287,10.72285792,3.532611584,15.1489964,4.921415318,1.000001709,3.852166935,16.0841381,33.26807688,6.653274501,38.03205983,3.276153037,22.84223125,34.56915366,5.75825143,21.95141448,10.94494862,26.15143134,4.872645032,17.16655694,49.41803024,2.50866714,54.77678962,18.34654509,39.86662189,7.173407671,1.001147601,20.13459908,10.18381753,3.449933885,3.436934721,36.03391662,42.73198986,22.45153491,15.28251174,24.03377393,18.3142283,9.391379733,20.02487594,0,23.53371487,27.06745869,9.729709426,1.000001709,4.752142206,30.89420293,2.018208379,5.539674721,21.02611604,36.66354099,18.202313,4.467786574,42.57241367,17.50606128,4.736334535,14.9697244,54.84934716
