ant-1.3,32.08196974781844,37.3036812906706,24.557816201239753,0.2659494736752033,49.701686059559115,40.59549417570283,30.52306249640154,26.285437488754127,24.58340029369328,40.625969865278776,56.04788660176529,30.578942802043922,37.7199447310744,22.004460396315153,42.67301392434396,29.56683965861494,33.98349324267011,0.28766741230523263,59.03572555573774,53.751468857218846,49.701686059559115,50.77363626911623,52.926054548303874,31.889461269659407,50.58567744843458,42.67301392434396,52.926054548303874,42.69830989148089,22.525684923619572,48.96358005900659,42.67301392434396,41.56235217419085,32.08196974781844,48.09237505437817,35.971227113461,38.537927250076805,42.67301392434396,35.971227113461,22.470853111542972,37.143735138302084,54.242981429465246,36.05990624217858,0.2645391338689634,35.5679367201954,32.99099416433791,21.98991936899495,37.00025419315705,23.337672397650504,40.258508563943835,24.26079247368527,54.242981429465246,51.282164090685946,37.36908773313408,23.544651812317056,34.05403923293436,29.24380880306161,0.2659494736752033,22.269041476533637,22.832404737171228,24.58340029369328,33.13064083223495,31.889461269659407,20.067576763853033,28.565264102080604,29.67020109188672,0.2896124412307519,23.25786558530312,56.32073938839708,22.795825254439524,40.258508563943835,29.832784304119254,52.926054548303874,45.03360311429231,19.852069040151118,0.2949209378848756,20.071926957718603,47.72319519969878,24.34135565953895,29.89125992124184,40.99457280039798,41.65740539346211,37.13797608144971,35.158116976459944,0.2645391338689634,21.90253122231801,41.802787736004824,23.871450414685185,50.58567744843458,19.87746975167745,35.31846956451821,21.945180267596854,52.73105974394402,30.031953459000636,21.77208761950581,0.30936815639767457,39.57972604204608,54.242981429465246,39.29646144170341,28.91238667113539
ant-1.4,34.13923824281953,0.26407546899601925,37.14255615770769,38.18968490715929,29.55094696679889,30.662862178487792,34.57832430719626,38.205477835786276,0.2969394146052438,38.53278004277056,1.4092317937997025,35.357333877757576,35.63839386204453,38.53278004277056,41.51530895578639,35.63559923230447,36.95699059344609,38.17421798519452,29.470830647643346,39.45709306662374,29.883069251096433,35.357333877757576,32.810837806847154,35.40509033510832,32.45185840231783,27.25577825675646,30.503616577361523,0.2874264844914,38.19090393518858,26.969513899559356,30.457688079814975,32.999677662368065,32.180290787019835,39.371069023545566,32.87723472538533,1.524778522925598,32.46871549626355,0.2874264844914,29.950578438458894,37.53418922141193,0.31141774660701227,36.59604184759884,30.94641550369987,35.61580405715875,0.2874264844914,32.999677662368065,32.419435714973744,31.393539083273364,32.443448078873196,0.31141774660701227,0.26407546899601925,33.011626915694904,35.53055606329572,32.81616231289189,0.2683976246650527,29.88590790271296,38.02629441495368,1.524778522925598,38.53278004277056
ant-1.5,110.54698360451431,124.6150810444892,107.79820199714207,53.36120207052643,114.61418762866903,108.92980051597159,106.92150797320693,58.09914205303468,86.39048249295817,98.20061663039948,165.8523096134996,4.114787409734193,86.59416096691028,20.716478893616554,55.93715903481852,127.65410369690521,0.1416271003631452,107.05937223114248,99.52774866103957,104.46077794394434,114.49864248641593,107.33413519983733,84.73630029157425,118.44382225802183,100.97061740487761,107.56221304244806,95.66566889642202,83.15934941570536,115.67603171088867,0.8030768250002374,4.42373847975119,67.14754428641213,0.30712809568903415,133.0135254242989,109.63856939028835,75.73570745271464,124.50153562593283,56.378090815148504,0.30712809568903415,178.7734683028414,120.17337478939157,104.2061985117379,115.59594023508474,96.8821244446405,19.807461762956823,111.21854492444807,97.43308060249527,120.55873486248835,0.1195617251551304,3.5215642836554886,48.645664965980785,105.0020798237247,68.85601448355995,48.645664965980785,56.68345554710696,103.08291445403476,96.45294192442998,121.94248199325897,0.6652264070026522,54.29481106695509,50.16148904599164,60.599776460805195,55.88275420524539,135.40168634935267,50.45621134813577,22.1467832020121,104.95907489979412,0.1211710455370317,170.01053029662054,0.7041340910392874,97.36284327121902,19.475446780730074,52.54802510146145,0.1211710455370317,22.383781971834274,89.90098539755479,88.98766675749805,105.14172696368304,169.69273181110867,109.4223536723329,4.42061134578476,121.94248199325897,117.33576523695814,88.4777396861131,126.2542623305062,163.7959666331458,100.21812531125364,133.95769712256745,83.0984509007579,107.37462661529133,90.86631573976335,114.8764686055976,120.00346566486193,86.73223750387707,95.99476212283324,88.30883979375567,50.16148904599164,0.6652264070026522,61.665668237958386,3.5930672845274367
ant-1.6,65.87767479930012,83.6012246990819,80.9988694648195,65.02833448550315,85.14492150319097,0.5420227650136844,78.86593627591196,86.77309351884091,61.27525353316506,66.32971406093368,66.9503132216821,86.62236786338914,96.11969607833841,0.5542125964638879,57.06209485694896,56.284722155115276,0.5352753511470628,8.889209354366779,104.78308831595275,83.12757127694248,57.360786775075375,60.047987830893845,3.0270765047167343,8.889209354366779,57.920417330791025,64.5354517268184,57.73791723896611,0.7600626229433782,0.5431645605722237,104.80040475484097,86.1683788372349,57.37835238711795,65.0765777433575,1.0129507791605667,70.40057900266599,85.14492150319097,59.11334065740579,63.00563455313385,80.9988694648195,65.74010713984163,65.31654079875504,64.32495294342728,64.28465898571594,0.5123674453543394,62.67562308540916,58.13835604762139,0.5610490000987242,83.6012246990819,59.25310520412342,81.54118359799209,0.5398925246030347,58.95682729994445,63.72458909524029,104.38686626441472,0.7643907383056233,82.27408481489691,97.14692795188924,78.5291579012199,0.5483258634146818,0.5626357340919705,0.5879462884238518,71.6026632712956,0.5276349846230148,0.5322420567400915,73.42464325633489,71.13563252895794,62.01930695260214,59.60156921231112,64.74044265239544,78.86593627591196,58.59543792935281,61.04144878563112,92.05015497331799,74.10584125158427,0.5352753511470628,0.5398925246030347,59.91311721134191,61.76731104004831,87.85129554673927,0.5542125964638879,0.5279332777589192,0.5123674453543394,60.70553495879103,0.5548478649316804,4.2946528567020215,63.28959835355936,70.40057900266599,86.43169783257935,62.641636535131745,63.329808422300964,60.728352591839204,74.10584125158427,78.5291579012199,66.36555967289804,87.89538389243683,73.38894757973311,0.5544900850162056,0.5431645605722237,66.06292189903259,0.5936503038227419
ant-1.7,329.7385830599976,156.57078479151008,312.47259620021765,97.27738022706518,240.14831769007057,181.59618644343823,249.31354250288638,180.88164802978022,294.47836834292224,194.06071113201094,298.02365993841346,118.90836661226425,252.40491694792073,161.77854827307493,294.7419420650012,284.06230233971166,103.28281569022464,326.5237626196735,0.4536912752065459,323.4331940117146,1.8736720890770266,107.12928928226256,95.90372543189086,329.7823099793771,189.94920048156743,177.53991330195635,113.04147472816632,96.19250784363774,340.38736690174096,290.23045232885084,1.8168076354754306,187.4134104073144,247.5445975780738,285.42949400665515,244.39866399829367,0.455111913940076,251.97139554000648,4.004155961304469,235.82719079351565,120.56157677587342,284.08236163056836,3.4462767874272675,246.3900640304681,130.0519288558828,129.29810922332737,0.45369127615118415,0.5085126648498013,123.07776885637506,178.35865299798354,236.4683608540425,128.17313518411723,161.46733431391567,319.3872461920653,114.1207702485388,3.396589759838432,245.26583400019797,250.56287401649112,292.4020519673342,318.54847156092416,306.0779654592509,107.21333754628222,0.45369127615118415,285.3911225719488,250.904579763414,172.0365167576729,364.87221150522356,234.97113789021293,321.3762534992071,3.961984782216456,122.398096499591,322.94678631122656,0.4536912752065459,124.85943637904313,312.69463889471666,235.10257360866288,171.77513598468022,193.66805817086578,240.0833544037883,364.87221150522356,290.80881546488496,192.68538139126295,169.43093185089324,246.37557459728728,173.99700474776145,194.9297463698276,166.59648673010437,174.71461388963868,119.74548137383528,340.1761885189576,166.59648673010437,275.55916256272883,248.3196746044431,128.80869815927227,0.455111913940076,291.5887295738602,168.06673440600832,98.03245979671452,189.2088062820069,274.9714894977938,124.42767799148112
camel-1.0,65.02051228594807,56.35750563672854,124.4485748914254,6.020618474466425,59.78377581336478,42.296066588322006,0.3074971602417318,82.699328125899,88.30595227574956,49.75742668891651,45.315245076039574,88.30595227574956,50.94994632013449,79.42419536641928,71.66265455320999,53.10541891170751,73.69847204016388,56.39347675133922,117.22005592582747,82.69732108655535,43.35692375147718,56.46799245942765,127.66160794135958,75.28749603640422,117.3565563435433,57.60706707845973,80.68621526933151,117.3565563435433,124.42530366649959,107.85240977277174,64.92748104608408,52.25762568028298,49.03502411583165,66.33976220612475,117.22005592582747,62.81552523742239,44.20532679977725,42.16143442863191,59.268668574231306,80.62155998788039,104.88795717830695,6.020618474466425,59.545535010725345,58.86768658827761,3.8779437057997423,117.04006370577837,51.9425319679306,80.75742161093835,57.496844463959164,0.04144932372150667,67.77597137322644,63.60128828498262,61.69586674462031,105.47130680837182,84.46749910950952,74.90374249827309,60.88154913984042,0.04133964601801857,61.509209725627144,56.97918336646199,77.25039585961532,60.41197238129025,70.15648137238622,71.14722396483502,55.28394379338228,42.8075284930581,56.14323708993184,140.41558481169267,71.46757882757728,7.052750901341532,43.97115682707861,0.04133964601801857,61.16399176157797,4.142591562678777,63.30957761640856,76.3968907243414,60.26000905471707,0.04132989035770097,64.64685151802276,84.87222753466112,77.49092221558809,71.87793269061504,100.71046612751675,5.626463906343978,58.04329530775525,55.31602476513829,44.45946366301037,61.62475312651066,73.7815623248697,58.97774596465152,126.26140515440282,85.7378354082528,0.05648457143049278,57.93501889668355,45.735681719150215,76.04118225001973,87.659908197649,43.70663020771867,0.049036104534846955,42.19958711280346
camel-1.2,9.963126131586767,14.081974649080228,13.53203363633932,14.275564155069102,11.653428059889576,15.63895625640887,5.7521982039806,0.8586533029980058,20.170696419732423,16.024724504895566,17.67028243908628,13.726343725202385,19.443082984950944,16.66631709278447,0.874395536512284,18.83456861283663,9.972811925554488,4.500008641689582,12.569481857194964,16.371840872422716,7.889637974391104,17.642518225046963,15.312933740020885,10.921362266847664,12.526267528922503,12.510489369462256,10.24441592180854,16.49402931072053,14.905509506791697,12.839658285138785,13.358772371888106,12.943316583002789,11.007999306853334,18.442176914361,4.497152025287373,14.804734246786746,12.88802171238187,12.555451457574897,14.939263779532263,5.115139415697176,10.831523512252343,13.208949103438819,15.459619007385598,24.410992550707448,35.77737095818573,18.721813968902893,11.086318710538563,17.396045513272828,18.343756573064244,16.12230687419924,10.942923313191713,19.897847844623083,11.657523225414018,5.554261842917887,0.8586533029980058,14.136120830023204,13.709853064324,14.135805776230177,15.15973353012867,34.7448489616713,4.660575377092979,13.60298019956892,4.294514370043729,9.337964464891288,32.40500461498121,5.554261842917887,18.98710383067369,15.108576101764863,12.92255693863943,4.932837387637715,4.151679920616644,18.994576286802452,12.673513254693143,26.39908984890842,10.094445848841158,11.086318710538563,24.410992550707448,12.196003076627646,14.080353466745052,12.141966610875343,18.323293538429617,35.89548502074901,26.39908984890842,32.35442011265762,17.829736880090707,16.187284733743144,0.874395536512284,13.078467577805542,0.8586332270268986,11.770505008039537,20.341035510943193,12.412715669989375,11.811214232906337,7.9701071244401565,13.693461027879524,10.259667224215736,13.931761047306171,10.762424305981673,11.13222217745779,19.912273062304223
camel-1.4,61.67360285167012,50.38363668152017,77.6035388950736,68.77220760759499,91.89848552503676,167.64854155106536,29.22300923743607,43.30341185997061,219.80739285789122,61.06016985423461,52.6347444122193,38.075590018860005,35.02262770631675,55.99209265819464,41.51043171174195,87.96064029270381,46.77636804127476,50.051585863523016,71.09975436896387,59.67631285375634,181.3224971858842,3.8034913672618065,0.3844387496099031,0.3889844080495743,62.31322355963097,92.9410764974875,47.14251379775677,0.3844387496099031,52.01183541779903,36.54057016893643,51.87347974038953,67.48303061496227,63.836078580193636,34.78850148640179,65.75201921346068,57.52056047889294,167.64854155106536,81.31306822640396,33.05899570875082,33.40576467338247,75.13059610318764,90.62275656709382,81.31306822640396,67.5871720079373,71.28975261915954,34.30632103552363,64.68535926340896,46.23022481195987,50.41385500239138,65.34824583773182,48.036955634466274,79.92197180474535,44.39173805623375,59.30005087956115,42.571293916022825,48.56594611995389,30.367229757584102,53.04548568530795,0.3906334399474193,41.8684014384835,29.333662789780075,31.60581455687919,219.80739285789122,63.32375690786822,70.19686570882045,189.85815311389638,56.55046052000444,0.3889844080495743,50.97614111930636,69.25020220723314,30.863706121580826,84.9456242509505,73.30246554272462,74.9192665984457,88.8203393465346,58.59392429628795,54.673809127976185,90.69682923382827,55.22640542031221,72.70997994260708,87.73179977337433,0.3906334399474193,70.48820140137902,3.2317135115922078,60.833804155093006,45.86174019264269,4.190615528037644,68.46326541365734,38.63825466087459,49.732442835884484,32.49470896237964,82.16405750773656,84.57589304339739,6.640702780732406,4.427190734968031,66.89530014151165,47.662092569761036,166.24539039015005,58.28551173471352,79.88529789202511
camel-1.6,72.01224508535041,92.18120346939992,39.54384562004201,40.209758653634296,81.21489186010848,60.075425174752425,81.29890997045185,66.7309530241684,73.95464440959894,67.89257197000416,64.93333916629169,63.47653038864972,39.177199909315895,43.42969383047122,13.647701971635973,67.98989352300589,56.095264321506356,67.13116822415483,38.102984441355126,25.554049775834933,70.9389177589549,57.297313889405515,56.11502572384248,42.30791388602389,62.37943927840139,54.1634447109464,42.61556326328884,59.30562610265487,15.002072405484459,25.554049775834933,75.42563991439883,56.24824441687456,36.547621627499566,27.560181983845347,23.696160835682843,48.023639907975394,34.43085941325325,31.209616152428545,35.444924880367026,38.56996569764882,70.45863377952753,72.41856778767162,72.77944848875019,16.710037616478793,60.46281839332019,31.99816260945763,66.5817856908578,60.50142839526716,89.82450379630512,15.854120496453366,67.98993926659944,64.9208732297985,39.65617876394089,31.966833808405752,0.5209365714335835,79.91194651602899,30.86774000034612,27.277713742568952,67.40507631767629,64.60051351948681,24.77911271225991,17.767135740811476,21.541109292325054,58.72749244115232,37.65892205511997,75.2164027039833,74.43428288216477,43.15554009941431,37.65892205511997,55.673290707861945,75.08476849082408,67.13116822415483,59.13739795018266,24.77911271225991,0.5209365714335835,60.3412751201347,22.179393258423108,41.502980477117895,38.2940029529882,71.87542759846346,21.541109292325054,66.43456196462058,37.83621980785037,38.2312131931705,13.577627233080195,57.10763472357352,73.98316574110902,35.24614690602679,42.30791388602389,77.06734658638484,71.87542759846346,70.91162978928158,38.586922655925505,72.37459491923019,15.769769077550809,38.44353668000788,54.1634447109464,46.58863460914138,80.29293903447964,36.96350530846293
ivy-1.1,18.139608252606273,29.01774066376539,26.951638047399026,20.69222932879696,96.00592271071176,75.44072023465506,24.646264107176766,97.60562090505218,32.16159752939196,69.71441570045587,66.3080912957329,120.10268792117857,25.21502100640744,31.460917114373085,81.40093657756897,74.47485840200734,114.0687724561565,1.3712803653688288,28.382477660227188,57.32355867216431,70.23530495519492,20.69222932879696,81.0247789188992,98.39995885708451,70.94880737487362,97.46371242691195,1.3343504657712688,18.360721790642632,99.53578056332022,63.73317275338475,20.09387199509365,90.32903519426763,92.57189374881355,19.97672732484173,92.61717129318336,93.52807474244415,68.28411688638188,73.66144403294972,110.9360874829308,93.10448045805894,68.72137919919395,92.48484327733583,64.17803357873792,97.64340015995334,76.06340696350182,61.18303309455733,21.619083865693366,19.58209002230663,70.83343070390974,92.27022097680035,31.92293712704807,132.59346037260764,102.882975717417,110.32968443593334,73.68569013090263,92.5549005321178,1.3712803653688288,91.75291395603664,133.16795891837316,61.28134533678233,18.4010204614312,97.42607362502184,123.10495744082348,69.45015815944778,102.93095411424129,106.81404409805818,99.29608582240895,114.04083965307413,1.915663346091438,67.60501528780983,21.619083865693366,69.68796870310894,120.05238725676965,90.32903519426763,72.39885708083119,29.758304974314868,31.69751026733698,132.59346037260764,73.01075025467942,29.758304974314868,18.139608252606273,78.12022580153729,41.12398238628388,77.46943039723034,68.53454772580218,106.11503568321744,30.851143764361886,114.04083965307413,15.116206254026382,91.66587125366782,98.38135941547264,66.80455260940936,27.403917698412638,117.83492877534349,1.3606010262845034,17.827726117877386,102.882975717417,98.48171091578364,25.640261825596586,120.02263351682608
ivy-1.4,37.43641732763257,30.027291258390697,65.59029983894564,78.24127703110746,0.0747211722822829,75.11443613381692,0.11735394198665222,26.378578481643753,51.44730776305959,0.08711280457447501,31.604390359226905,30.35052847440416,37.81503361223239,60.34254399088326,27.630541350737886,42.25693228447673,51.22539064375636,35.33193045548569,62.30467469265511,61.45505858459411,42.78095580919561,25.738531669217405,70.53255002158495,48.9310909012035,48.51608199416243,72.11770969170458,54.058494363351315,25.87434305895161,46.51185070151013,29.736081861591884,31.585838845638538,35.157111614163504,0.8042487377609459,40.14721789813934,36.47829897113447,38.24091643887591,115.30006427648443,35.991747997383555,49.141106603407366,57.61136295586789,41.75023530834307,75.11443613381692,36.3143269234251,46.80061300216215,115.02829762873108,54.45766548349125,33.80257816043322,60.278533453384135,62.30467469265511,47.62770503642791,35.961805146422215,34.88870020802617,28.12273085957712,0.08711280457447501,0.11735394198665222,58.068754877080046,31.921298605981036,40.68680231613696,26.440241468837062,32.481700041866105,0.0748827341798329,39.0631257361298,38.347026807333165,31.32257020815563,60.26289061979768,0.07616664679645427,26.65511150697391,52.9095564103061,30.55862316819838,49.141106603407366,33.43432782475707,43.315460344498604,49.026091910155195,0.8042487377609459,28.126332474624252,34.282936939334114,37.54759171849655,42.38088047824681,51.997680340574504,29.536285386037928,38.76564867215588,36.57767021352554,0.07942853280194759,28.787058188402575,49.777949766830226,41.23535348985413,47.12455725656824,573.8537644409704,34.31133697100349,55.60441728054771,32.51234151349203,0.0748827341798329,26.385950401855343,30.11926041831165,583.2548331630059,32.385008858222726,50.931024178970176,115.17679404173658,37.763264347927816,119.19693684170345
ivy-2.0,125.31663792338067,499.9927135541482,484.8625903514169,473.21721548788537,761.8178448331569,718.4314219197821,593.2093918782255,526.8252891996798,150.07808620372495,771.7927649194265,598.6236663688046,138.95658802554576,59.645563030393525,776.684854800229,119.55680138603367,34.209244814272786,58.29106671087993,552.4820327639866,559.7713988887156,538.718462165542,38.74696854427253,143.99074803476503,580.9608546664863,538.3910402876832,162.42948282408491,488.8723560604531,94.65684339511941,542.4680267276888,35.091925426688206,517.5684205775577,36.42083193162145,489.0044174741063,461.6182120612685,497.981909114476,559.6735266351226,38.22239401953025,168.0230130425888,507.90491765951464,468.21768965212107,493.2994845605017,515.8242793726207,527.0989442937881,591.5865235128732,121.94527911435468,771.9894423205943,520.0887054427575,770.7466138904521,461.73140382364187,530.4658355568021,114.46732098033448,125.13867339304362,459.5493541946811,131.48732551672722,494.7220794012201,584.8337442727372,557.4579407650662,148.02851732453098,460.04806135646885,554.1962459655009,718.4314219197821,498.0317112299639,506.4735436810675,555.1526025124718,34.27315219295784,0.20445170299439297,529.3436592095821,92.69729200997267,499.2817887530939,567.9483093631142,566.3987514966684,493.49601235136106,34.21469340829972,154.4799458418811,562.9474084307027,480.790523012811,481.5846405566508,31.546016165805614,38.57167067196541,101.0236835596892,30.15608229478463,557.9943038312354,534.2175207426616,178.9163977948556,59.818349503721386,522.5340362116395,141.059463365547,533.377515876055,562.695002519636,477.5043495203456,514.2753018993776,514.7163679252133,465.52365755792266,152.2555005459759,682.0505842907468,114.54407376471751,160.3379393137105,33.56579976172155,35.480553092404385,546.4485465959111,684.8064336971266
jedit-3.2,1.4161518526152241,116.07126825180701,148.61731301136993,101.02138864557536,127.12201771366156,16.64557025435777,7.4204101129756195,214.14992345390468,154.12183896502748,142.68785976675744,99.25748499422748,85.72235614608192,133.66799562554047,139.92649287844145,156.46638894323394,7.550374297632096,118.32689683008991,167.8729857681242,106.52645381400964,149.06446572446987,109.9076312132139,2.2686027350401874,94.7463077683453,1.4382052460978194,171.212763936677,101.45098339233402,93.12322277448668,173.7669890425474,122.55365298336697,160.3098025328417,128.3759530097561,84.51591920367788,133.82319509893495,75.47349506164565,137.13505564681927,100.10222453664461,74.5782519669178,134.2152037550803,74.03366457405393,160.3098025328417,1.3657973734137583,82.96523223109826,1.3918510995200357,119.89354409968696,102.92554261165635,116.80958912029581,7.662004871669209,103.49444828556236,125.20113616193417,89.76603514347201,144.47167613368478,94.91032841179364,94.31663183125706,78.3728302196286,9.304642681939587,121.74283608878768,113.90431534433071,157.99590387237924,76.55896353829525,105.21106421574147,95.92331695280134,139.62221309792534,107.56317239697772,119.26004728162799,77.04179680049104,80.04805688221592,130.10255487411462,7.91456922088571,115.24100883639267,165.81411496097078,173.7669890425474,99.53552289386029,1.409541871495397,9.843431753690695,124.67711723859242,1.4217084163562377,127.15734528039208,1.3918510995200357,114.39319837293318,90.80569614298268,134.95613294763083,92.08823207533459,3.8391445842142864,226.6960120315299,86.59001453484252,169.8295440544388,1.4217084163562377,16.64557025435777,1.7448715677464635,1.4161518526152241,155.06542492926627,8.501319112110485,168.61773054971044,142.42933337373347,6.532139687518485,112.94237980968298,157.5248798406676,80.75420016841991,81.55873096698255,83.95769828130027
jedit-4.0,0.97755780321727,72.40667013485584,71.54240888560655,92.70672075888123,65.78417565662251,52.7850131252279,76.94195324281125,72.40667013485584,0.7254901960784307,65.11684880246425,65.86898314905858,61.99030393270933,86.66830964470682,0.7254901960784307,71.94999745535841,1.0474322011270198,92.61442373206822,69.73975123710058,50.24558233802119,61.32989923529479,74.83538056689315,56.708920372277596,3.711106967198774,71.94999745535841,69.34058934568333,5.604546429102978,55.923889103629406,0.9762480514508539,50.86292568138299,78.06805696884044,69.43719161084918,64.3673031085185,75.50220447872807,51.242526137013655,90.88968958755387,62.904564288646675,86.66830964470682,90.05049319351292,52.85094324838503,0.7430893730451305,90.31253931933966,68.2184123833377,60.67722022307129,73.33650299932276,0.927071188325339,47.30203529089781,53.51122211408945,52.910101121746735,52.910101121746735,54.992766640875594,65.11684880246425,63.81126215555194,76.23081751888078,1.0474322011270198,65.27830786437411,69.79212984740272,63.21130819599924,89.63373113874003,0.9840190229324394,0.927071188325339,85.83254313398793,82.29476648816554,78.06805696884044,61.16849128948277,76.49943574102048,0.9187922442797138,69.25472190131333,68.71193687282053,62.490392955946284,69.60290298344181,72.84084475190834,71.68844774500245,95.48490004370525,64.89030414482431,78.06805696884044,90.05049319351292,55.42466202009929,1.018449145819807,61.545836724685635,0.7254901960784307,95.48490004370525,69.33620281081683,92.70672075888123,1.018518286854623,0.9155090490438834,56.347698918457596,95.48490004370525,50.672195194635655,67.81920582178188,0.7254901960784307,0.9701691061475093,60.16635589976968,1.082782331780175,56.43285196207057,1.0187591981933666,44.396936692339665
jedit-4.1,44.19379940433218,44.64935563714466,42.59598387816966,0.6897341223107121,51.14519689676129,38.99820244050017,40.38452027495968,39.59912853892484,50.29271786450144,52.98865590209094,48.166811733632436,45.47243797700394,49.97598313041987,0.6897341223107121,52.286691168749684,38.22976176285048,52.1757332450207,47.46410226529681,44.37885345280363,82.60286125912425,42.67593646336294,55.885768953804764,47.733031845807425,43.60321995588218,58.56593975424517,59.10536163848364,50.50114765583327,42.009301199714024,84.79897748312881,47.13760290702713,52.56628986740632,57.62280219297168,44.735942414125745,42.213029262981024,59.889899258856474,43.929785855649165,43.31390991461329,52.52388865333815,48.03126847367654,59.06720029053262,51.4359114656642,44.19379940433218,35.80804499398087,51.8630151348159,49.87528064369243,40.89414769570805,45.23282845402353,0.6496211492786315,43.50084604495379,84.76750797774123,46.91642852435309,36.292328608895424,35.9703650155295,38.83782403857054,54.73451543483879,52.561240389314605,57.61387566229156,42.08943867036338,44.804679334192784,44.406466776181894,45.498942519088544,42.17550084106412,1.0378880425773276,43.76868834873164,47.61586187748896,59.54016409425858,83.12796202805586,40.86131044633609,84.53599307388687,48.67997027834026,50.28361281384497,51.25754716118083,49.52377585736997,39.00105398384057,51.60051681078691,54.816568054206876,39.211010701581024,47.971632037271604,43.93975946933625,58.25874860333217,42.28671404476116,43.25935609681095,38.48120653545512,43.9374554374822,51.77184169725091,44.45590302121407,43.93408032495269,51.476984327242675,51.729681526678675,43.52369595648085,49.161157747797056,38.80766938055576,48.38301038579755,50.920935304222276,55.885768953804764,40.724775630964025,54.75694968894322,43.7658975006184,38.88608187138152,1.0378880425773276
jedit-4.2,95.59229593551312,92.98361581110211,0.2949514111595296,95.10428571374732,79.32841825335979,31.566469607216582,30.52939239618878,26.862521339966918,86.36023468476093,70.54431116365119,86.68744229042838,30.536757267221464,100.04813285881377,79.44627925291712,28.269462066955835,100.17387576448654,78.77566427428654,30.8497956135973,88.34944423289627,81.53137233467905,6.967682832117864,88.85992356739484,0.2949514111595296,88.2485637826435,94.32321410991541,79.17000112432191,4.922952739427619,0.2988323184209931,0.2949514111595296,86.46111513501374,78.77566427428654,88.34944423289627,30.55704022983427,30.501066129104824,70.12857174796198,94.0279564490027,103.78861596277409,111.38105382110912,81.33557812715486,30.62320102253233,4.275733538047571,81.90127747937146,30.62320102253233,30.668117501188195,81.53755935928879,22.28808655937425,57.88252569673179,31.520816368838574,80.20914999063044,81.72130622133515,5.1060461144215035,86.18223348862487,82.2941859403012,26.29969317303522,0.2949514111595296,30.501066129104824,74.02904893616278,77.02579242909258,79.44627925291712,0.28928561394698415,4.042936500532344,90.39712989455545,79.44627925291712,3.2473937162475175,76.19659767754574,78.49869135842225,2.345726911845248,79.17000112432191,31.566469607216582,74.44379375070834,110.74560118467204,79.17000112432191,0.2988323184209931,75.13155998650772,0.31393961699421974,30.501066129104824,0.2949514111595296,78.83085847507104,30.501066129104824,105.01461147853972,6.975381821296855,88.34944423289627,77.09913012875903,4.269391992941078,4.945285253755599,75.33556904745659,79.17000112432191,95.12336414653208
jedit-4.3,0.02439160951063083,15.874221894753386,0.29307157168662923,13.204899706691888,0.04305371941369976,28.78553944212459,0.024598530250245176,0.042315279046204204,0.04305371941369976,0.04389681200960291,28.71186924542697,27.91714493743154,0.04365571026215075,0.2525043301605961,0.4009838758824922,0.04265360275196002,0.028114380474180887,31.042659884487875,0.028114380474180887,0.04305371941369976,0.29151922471730696,0.2857987343315325,0.041854215665699496,70.67905343615816,0.04305371941369976,0.024391285512087774,11.401602338167558,0.024390245120058617,0.2857987343315325,0.4315740307806366,13.487788701330823,0.29307157168662923,67.04410944412928,0.02439160951063083,12.578055243033809,0.28502241533253264,67.04410944412928,37.988742914753104,0.024390245120058617,0.024390245120058617,0.2857987343315325,0.2857987343315325,0.30830712740567723,19.5732882847566,11.388478372841428,62.84414210210072,0.041854215665699496,14.495925122655892,0.041854215665699496,0.49962593678183304,0.29038748039893336,0.2401005099220186,12.959176595984177,38.21218022262585,0.025266470347546362,31.042659884487875,0.024390245120058617,0.04326881544478635,0.29038748039893336,28.71186924542697,12.961157155139693
log4j-1.0,135.96487933682408,106.09521020763405,64.28335678700927,77.33908922133668,15.851689588741216,82.16519849790225,4.097237642693409,95.14328082356364,4.979940748612857,172.81211340046275,79.1637123940826,17.15494307147323,4.979940748612857,8.455849622113892,15.775916618872593,22.70451233723628,7.599769905971354,36.28602948616154,68.07526830906582,8.376362923249298,174.14574787756774,31.624659114310013,7.346079818866846,10.374557007617527,81.6496586667895,0.5053480711660465,123.50963984079623,12.948023454782902,17.890025508266966,63.119584468534974,0.5361603124536509,15.612608254174312,91.17592142075489,126.0399820847335,2.6114005472535164,7.590017256967746,13.098068902869272,0.48645159366416163,8.757379846646188,145.21130260045726,13.90326974911669,19.340851023647737,0.5424013981367946,23.227199724546303,10.186580450240875,7.007163811204404,10.808993392403702,3.956719170014653,122.89087955951607,26.071024655252767,89.0561474433518,84.64502412219643,83.99844066105122,142.33030079534794,0.6129224429724669,94.20405165942881,89.67575610174323,84.08807822832318,0.5559599110334774,31.703032158453823,6.715583109374679,15.543318888630845,0.4712354127670387,149.28144366953853,7.964260930336032,67.96829433198928,67.5890818291279,13.559705548947317,76.35112504441906,122.5694877526559,72.2946364355147,119.16216655080191,79.08771947255018,77.70875796500658,107.82219835591106,124.28545425807795,84.99837460889026,19.983185241221303,109.35183075608575,69.01884003561656,8.926422160058399,0.5559599110334774,0.48645159366416163,31.04265217771714,12.104846880725033,0.6432529946436502,24.40229758736012,19.75043517284837,0.6845086032943942,71.23930576491836,7.05672685343128,109.70488290790513,30.521294241883314,82.74978313310177,0.5638391837581159,74.22389702052229,24.479368762365915,0.6860563068477499,146.89218249292725
log4j-1.1,0.732555944918807,2.9663428404907566,97.29187210432794,29.42607698653902,77.82903438646184,228.80829813619846,66.31769059741545,80.81588096823945,59.37985557658527,60.53186320448868,1.46335433022292,55.956064418058894,93.99618542228897,98.68799043521061,99.37677399479136,3.400704026959114,64.90535981508177,87.72452129300235,96.92006594880775,88.37423927278113,83.07111109976026,86.35078732349747,4.107279784391436,0.7096777282004829,80.32606899400686,109.8788747649304,53.79714065926845,90.16218536347843,81.17965036865803,59.57950212078089,34.44483741499023,90.16218536347843,5.6998786269561785,255.99848699494586,71.97029490660249,81.28670087686554,89.43141126752838,98.71976418319404,35.51293478169176,97.07254897906769,0.6961610334971248,0.7178970282909503,4.094111118485754,92.84825844925928,88.89037559898264,67.70238379108446,0.9071133897607331,81.86515926608945,241.5073122570481,65.76025705058211,29.095778726129005,26.276577809697294,3.055162644815441,5.032228697544397,0.7283617045980629,77.37157325519784,0.8093511285516658,0.7096777282004829,73.46017936190087,0.7098548582284606,78.01551903748054,0.6966397875594936,83.74637896374553,108.23156853227363,0.8499992690678715,73.48900415777268,1.194082140557075,1.832859564110386,2.9663428404907566,0.7590321307514166,240.90898742761615,118.12634890417672,84.266177889679,63.48541238488144,67.99735756464487,2.8561743535456836,60.82410773686202,80.81588096823945,34.44483741499023,60.129692165500956,123.98125241650794,0.6963686374260394,241.89497240200336,63.430873691298366,3.1376720223920764,205.60897413773796,34.95569354717862,33.29661178329056,0.6963686374260394,3.1263833966057675,104.20821623750915,77.82903438646184,86.627828902539,60.08805193186114,95.450375572408,0.7096777282004829,110.19189969029715,98.1419885264177,4.958216833798091,5.154295963393091
log4j-1.2,0.9591013315708763,18.288268619526853,9.626567857281392,1.5351862787866328,10.79077402314385,6.041243459927624,15.796470255144197,0.9751192775436031,26.7067419831489,0.9591013315708763,26.660851862276136,7.235789439022656,21.03512545097,16.548124793592518,17.023740502376523,19.03452142462966,16.608206256820594,29.143300905157403,7.907439393428948,21.336375428134396,1.0078839203698164,15.992787917394928,1.3673567643978581,17.094955220512922,10.059616489726576,0.9616072479673722,1.1323069823430638,1.5268323733497444,1.1024678517935667,1.0386006674573423,0.9751192775436031,0.9616072479673722,16.191295829672626,1.158178096257006,6.33565161802211,16.581517404792855,10.391999101564634,0.9616072479673722,17.022503872930372,7.235789439022656,21.336375428134396,8.819529958621773,17.821510169937216,18.348560670412905,19.25709962838198,17.99402806437402,11.039598748344064,8.837598615991311,26.7067419831489,18.348560670412905,9.961770144624234,6.064762271250084,7.274237080956554,10.870466395599234,7.792255496696115,9.065752473765993,1.5268323733497444,2.3689012666071996,9.490222666966638,1.3673567643978581,0.9844461741862838,1.5139779772879436,16.60806231281267,1.137758304906753,10.878221708019463,9.50548855206195,19.2960498318569,29.778143972638436,7.235789439022656,2.294130337812766,8.76235417819103,2.3343476999405,26.7067419831489,0.9917338988140503,0.9718298666000839,9.490438933107237,0.9586759512502775,6.50569119207363,1.6802465601876408,18.88656612069995,20.386859527656107,18.348560670412905,19.425857259541775,15.942427104592172,19.865928056839635,18.95279383122115,15.93829862203171,1.027120480019634,1.158178096257006,32.90837774698699,1.0586551295433513,26.7067419831489,17.95992920972228,1.5418611520851822,10.408431128044304,21.522043090050474
lucene-2.0,12.071496294637283,104.30899613205133,13.866476139677772,1.2338088379736958,74.62763846268373,64.97079355526729,48.07059822237235,81.68353452489946,54.67031412673239,52.63612712855816,13.857699231458637,108.26109931621951,1.3655197553831877,50.05356287151363,51.868737627946196,11.984817566460611,49.49109453950457,74.89018243825102,46.497732229116885,13.368939164722814,51.87483716332475,49.10767091924071,65.20811321736899,51.36991954013546,54.27677386618171,49.6826705073754,13.288055967846967,4.3938282742803425,48.07059822237235,71.60470199735931,1.5051386770779418,108.18706048570644,74.23166024231732,51.36991954013546,47.501500172023114,13.295329265240452,54.9212966700749,51.86276473210744,13.436737679870468,1.2327620984676628,57.45442843212275,52.63612712855816,74.89018243825102,61.07881757485535,1.5423680091524223,1.2327620984676628,49.133166465576096,51.78572445780865,52.7895877093734,47.52015988957256,76.71781581101875,50.05356287151363,45.37637560984813,48.10355700493146,49.565784877977045,81.25517391616602,71.29566530473359,69.62762505484461,71.45599682150633,12.021842324989573,60.87145181106044,12.528815737398922,69.80149286541551,1.2163686182988291,12.22504485937421,12.986314883916114,60.87145181106044,42.49459327509447,12.805894232306184,12.986314883916114,1.6310912617072142,14.68268872905512,46.152240712633066,60.96300531093419,51.86276473210744,48.72933362540414,13.49849631636728,49.6826705073754,14.28005948188632,1.3655197553831877,76.70337632429731,45.35713133051286,50.03167836235772,12.071496294637283,58.520350945754736,74.3554299231253,57.45574195815478,55.26302097137222,12.323436591496925,49.31744441635384,13.249819245611171,60.23145823883644,55.26302097137222,53.340478356816426,3.6998609057854606
lucene-2.2,78.15389695214861,2.0854111143543217,247.75338910882957,178.06943725424748,61.67427957826107,218.838424623244,211.43876675086184,62.17012203818129,142.30820385561574,208.3275733269434,65.45702149223752,192.19027014704244,58.22399811774697,132.69779789554082,217.60637383511647,207.67647259822306,180.67599440273094,230.50253681855858,188.14373469518753,125.89058639654564,172.85744482180604,129.54609476648093,157.30614496213815,172.0890554134131,190.83608098817882,162.97628677919278,123.8104219850306,224.64792553135425,136.1269333590298,137.48236053498084,200.66491614856116,171.91091326214615,165.55100203186703,179.96452849942088,170.01037741005223,214.55834154397272,244.82474489433085,151.30389663998517,43.54616258986558,241.2520580169059,10.157455153477672,40.59615316937797,165.44233255124445,1.429493501902094,161.61570564530433,176.06252415682772,166.9031095492658,186.0982900149048,182.80771017567324,255.0071048248466,185.4186340143315,193.40014603662152,118.97196908583908,221.08305762132755,195.42456031626477,200.66491614856116,74.40156467977948,196.10797117601564,142.07392112607917,99.40893607992118,133.7835265136498,160.77015817274105,206.1207447315343,124.31615643191174,142.36858210190627,128.25526487952405,89.92949147679045,190.6962348160731,172.94080862147567,54.228241344031986,155.16741133116523,247.29236640508768,78.44359509805214,139.99623568137687,254.2818663332869,167.67517172794783,43.43927248900106,112.81773333689635,159.76073871816544,165.86773305649245,164.48671783249867,209.93720014081683,119.50386718881856,85.36838523632383,40.958282585283904,66.17112599377297,144.48116350124576,180.70014234832996,188.8277334184003,112.93522949805855,120.24946043862737,150.36019094353136,87.28606180237111,147.24618253747835,205.0824175974953,144.90684602315793,87.98832963445713,133.50762061632696,52.77091254543844,151.63179838311711
lucene-2.4,21.118452612657354,50.5582233891025,59.14226835812361,18.297791371640823,58.37620351539243,38.93955516848892,33.662117361087745,33.21390468069641,51.47297918988948,42.860380001632066,7.910357814391017,35.85583901257249,75.80902454943428,42.90340040248181,14.052627275706522,20.488662414326154,17.153479376228873,29.65305417231894,28.06765577803285,25.603718967430087,8.840422733362141,9.3648528696388,17.737365435069872,39.84689709887594,18.437084061781373,32.49594789828413,39.67628733920716,2.433421692376629,31.684897969665695,72.84254150225749,30.676803386855333,34.28044853461955,36.20050972678796,26.11786156777336,16.08725007796146,24.726639809699705,10.309860158075592,2.3794605026454,43.44525316559706,40.99569954065433,38.92299693187571,23.888958105837883,68.81979610516608,17.310290656244643,10.1979261849597,21.9016171926743,70.76696148653161,7.406675288198348,13.150526558839887,64.01736707112181,9.886091060633834,23.24166095360822,23.739885014365864,107.09238915670409,66.30621376119981,48.76677888628119,22.782493273037126,16.76767976460883,7.587575964610297,29.65305417231894,72.33430586893486,58.90182343925312,25.26604682502987,25.39288353401718,20.537475121624237,36.275321882394685,26.391944323690144,19.215812213613642,50.87075861260342,67.89401416689795,49.36200218679112,28.39040747261107,65.26784926339572,46.74961572215816,38.96739395889396,17.643680127642348,25.232567472444156,16.61507366275252,26.360559814751266,13.294266583023898,1.9745391744197465,10.567257544862416,32.09476539385864,20.203718159669386,37.07840548101126,23.64904912207529,11.056686026329384,74.58066985635777,31.101634677647244,43.97684868228607,107.09238915670409,17.310290656244643,46.131340506753546,22.63294052561968,11.685951024665913,7.755676415279354,46.46835091175626,25.31098589104527,1.6750987462095235,9.517424614810128
poi-1.5,26.14534402096254,26.76524924602693,23.05955449930263,31.266705064263633,23.449012059264323,50.47626116873013,23.74186829273447,4.672130573798477,29.773950911993886,1.2611455409491512,51.71526866294095,28.08234923001471,44.40376499743941,3.969620640060624,22.359508634414414,29.957923430564943,1.2874566695441356,50.17999740423313,36.313824241578786,42.08464134408748,34.52185591242146,42.08464134408748,1.2670058434304885,1.2994974647405737,53.692543448241466,26.904225289873658,25.51200992284522,45.20511197924988,30.883214521409013,50.25449604491876,28.513131235069537,1.343383807036373,22.629811566029467,45.26581431734521,25.64849512681593,42.8121059638378,34.52185591242146,25.51200992284522,30.65794833649206,1.2874566695441356,44.40376499743941,10.48787751338193,1.5148204899067115,43.049686057970334,5.13976994927201,50.47626116873013,30.239944505553535,21.96169240017408,26.14534402096254,1.3645211300228988,1.2994974647405737,29.368122048460783,36.3604554328633,4.911666970121145,1.3110568188803784,28.044546206851045,3.969620640060624,23.881735393977227,1.2672056504152684,42.88439301947459,29.773950911993886,24.788956271166523,48.69569470519127,1.3029146487519052,4.911666970121145,43.2951249736721,43.2951249736721,24.686683089142246,23.618354225158985,1.2634861732320148,43.72394550014639,24.09768482958616,25.144351132283543,4.657474734468518,41.3595857928442,1.274341573133597,35.301616133112816,35.301616133112816,2.4498638422080803,9.960951699944841,37.72087845689288,43.70893397758145,23.917593101412958,33.77823390526067,45.06730416541604,1.5443454568175772,30.239944505553535,24.686683089142246,22.6274949851205,9.88957405575033,22.850760120742734,29.54749006462723,25.88786391926747,4.8049507613348155,23.98708064813755,48.61710382613759,23.55430083092996,33.2085315856802,23.05955449930263,51.572091030474
poi-2.0,44.22020171802035,26.322573779040702,23.456667983457947,9.988675461348697,57.41711125161689,8.111214347014633,13.688637810346254,5.5649339789303385,35.39753652994347,5.017961319191083,9.824615323189226,5.969544086033455,13.226570585165371,7.305978426692747,3.5079287443816165,17.63807905884409,2.944869736880836,31.41257771794641,50.260085802555025,4.149621882627627,31.44814241648506,35.39753652994347,63.181282054458244,12.289660775121709,6.78841573376588,19.695607474297102,63.955721104613374,46.82460435740793,33.634325040725464,15.40924364545252,69.1474850175615,22.5529386653095,45.91795014355305,2.956723112312461,30.61112065061123,63.181282054458244,25.292284838702496,3.5466837565953995,4.967007585080711,38.547539677266826,6.4118159688303615,7.6423150218118305,36.36342836689858,15.929693553132342,20.32737538913158,3.5079287443816165,29.56003095732218,10.450924863697777,22.67411172839772,56.7770647696575,2.9584554172375785,51.92686158262177,17.70768685116417,20.32737538913158,37.79958434403885,36.877896174051855,24.37651000863885,8.78282622121399,58.28439999846266,15.143814088919177,37.86539201077458,3.4291752133596636,29.005272137886664,18.965760188340866,21.089345550760136,6.5571753444163745,19.419850260051614,34.509112908510815,8.835144279463313,49.765958194029,7.908605340793787,7.238734504833579,14.506039919756835,5.29894226000226,26.322573779040702,5.353603107391789,43.37292265798408,6.087364066761878,7.439275409385759,14.56579913042867,16.173614479282236,18.480066775823452,32.826875818901534,3.893640257057315,12.919810538996616,5.196578310152275,28.01689824563597,12.820090800929282,30.32814694465379,5.236838715756054,45.34031468250758,11.338709489705677,34.62357314248564,5.503580109471795,11.709472326382823,33.92303028585482,69.15416033761865,11.274806377240182,21.690076816587187,9.24938816854874
poi-2.5,47.78675780903963,86.17018187222524,18.868328794738968,2.2071952481138,164.91902331293946,14.781733280445408,20.26370019737944,41.790539430615944,103.40833268152244,77.07813848489488,19.3204432256901,84.66206575662453,69.56525054292645,78.74384150388995,27.98169743985698,15.780749106126827,56.92571274455911,53.12370732463341,118.02032246236465,51.55119146505492,33.03224776972835,2.264491167343533,50.57648681157318,71.43462707662914,34.048776470772985,22.235073878912896,101.48867757961337,35.11562930189122,66.73185414954719,163.9959766051987,34.319186257037536,96.19712755027219,7.802448103580996,20.97462797291834,78.12552503277513,25.79599985165542,71.34597228769707,129.236390148351,52.30343383787171,80.19069944339034,26.12514159293806,59.44084422104745,37.08703027943962,138.97151501304717,22.73229215747525,27.98169743985698,35.09312641872524,54.66939167588613,1.1422646324285897,58.7404012708257,88.63116882224989,23.935223133253338,51.09527829938515,31.1105900308579,29.20572543136796,22.771455532345637,65.09564953078463,30.96317060639282,26.77773048081197,94.32459842083937,144.42524348924871,118.96677280842619,58.319535975781946,93.0354538925716,82.32590485673593,17.238573054145473,55.222403372483555,24.626520893792396,66.45613016416073,30.181255454529108,73.36606453730884,91.9066289041598,1.1422646324285897,37.27228289702024,23.974817870218793,39.2196713202821,63.718694169826676,76.91164904471466,63.50002444628967,21.210191842988632,89.73117729128597,90.26095557493053,53.950689458768956,99.9967785427789,47.46643701553176,93.60697740896445,41.40815455487189,35.41864773133126,65.29799473789953,164.91902331293946,103.44552803903515,24.4453840050454,30.96317060639282,0.9414869683063242,4.942652791204687,87.04693543047301,33.29083044898021,56.71347067613555,79.35820952088783,17.045051125371735
poi-3.0,42.091843842088274,35.691164057703816,146.8776895069242,62.636331918473395,146.8744915064688,8.306774045963095,56.68088163777485,26.738233146283193,0.8022431513319811,49.17796738345656,8.43405849971689,42.44206472189131,17.48552531574728,44.55332842528383,0.7747593767685456,6.4756349990687685,44.087401176869996,61.180132551455074,30.884397857559602,52.90160682504851,35.8492993772114,32.06389400788567,150.3717059964754,149.68618979627422,0.9729124617991509,31.41181267269921,59.10032871081176,52.54646567600998,43.02725222286118,31.129028936093057,151.33083076966201,13.97142235172747,6.777447031452045,0.784403300257298,42.0641904756529,0.884499402279365,12.524679087427055,35.30177961746793,24.79072971763853,48.5058966966657,12.791301491713067,39.32681295005663,46.51034866462912,41.48162338011736,6.696852979873616,54.826091003036964,13.154697992745874,14.524094764642022,27.252582606901186,64.69532132816529,38.09735374356491,36.27696294026525,0.7688303647846878,0.7757258339130679,26.40621499006461,32.91539921776773,50.90621950782992,0.7885797412022397,44.087401176869996,38.18065221997104,62.52333195612683,52.672985622652,0.7688303647846878,52.059940864001966,52.869927254013845,0.7749174926517771,50.642547676093436,25.831797904381396,43.02921831812659,8.79442922548676,42.079808286012224,62.636331918473395,0.7747593767685456,30.839629814946377,54.70745072589951,13.303623486457122,24.79072971763853,44.28885960539415,51.690048815191155,27.094701907793905,13.666293950340785,25.564055059729743,16.297118533874432,46.55656139647347,40.49117155519237,31.537466846146472,30.627946069020915,52.902385613465164,48.68962097401902,40.10752287170145,32.920333288099044,46.14158078478014,26.407628816594418,40.43253233104222,32.25725444569989,19.09215715270581,51.75179375070768,56.69004943497106,32.70679999032788,53.39659568627549
synapse-1.0,160.29470123595527,38.52078417336389,71.85994598126263,45.3599752995441,61.08522686062192,40.161599031463545,144.7471881253361,157.2192268632603,160.29470123595527,3.382177642241168,62.28612419509846,131.09617020658277,43.04664764978605,160.29470123595527,50.80571713069785,44.927815505372784,7.919998440523076,0.1338079966813058,0.13605635397055638,74.26889253389976,0.1338079966813058,73.89315845086793,0.13605635397055638,131.09617020658277,7.718740978212904,75.36654810047855,0.1338079966813058,62.56968799464607,44.94311604969336,2.8098338938494347,2.24054283108013,0.640166978099694,159.77265863662547,159.77265863662547,131.09617020658277,57.43631505355226,57.8494852556466,51.0160288453011,145.98747452948453,53.434231386731376,46.95896249079003,38.13184436081637,45.58288124160642,45.16534988497768,38.7778251806629,53.161677453834976,40.161599031463545,0.1338079966813058,47.82418313647989,73.9306885007768,38.487943329589825,1.4941170224137124,42.20497837388364,68.2771381051823,39.727030246490585,131.09617020658277,70.45362508065908,149.75489509175074,41.31390965414065,46.616049963993504,0.15601828381736454,51.45081287052557,42.34616793388468,0.1338079966813058,49.12733790875427,0.640166978099694,54.3334409087331,1.781721708513064,62.28612419509846,64.70881046579808,63.790378566055786,45.185968817715846,43.058416671460556,42.34616793388468,64.89031813538372,0.1396131335309092,159.77265863662547,63.10404899403641,62.749349162576834,0.1338079966813058,51.37556583660276,56.94776971359475,44.61590510028082,42.93072643509192,62.57517790287303,75.36654810047855
synapse-1.1,42.60829965610045,42.63398933007502,0.6500499671322955,36.597203266223204,122.37227521346736,43.25934144783428,115.84381462452036,108.40549279450997,37.30178437363048,122.82558100616298,0.6757790543300007,106.18495503345551,37.47006866790495,108.31347635797316,108.31347635797316,30.40188471919101,32.44552915470225,35.024497041202366,36.70708299762831,43.28395675333837,41.795163404345054,0.6679516131834774,30.41479887250176,0.44848561324506747,122.96109162901337,112.61604244809246,33.6908971596612,106.84416188084377,29.443163300695346,43.42078551926286,107.62955303950905,42.01896370473723,34.38083354529431,0.44848561324506747,43.42078551926286,122.43439972133126,122.96109162901337,42.60829965610045,37.47006866790495,37.190812864242524,0.4459459554809144,30.40188471919101,34.8590636568402,30.19855189117569,110.2065982061509,0.44848561324506747,42.01896370473723,37.47006866790495,106.48112398415017,43.42078551926286,42.60829965610045,102.92360351450266,29.029356752211704,108.40549279450997,33.719433219463404,36.58154398779298,122.82558100616298,106.84416188084377,108.31347635797316,41.7410679281074,42.60829965610045,106.16600046392105,106.1283513390847
synapse-1.2,65.1943781177336,149.8577381782164,42.88255982951307,54.117122172265255,123.60712419774276,51.60806220619525,8.700248422924153,103.55743989784303,184.49231269233812,62.37113024225774,70.9246161837002,58.0496109569264,51.78747976353064,51.750634224485026,76.16840178025588,4.987601509710601,58.23032884495601,104.8066351255487,744.8966007266208,46.45389740540093,184.60821791169462,135.7775244139062,67.42575256545555,107.18369723461669,744.8966007266208,6.467918719223166,52.02863338116029,136.8277688911657,50.543328395865416,51.83843009832913,112.47324020975708,64.41176562923684,67.97870282547835,55.399632281829035,47.70644976476214,55.399632281829035,65.22396762526755,82.67078019047639,134.8433456050321,8.045049336426823,82.90819828204712,64.15904439049571,68.92957773154583,44.59889860667838,59.317867452689185,90.17454185814218,53.69344284018614,70.1530839915755,61.47856659189574,112.47324020975708,756.3732243222743,8.333040371649911,71.9699226142795,787.9444960033885,744.8966007266208,114.08310156275874,83.61436653919681,67.49325971242845,73.35237461132976,63.00694622085226,0.7036338154445141,618.2126060837264,122.16233534630344,105.0282026129534,62.37113024225774,0.5507383373831339,56.84053488755293,4.312914742269113,73.41193250598363,82.9757063865359,40.45655330145547,66.36550517827855,61.15741124172277,6.1415613335989665,40.31469367063751,65.35348785506373,65.35192347298755,98.6629756940569,47.87802376506329,88.61331030850661,107.18369723461669,71.08112997451909,189.66343388463395,123.60712419774276,90.98842622898299,0.7036338154445141,1.50682686872984,60.01209067699044,56.56463624651865,69.28239576026348,57.43323965844629,59.235424148853184,83.83615332976555,123.17513638125253,0.5666829233167865,1.50682686872984,107.14704208453666,684.6568201918118,618.2126060837264,787.9444960033885
velocity-1.4,37.14576844737813,17.7271333884885,37.912961589663205,33.35685979375166,0.9328588822262607,40.25681615354507,9.26192651996279,44.08429403622073,39.962580968012894,0.838924776155027,46.538608941341174,25.689591050202825,40.46764938830658,16.130837894571236,39.56015620937183,0.9284558056119019,26.274993716212233,19.603165448647978,43.59418717058856,45.555372507722495,0.8074746844152947,42.00370048340919,18.723667521439776,16.430134035979552,17.68966445708171,21.443075292618403,1.2042616746613943,42.74044752851083,34.996822337796495,0.838924776155027,39.524235577307785,39.11016368721282,8.209482669206393,32.87782553359113,14.107934597842421,0.8969497134882328,37.195318414302676,33.97613941116576,0.8374525910036609,32.70849755144912,32.10481967048568,38.00078595748113,23.078065477730494,23.851837343364274,8.293699716924488,0.8170457491660849,37.472709062032216,0.8074746844152947,44.74559792665107,29.22629977490321,40.30901963624146,32.59570299670385,15.651162570146363,20.890534823115374,8.39404202883045,35.16288956304167,24.211952526125838,0.8969497134882328,42.99982905842816,34.17083282419325,40.63350095477198,28.923753460318206,0.8540190477228148,23.851837343364274,18.490443896002834,40.75096391656953,42.60447765575812,12.695573713918339,0.9284558056119019,33.52831447103614,13.898873739290138,36.60343002380497,38.46868794378876,38.12420073495345,19.488037366304706,43.8486537268719,33.840349441403426,43.579687644407045,32.08987371885047,16.130837894571236,40.19949633620007,45.11664931918577,13.986667332710168,45.76708070170182,24.702054061511607,31.99237727648544,32.96721535462822,20.874638335494005,34.8207996882366,42.955557200556264,37.989559701875805,18.604191378617653,8.209482669206393,42.35665477255143,36.142575573993575,43.990341386367824,9.056025378764517,32.59524238268772,28.939726266597695,8.3007577713796
velocity-1.5,87.70389233957702,116.45657107102748,1.2686768325796771,85.0608099363738,4.422813918434453,645.657782605791,78.36330846170841,79.96240576987711,70.01533538587131,41.894382312621296,79.78085800920117,28.647815210716672,98.83291976208714,27.435475704113294,83.24883406313621,88.88426171574194,26.531874355132775,24.281889757136195,95.23053800263165,68.20319896148258,749.1972633028302,103.1233229390489,26.386618392195356,103.1914187221238,75.04315954955388,81.30387202752577,685.059917031689,20.16641761988013,72.7593503537768,108.3638239764082,26.658309991557918,92.47897202161559,1.2373200642489375,81.11981002900531,82.49080294059311,91.68407981751325,27.65541538231227,69.72080849285821,99.31012885992098,90.94519173633591,19.109281496976976,26.5822709847426,658.9302331534901,1.2969712862252452,749.6497047427175,27.677825107467022,28.14178864441523,4.419179549986118,117.56984744145036,1.2686768325796771,705.2277496332573,86.12293732258459,27.633363088403154,1.485573460012924,2.845906852297809,119.00099600815459,77.58793338206132,111.46961192900002,83.60543998912127,124.06383932129188,77.51988289115475,123.49673333470213,42.44478044268143,1.2969712862252452,4.422813918434453,25.19706847945714,24.005868935383706,76.29088073477892,81.73590712075759,96.68123822835528,658.9302331534901,29.726203999131332,71.91640413592668,1.206751668786289,27.14162892666187,77.77799311576858,25.116092061417657,743.1576197149577,76.12370911727277,18.27529325640729,29.88891613614539,86.50594780617577,75.69043661049706,39.86044065260229,704.3951645267761,1.11648657908275,1.11648657908275,74.35433453585055,18.96402419928311,743.1576197149577,46.754165759282785,102.52943590382665,27.755933792257846,96.24856252665455,71.19405011576575,24.838359900288506,76.87853763636069,122.20861520183355,69.96250028359984,27.852619607746306
velocity-1.6,96.09560079369349,23.432194500373242,84.72539360653911,2.0160413093126235,96.03777412515963,92.44149408030758,86.68549751911685,13.529388588351177,15.377769662303491,13.594694451841265,0.8172882160767952,82.62644501552444,83.04561922921704,95.97712889581216,34.35259198158705,85.23245855126176,0.8184924291038064,98.0565729159997,82.22608539211531,92.7094027899234,0.8124965191616741,147.79012588551836,1.6497380345720405,79.85240248907212,2.2914688703517205,87.0687700819309,39.346873348818804,81.12613076884698,81.63137587331993,139.9753324641441,31.51966207637557,82.39160111855375,95.56720331411971,101.22520616826701,145.26361968778235,79.30987923426568,82.39888061327053,94.56456336716094,86.7747418943446,172.6488417899193,79.5892425622937,96.07203092590377,3.9501625864150793,0.8124965191616741,126.52448880205482,147.79012588551836,98.36889347816228,90.33327883326942,95.3809723030561,81.55894291903749,85.01902047951656,80.18347128382551,78.9298017855904,81.44259777255147,91.60754263523486,78.95808898997805,34.43997924309893,101.8975486536951,81.44541818759397,81.72962551219383,145.26361968778235,37.34705717943085,128.43691365887202,0.8318217805268723,27.704718131965166,82.53022099974551,147.79012588551836,1.9949834485881444,77.72059391735108,1.9846786276347137,145.26361968778235,92.03811079676821,77.42550028493947,4.2847045702887385,78.85316364352356,1.3774131056535923,92.26818377850492,83.6334313125437,81.4566512780122,41.01859918140424,98.55445870771155,31.51966207637557,32.22476820370214,86.13129624192628,15.527052680042127,13.715223965228262,89.74428109576718,172.41003220956918,91.463453462184,98.90112743608843,79.59650960158184,0.8186818361558261,143.67097578267973,3.939258177396145,4.670312962364368
xalan-2.4,733.2801940604415,947.8069407037856,856.3213151901824,167.7314724081539,548.6011551547986,983.5139160301349,6.835079479882139,686.151810186472,885.6210198637714,291.67561818990106,0.21576763920519126,925.5129831833592,573.0075704854157,583.8903391930093,0.6197756432014003,761.4785754537222,359.7417224119524,955.4550176947173,0.24334992786765008,615.0205327854455,810.4286322596674,291.3889893922484,866.9290207797284,583.676807383358,792.4445384751538,744.4393623520886,639.3524364506133,833.9770528710031,631.6222432795165,311.73486091130434,319.5358743592955,824.8366786489704,49.077581262957054,793.0626977063304,0.21576763920519126,549.5115781863851,747.2018115840971,0.24342120403552037,861.3982449063933,591.7074628877659,797.1719652540664,350.7312327873652,1009.7151313428388,398.99427475298813,697.935822429736,894.2635560425681,678.4482517277154,558.9393642817406,903.5050495858758,622.9421892314468,565.2949326746526,827.7271516787578,763.2673097083625,306.80540596895696,382.36076109209193,606.3059513873216,766.1006108075624,631.7871905040855,750.6422689771333,330.97022819206757,655.271357293014,917.7049279473142,598.7917560457553,572.0196990187837,960.1773115293148,49.27475778933536,1009.7151313428388,658.0779984095315,284.69331194626085,303.49799373544664,372.8043479475387,982.7297588639108,725.1299310860242,342.6091725594923,45.330551340281744,650.739496864391,371.83277305942516,0.30401813221346546,740.304853095231,124.6234568238903,365.41499961900524,698.3405739004982,914.17262880633,708.3096862900987,124.6234568238903,676.1172869261326,664.4795626012888,390.1368334628674,812.8351111529017,665.5525274747899,929.2910368085314,711.0885478901112,838.5310915666977,328.6058583764807,618.4716000907072,0.21652166668214717,681.8051487679102,769.9683878249527,715.0569228741988,724.0610876815329
xalan-2.5,57.976962883258985,53.57593642157298,78.04305462137414,88.86374548131262,63.206232287315636,95.60963650237764,77.76981253620198,51.9825693297449,77.07787684243168,0.6231800170735089,0.6582233814392563,65.34473049483377,53.857387613749715,55.1676676920442,47.3489536358312,0.6445660570787288,67.59686003299922,5.190641015895726,53.09296131713534,0.6407456196640482,1.09357592874786,0.6445660570787288,58.004880218102144,5.352173293768543,65.31580093374836,68.40134251674631,50.68264057635474,61.30321311816776,51.49616129555005,69.92218607414021,115.48616614732592,52.02742131128857,61.7524323181624,0.6231800170735089,0.6445994555847836,5.933099592375282,21.863561389507147,50.1342371532787,70.75105021635738,80.93972671346528,79.70059495287026,71.1214644883997,117.11238554129729,4.8097724959812105,1.094592401120184,0.6338520914418867,52.582863906596714,54.44942858152176,51.3380956602623,68.28677391207253,4.8670201983507475,61.883498907958035,59.28395835973545,89.78968299250553,0.6483742114545418,112.51196837648908,83.58786879755168,4.9285818415224165,80.42697841690664,74.74241921340169,105.61327982055165,82.46840116362057,69.74746952102673,52.13282827704725,5.667123177579654,1.9559688254730885,89.35523814291525,86.36653751755154,54.34325401482257,5.024190457822645,64.34761753706034,75.24794266943745,4.423288960684561,117.725567952267,4.944121695901341,55.78210147119331,60.37263465855336,67.37661956513077,48.56176119010309,56.892717061406394,82.46840116362057,78.69749130304447,0.6407456196640482,84.04821624327364,72.75399561176054,52.469121434518605,62.27200051916996,63.657910166775984,1.094592401120184,69.16415956745405,76.01958713314168,115.17669457622928,53.61939595411908,112.25123813321905,55.59839470220273,49.07277229618081,80.02028950116942,49.223371227271365,64.88966656892292,57.42865572439312
xalan-2.6,216.42140328447752,270.4471415867936,524.5309563649907,573.4485283406384,269.1044617803305,593.0149365631021,276.27371422039766,514.194728581867,560.2135281370211,208.71965427262495,550.5606735622831,475.09733586564437,262.69230390906785,192.74944715429982,402.48107907656873,297.77530802333894,200.68340865192383,0.7427159563060647,312.1225829371066,305.4925861091498,264.08096537949837,149.4470169352393,43.84730227331449,458.15653226549676,205.98776623603544,434.9245078677723,706.7030498831577,523.8081319899612,295.964681040528,221.1143840687769,654.8949596230235,572.1112962843611,259.31549849270823,193.66607649813312,265.96541995735487,211.61548412173025,278.5980872907754,0.9585222965069786,228.0145353407894,582.8099240252316,127.73907149778272,246.31941397515192,703.4919800797785,240.40439706709992,255.2842660325538,243.48813739427615,199.10670814355558,457.413371377833,252.3356470039323,258.3014389251834,16.45682705203643,590.2168517963515,312.1535809202495,184.13863547491647,236.30363019644597,590.2168517963515,209.79620874876122,414.99288058224886,221.3506654416466,534.1457135432449,235.41201448598008,597.4290593729561,538.4999857316303,549.3700369023938,415.83141102283486,569.6474188636561,593.0149365631021,158.92901666399288,212.87211426115903,249.6251361980823,214.5763496480098,388.93444468278096,162.38926395900486,714.1138425039414,198.08342066401684,538.6095331202988,532.928544556729,229.06940658843732,714.1138425039414,19.932611565034595,545.6711347818782,299.7405675738595,20.59929964071999,0.7427159563060647,195.65207706054096,240.0158486810346,632.4068263355921,202.70875032426508,496.10295110462073,0.6436798182265006,515.2928887151191,591.0064472336595,19.986793408709882,3.2276194987375537,721.9520856500543,47.01257271619182,559.0788684959593,632.4068263355921,210.0876708872539,474.34184512464964
xalan-2.7,655.9863093105071,618.9929052679597,341.9925375604573,478.46034725154476,45.38316522817373,25.882413184594167,1952.8351853651372,2905.86401292165,0.5436012358639517,407.67689234014716,331.9902898855924,3263.6534392327953,3196.715475613973,295.59353762448467,450.7945205919096,0.9052652088861709,565.9187179446212,54.58258373570999,3.5923620162759473,3233.322995513626,371.92601915963496,557.9230009851465,476.70770994707726,3263.6534392327953,220.19353072206465,621.0774565842752,2965.201787274902,2905.86401292165,18.306476127729574,3263.6534392327953,347.4083054264645,604.1183958816497,0.5503224668252663,322.56300974827906,0.5830483435359787,647.4225556294299,250.91288302801303,76.69098841713824,306.18537193017426,21.514974132917086,10.751009847238361,334.63663807090484,513.153219597582,647.2467917456249,377.4661570121974,611.3064975788252,0.5436012358639517,363.0237794559202,245.47387605275927,1.367831994034437,4.91036869679896,0.6612550825434054,465.61712917836223,0.47280338993056376,21.76896420147564,0.5873058225118782,300.75190585342494,626.8128329679662,496.4850896708201,2990.4649512895826,3.501988354999729,538.2800996992705,0.7826745998548091,74.15386569177755,240.84914755595813,243.03430275913382,456.6345014255115,3.5923620162759473,543.4501573554493,0.8117454566040295,557.896048771658,0.5503224668252663,639.6651793435142,0.5599230205032055,3236.8861166192787,481.6288138632414,469.4845577999824,244.17214946778813,558.7051483449413,616.762160128613,6.032335152934136,3196.715475613973,378.28256769024085,0.7826745998548091,2905.86401292165,24.55892270889007,69.10306595757925,594.5718284241605,255.43867789967823,2984.505506739895,243.85997477155334,461.72497716978967,0.5830483435359787,267.62477865082775,324.90555080761425,293.8407730462571,309.8611778504781,2992.5580007670205,0.7826745998548091,58.97696010336309
xerces-init,27.620871676373266,28.109498565361058,28.9456108995097,0.9366770115918623,52.82638379687521,27.01834376847441,53.976667029766716,26.946072421629506,27.633483222564852,26.128021555765045,26.91328079750794,24.032479233630486,27.633483222564852,28.33902419039482,1.1362466581582373,27.59617666870756,62.442453519894485,24.032479233630486,1.4875126360847235,62.80276952527361,31.43248968936091,28.330491559263724,28.330491559263724,30.551816528190265,52.82638379687521,62.56580013622131,27.633483222564852,1.752524856859302,24.032479233630486,1.4875126360847235,24.032479233630486,35.6246391433211,26.718186731137035,1.1727740151591912,63.20577469302483,52.82638379687521,29.59555387825996,26.49763725609514,27.633483222564852,26.577469061524617,31.297408073251276,61.3585689140969,1.1368917851336269,26.7847044679651,26.498358318825435,28.330491559263724,0.9120426176280352,31.174830535849534,27.141595950849247,1.1580283538853713
xerces-1.2,19.53959885445878,4.0425035743881885,15.71682743005284,17.26233232625563,8.030618845772187,6.059280840751323,14.365679810421383,8.715678365972549,4.251064764521741,13.067231510308979,15.217622404797902,13.946373469034043,9.99310608809024,0.26136363636375054,4.04117871130177,14.98290006044661,15.17947813328131,14.878941787009895,15.344923005451847,14.81343726667538,8.975012759377982,9.119433997036726,18.92011652190913,19.397295242697744,14.84417235681919,12.154091725224047,14.144185858431216,13.843461942092853,13.377947708784307,15.613870485343275,7.092347457918431,5.04224694440237,18.92011652190913,15.024681610695762,9.894705593420293,0.2613649245755952,8.11745498441475,8.391280293255013,5.895927878259987,11.860441622146157,14.240544430618026,4.089007579008577,15.520820082343352,9.748642802278704,9.99310608809024,14.88887487425897,12.402940682981578,10.29780045827862,0.2613649245755952,0.3359016748551922,13.865486507566047,0.9595527633365218,14.144185858431216,13.600227575782315,15.103082426839855,19.095017262610178,3.012492083363364,11.262183625608035,15.520820082343352,13.536745059409004,19.86857700887621,8.333731307993535,8.495686337771069,15.17947813328131,17.26233232625563,19.397295242697744,15.51129089124417,19.7601613018424,10.176953691290262,8.975012759377982,8.48475112568586,5.837895945528298,13.788029082497157,0.9595527633365218,12.42687084421465,2.996173016682245,4.04117871130177,13.781316696804234,13.106825398452127,14.05094360687364,13.865486507566047,13.111870798695795,4.251064764521741,16.87298354631115,19.08390582321158,11.860441622146157,5.624085774339748,6.954954043116063,14.31309006108003,8.979658519855828,8.106829614389929,12.609451521851181,3.013928054094318,13.247012747510215,9.930233423313663,13.206073341638062,7.257527471065562,5.04224694440237,12.670685717853981,10.51865119057258
xerces-1.3,72.8165800800438,1.100205168085158,10.339297270527402,10.09592985323917,73.8378036122844,73.83484824357835,74.11805350086661,73.06557146924163,12.688937655778092,1.0635167618839756,11.216607784685758,0.42604952578925065,63.589514263492994,63.095118489259065,68.40182707127146,11.624151430201895,1.0635167618839756,11.763594810733842,79.49709799454392,9.157912857113894,70.40033092842988,61.75800817477685,0.9240702658026719,62.82389699951568,58.006878843379624,66.92848826390681,94.38285876336161,70.40033092842988,69.053312606387,78.46115738685587,69.09627302294987,9.476661421836644,69.09627302294987,79.95400855915156,6.016513100760648,78.36232131238883,69.09627302294987,94.66906760134675,65.07659874189463,68.58880512360673,0.43086446526011124,5.0682029147018826,61.84349554689126,82.25059394008417,70.88234003895528,11.104156258988517,10.09592985323917,64.33670479396105,8.946395388170727,58.72981761548658,65.0766962044629,74.74839656218461,82.06570765992379,7.568111802158503,62.09612838156591,78.84393274419699,81.76943042579221,72.46391531192772,58.006878843379624,11.763594810733842,94.66906760134675,79.09893253386879,78.47777263799418,72.47837558467344,74.07042042933944,11.770655024491424,1.1134522532274955,95.26661442148773,69.03101923576929,73.72804261578653,72.54697270385284,74.87499615409973,84.7541178882037,77.39127544925225,62.23348097759108,0.4297594866547086,10.14209080070832,70.88234003895528,11.763594810733842,62.032545678464686,72.00244323322862,11.098894013354101,72.87818582029186,67.36880772272974,7.568111802158503,10.36193528297175,80.95581201297888,76.91392657845452,70.88234003895528,0.4297594866547086,65.0766962044629,10.077796760518202,70.37035886019554,61.75800817477685,72.47569389030167,95.26512542661902,65.59604081810006,11.281925740588019,13.265230343833936
xerces-1.4,117.38364706551624,100.32979595909424,72.34236478437167,72.5371816456593,107.05425178910383,71.50943200461806,111.83035392362227,117.38079819179903,101.10128493689558,105.38643533627362,98.94288935399119,87.27921080729087,94.33575179711269,76.15121291385077,76.94139491514,99.82899237395387,98.45131135280772,75.89106471754293,95.88893291055717,1.792265058618603,1.825723717863291,78.76462448509183,90.99994506175958,94.06436051105831,115.46883154925209,107.49003415749833,77.91896681818561,86.54542313032452,1.9832905336358355,85.13258936822741,90.09705871170051,116.00693995828821,112.27789056420286,89.47434580159926,2.128465088915757,102.90490159994607,106.63394747810412,82.71887571181153,81.24634106258914,71.79937957524122,108.47929120560289,83.66529188031765,111.64109038013966,79.90297819971119,2.2583233121071493,101.01420982452575,97.48706118289849,92.32771397639914,70.3113719999411,91.5401060189014,84.42310915039117,108.47763358707304,95.39399809481453,99.47550847728141,1.8878162507686902,1.7869091936322512,1.8823024481226127,73.5135740770987,1.8886187943721549,1.7880291549592162,116.67387122897074,84.49772473218121,93.40100883227935,89.53975753610015,79.45430973225541,110.21577739845173,1.783428429521246,90.83456237521352,1.9041919666511444,112.46702326650632,90.29989168259323,67.91667936297614,1.8649849431545422,88.83340111082285,1.9027835442799867,107.96698896062584,1.8664182380388028,88.52973802818533,85.59670392151685,104.37362487754797,74.69870267383557,88.18472905471272,106.49865047361448,70.58716863792361,1.8815848203035594,105.05868540962666,96.6087007454675,74.6383401986949,96.38652669376829,1.8236947919857067,1.8905524772567677,82.42816457977271,92.9549150604682,105.92879236143206,1.937945261623314,71.14963509261486,1.8421812542015188,71.13330781578017,75.07775468301148,1.8649849431545422
