ant-1.3,43.642300443466034,43.12109939212757,35.96093967767258,38.01781832265114,37.86593752372103,35.59989106461321,35.84076769787733,38.73004347609992,44.3932091871651,35.248350824895944,35.117906325417046,47.32616970927831,44.764306595270924,32.33026445166825,38.31590509191597,35.75577886607085,40.893669139913406,37.244464350462664,32.547426649549514,44.79119252075876,48.03283634965373,37.39134613366963,34.58108730889874,42.65909224635834,37.36829673594035,28.974067358858772,38.323346579636464,30.879933957055393,34.09779920553878,65.86463160200847,69.02475694642834,30.437441222766203,68.12652493383844,33.179606975496235,32.765191302666175,78.7869524648967,33.309175918564,44.143355353786674,49.154559512666474,66.01556238611799,33.760259786829856,48.35031183347917,35.29488686574853
ant-1.4,32.968760784320175,33.174229810965635,68.63948769027151,31.52526326584386,24.451753296767315,29.75511476212621,29.38974186780622,35.71094406522087,14.871866754395633,16.59740541694532,20.782363622355582,26.598556713926634,21.134109241328833,17.695824792237467,22.784575027236908,18.24134055865888,19.200809536828952,25.027318389939037,27.589695200738046,56.079883449090296,24.20331459417623,22.145703997384235,59.50678796568862,28.21920692834817,26.942157199061825,30.12275488366983,56.52141966468743,48.831582012358034,34.98608180519899,55.47808713182032,17.98718659499157,15.561544894829613,20.963287756634557,25.923717617687675,23.845044346256614,34.06846557564536,30.546148171189426,27.914532751515416,75.2997064432452,22.814220673661936,23.585875529349906,32.58714899063077,18.708500941374492,38.36164462572079,43.87625232666648,27.76980208016279,30.641917566095472,42.607498497358144,33.64392108893715,43.18952451398264,16.467752646790153,27.908187447842014,22.70016299026082,29.9794407046916,14.903903105910778,57.29279369409588,17.547992638032493,23.637841245953908,34.733724344242084,21.411824575193265,68.25862312616526,18.592325929900067,24.209696058031046,65.92406252824804,39.42163095426183,23.61329957585504,37.51628697341338,32.122536289997534,32.07077999893778,29.638720478509654,44.98390249155856,17.546362585714718,25.972922500810025,16.010145938619967,69.52124672947275,43.87625232666648,15.63337319167365,15.788352425348497,49.72379932835023,15.483428770748084,48.43575474930066,18.972909675500503,27.595695868258275,29.46901393212564,45.50572436403254,59.786658124507134,14.875969123507778,24.71410453356895,27.494328502089036,49.61292573973481,42.804301657601975,37.51628697341338,16.29604436715745,16.49502626382829,15.758498573302928,33.64392108893715
ant-1.5,18.13616425209775,4.080207759494453,56.719338748554776,24.73633931077038,45.8936350986259,46.36438365239027,51.248301017927766,42.13292665984057,12.436281162879823,41.128363797887246,54.84513312012895,42.53076824287921,61.73590840780607,53.99709198236901,23.73827741357034,47.821526772135236,5.154517982474888,43.4140677944898,63.096177076002185,43.62737905178723,42.71880105570273,53.35353057693204,40.59152490689576,51.79843195066056,47.869752112636384,12.534630724549162,4.167686340957296,47.89765533865022,63.48447524693193,48.30494318158099,4.074276382496207,53.06781564722548,41.15247119930737,41.10882372638025,46.03363118896306,40.612442708094264,47.547063067561254,20.24198300662739,59.8435370524166,20.546492657458312,41.22126931860946,61.60126047771939,51.885883014743335,12.6062489719509,52.3536085766022,23.62158614469811,40.58385238763478,59.873827537885205,43.909674214432954,45.925637090739954,47.34307497776277,43.64719535624248,44.770517052710595,16.88303142809713,42.28577531659359,53.08244306387025,42.289846984486125,49.24241631971565,45.762855403815585,41.9037328304649,43.64719535624248,42.56177257640131,16.66174419994156
ant-1.6,57.11804575105797,86.28975509325727,22.349585815805586,48.09755113819252,24.130608893114996,20.120051222533437,81.87460066362755,25.805590630472285,118.68839865127215,21.53911746774775,79.75966047065947,25.417177556052703,88.0905373033289,48.63566581763429,60.242491099436634,83.07864116218612,129.55481925780245,29.97027388267025,61.167136695308585,32.41482260507258,129.55481925780245,22.40111965960546,83.4268032721438,32.881504502082784,60.018661026816,60.289866159101564,90.23158233925022,67.46770783750885,51.64720345421475,26.545337251001705,22.589928037841986,129.55481925780245,50.18566106147748,67.36068092209557,57.737750505101346,112.80056889147379,42.93758306434462,85.63487724560547,129.55481925780245,90.51582258149945,50.57820987433385,22.836073520785433,64.07149578995154,51.23537003340738,25.900233707984505,129.55481925780245,30.947737604500603,23.59787860439112,57.586228512682894,43.334525452203586,77.00435013882743,24.76297396084541,63.82880578185472,60.21749220332003,35.76978056368768,48.220349164835156,21.287819375183975,35.60028639727343,51.61580482766983,31.312253993950506,83.28217727079414,89.71993425358858,30.431701285986737,62.7283267397411,113.63762961970677,31.308107077104975,58.03839155193525,20.19064460774041,33.12671137894633,113.37613375983574,51.90895939990732,23.349183229581403,48.57894638972337
ant-1.7,25.887090270463883,37.068185832665336,160.19642236421603,58.168630014680474,40.84643952834456,21.55959973197873,32.71819911834963,137.53130675763103,55.35288186517554,153.3799559423273,26.45336235469245,102.74742510105767,75.14963686534935,33.94293800510242,141.44388552009022,52.30300423259928,33.36411156329586,163.7590398548264,45.32611534138589,29.64820428459367,27.574426272322683,37.91759275131549,93.72455694285239,74.85288095875757,34.3773212579001,24.429025940744257,46.04402294033629,19.539147516396557,24.21113703825729,24.278820293898793,50.35310806333249,152.100429581706,46.01137272369049,153.6274937882786,67.80677453660371,216.37937523559015,92.00063017195617,19.30610723367858,96.69684342838512,47.656738273881196,28.869486768383677,41.33100683590105,29.284676440618572,120.05657741904199,27.606623837593794,31.286680009488993,19.57074387436891,78.60971256759649,86.9243871002216,39.36825254152443,61.977362609944606,122.40533455062197,60.155822370416516,137.3371137221424,49.634559736994895,219.981510494343,36.25886871292602,37.38056161257348,71.87448381893347,57.49875992178823,70.92856064035055,56.291381966860875,98.29715723816267,54.73837839574871,34.62635154721493,63.48256747590526,69.96056702651829,174.14275424498183,28.82577804135947,26.25088461365776,221.57556226121355,51.42447897079796,106.90742034139733,110.23586927771593,66.92941951797067,76.26550733539429,37.27784878691194,54.206235421414696,25.474662834098886,19.987490098422953,21.403565926200418,24.430638237775774,30.388435079316828,18.881902729913367,48.823251285114225,61.160440666671754,99.05431741304231,48.26558788955937,108.81575904320394,51.04488383701684,64.41822715209179,30.584087145902124,25.424544938024383,109.51410111912847,76.91758648471522,102.03083272278847,68.67200943950316,40.38369369501901,91.02511405399804,40.35480464082531
camel-1.0,30.87076361250076,39.475813502270306,31.349443261760477,41.49630686388587,35.937830083531686,43.98644325610436,31.018305494391207,32.41819417393359,36.77409756416039,32.381811353252225,32.1563621548109,33.38755228125372,30.505435286239177,67.42068329136448,43.98644325610436,31.349443261760477,34.24697813691342,43.131534267873285,43.98644325610436,31.349443261760477,35.61525763228559,45.14052904065822,33.98056027505092,43.25503618009295,36.074060158761135,32.883481950625274,51.1606775195926,42.403831648131614,36.71059018844893,31.75129199447449,32.85691548414416,43.15673827057875,51.086852646696954,43.95601656001487,73.03389919359164,31.91363173881023,81.21273246386315,39.46949142640857,33.61874858421951,36.955037750817695,37.346291097779314,38.25427816003859,33.689922699082445,35.10465639327061,49.10633811883054,37.348085432128066,32.1563621548109,53.64822139346448,39.08162064676088,66.77506815823949,31.428124580143525,68.98639254650755,37.88990886334795,34.55253386383557,36.252856333655586,33.63916357540747,36.56369885160046,38.01722791143896,68.39595471377564,37.71354151707052,43.34908326458638,34.393327713594736,32.1563621548109,35.180119685385264,46.69464380196671
camel-1.2,8.4739923255541,9.191734263205568,13.546044492001984,16.809252980345676,16.235777256280212,9.875828922738165,14.740462414696415,13.81123840299736,11.201416794927454,9.919896189021152,11.895362488335087,10.002451107848188,12.818026775535246,11.268151691900135,13.059092232087064,19.26442235027412,18.114141697509723,8.941905645849499,8.743212956424438,16.578062838111126,9.526826495915024,15.207293577556557,13.52914167975981,17.357912848991763,15.134874262397608
camel-1.4,31.415751625156094,42.244612577871294,40.59495687066085,26.558702484677674,24.565770011912473,24.811325297908102,14.672690785001736,33.06182815082633,23.988363308855007,25.437366710016036,14.631023216868025,23.175943640016104,73.98256619031594,16.53069414894805,50.37954463157467,25.8052724859482,13.137402403975305,21.318085390447283,23.384346672944773,22.05129053089142,24.612007181209766,21.366275042241938,14.019993783933653,83.74708443213022,14.681492100997826,23.317647199839787,20.929918865375743,50.415965457243644,32.1714310176948,40.94471824768467,23.208948552452227,84.7141076675756,44.97499852964001,50.86817223227043,82.82674533006902,14.814201188846178,19.501714995143566,23.653438769872206,21.403318618889873,25.435545414318547,24.22763514816666,14.672690785001736,15.31705338949535,14.672690785001736,24.452426955758845,30.101436659463083,26.664462779856198,29.93357796191551,18.28047241966261,32.588676408645064,22.40547750472772,46.12892939357869,31.45775079828966,41.324071754587266,25.671147281063824,36.663661838265384,23.854118620967192,30.81930379138339,23.871402202379016,26.58796595878408,17.204886854825975,44.161147334549305,42.49575715164075,52.044724048280685,41.98787363491505,15.826075771454333,22.891975918386528,22.917134254344983,25.36704430483075,14.60721308367907,44.97499852964001,14.606762886635703,19.744566612398096,24.45043745859063,20.983974819609863,31.172979192706364,17.650290700332818,22.151621015831903,21.646127613716228,46.67268426767743,21.704127571440814
camel-1.6,12.021060591394347,27.20709338025755,21.036087193213795,9.27424908141849,12.010840770539485,33.548744087494626,8.962555922022087,11.96297639345265,19.674011068038734,8.46096308362269,20.796149545623184,12.812919327991176,11.295296293713553,9.600774436559956,31.466671064514617,13.649804161764063,12.361666001066379,20.029265013530452,10.366030203764874,18.174845291036267,27.273821581825437,9.677859178621803,21.50936236307471,9.334989088944653,9.319499899957123,9.436398794803265,9.767869631210825,20.63560920263674,10.9366161031715,11.615989560050693,16.688851046424677,9.636847099246895,10.119384399480163,16.457598510929422,13.014618846639149,8.810364359410249,10.041571590328493,17.09918734544525,19.32884766504686,13.58334332281953,9.4453777767349,13.648723977497575,12.117443306810438,23.52539437271251,19.401294376346037,9.935322592128209,9.369658103912133,29.36872650978939,22.876518908586657,21.671009048838844,18.811577537966805,19.011713669516272,22.718409696458423,32.81515384584579,30.00863197556882,32.40503310268552,9.914884948294247,26.391949160800927,12.890833896149596,19.849734433563654,9.59857752692801,19.915269240958136,15.093142172936309,25.68163007792716,20.942008082221665,20.23020944228376,14.56084340425248,10.466273937378093,10.46832043533401,16.392764216890004,10.021172763231839,24.90473338526889,8.73360863979703,9.009772475943981,14.532594003730166,10.938265575527684,16.18101210834841,17.579712044856507,16.617039388586964,22.997006694704005,20.500453168025537,29.03019023009227,17.508639171437316,10.844362025128,22.5917053802271,16.108965000435106,26.963294391683178,10.774579089907947,10.350071056787746,24.781987247126995,10.89167551937858,20.612664751219135,13.593370268301495,10.418692792452754,15.093583273835927,19.065040023834257,12.089403398567207,18.772510463419614,8.463517886159853,9.695997804314459
ivy-1.1,21.379710490936645,10.392782619609363,23.11790185108222,9.53900779014509,7.381182053799582,54.98218968419068,45.6078593480008,9.164051119512134,8.346599311397206,44.945560618907905,7.711150408236116,45.81278989749212,9.307857243468195,49.6056767045052,7.37493272567664,12.865502675468754,9.40686069525968,56.96790803442173,49.63223752389824,29.663507104674785,49.63223752389824,46.14542085006377,44.211975561773386,39.7313739679368,29.693332096822967,32.84234529601641,49.47699570120595,9.645056648910002,12.828644577017712,13.727226987884505,45.00317907866414,49.63223752389824,59.70783804736734,23.341786332272836,9.002484214109165,9.875666191938524,20.877088100599977,22.49293272283942,9.619774450197687,11.27398010465611,27.664602690759562,46.599422384464845,14.90020529086822,54.98218968419068,7.683399620055324,29.335863428709093,7.484913065626201,28.157949204696916,49.6018400633718,14.697160672268975,20.63568555191699,33.127867683102714,9.444644789578378,6.949027356700379,46.679534930170874,20.7837251313753,48.79376576883843,41.86248471863623,43.58479033996901,10.365125629131281,10.642678904675511,7.6328596577104975,7.394263515711806,53.73210243732063,21.057672623155504,30.36922080885661,20.642961484805014,7.462570524601676,46.50822444029613,30.373076861099346,7.861778677578905,53.24671398861846,14.835271848825792,42.41805018684047,44.09918117203688,49.92592211012972,40.37756726288724,7.47995956220042,23.324617378220207
ivy-1.4,13.819155851901169,16.84466118884686,17.995192600357584,17.412239345377984,17.93826482444808,16.702541487382465,16.152074293753934,17.79787217587487,13.822912367091563,13.758139300971285,16.990836581538947,17.57743218605619,14.048376768732197,17.59218844272727,14.276262538391455,13.819155851901169,15.499867171627304,15.32064964258585,16.04575983181124,14.741474750776797,19.862448265804794,18.23138933245117,18.72043742509608,18.280793034279856,14.350439573927321,15.979934060112257,15.197848270760646,14.019013403142832,13.802883569646328,19.851750328016344,14.3757436746847,15.001264856672464,17.034348168050922,14.048376768732197,18.76481284950173,14.351448855676232,18.323842067184604,16.969380233108886,15.24836781453198,15.979934060112257,17.382833846673805
ivy-2.0,102.604146933548,57.231654515357484,44.16627432346052,79.44812326908475,72.5086803466899,79.66944967065935,39.463592164682716,43.1676036538242,66.16920811628862,46.378598040320725,46.10221896403892,79.07060707150741,116.04530613266279,72.41428652897477,49.69444218930664,51.98983615978784,104.4624640292026,72.32646062561884,37.97103754618963,440.427035545753,461.4899118003992,77.06629536469256,48.45368182390791,55.74144031961744,50.11661648190382,41.42383286039549,43.26493816373389,45.122922905357015,48.334015825592566,73.42017287621928,38.25319713280083,62.27482008001373,110.50921312095369,82.44018630336082,65.23468752588501,112.18510937476667,52.2556150087946,42.89327222816925,53.628603012003104,62.13606381101587,458.3459641424916,74.47410580248771,438.7285739075023,55.64518719210275,65.49510774470004,66.5682166257279,75.70439471274214,74.6478865743832,70.17547069762763,52.987852493487274,46.36189794868151,58.62563989045425,37.660259226533064,71.60114111616078,70.05610281462064,80.70797215851987,61.73480813346601,66.99654489218634,79.65640839574708,60.118543231391385,74.77716372517891,51.95565559382761,40.2684857102256,48.63373091711139,44.76950245676614,48.59020123553339,66.73986006988065,82.87545464065975,52.46967690914703,82.03268821415048,81.14091768261306,68.57803675771783,459.7749135084768,42.85719562411334,41.56156828611328,50.747547570861826,47.04839088104589,41.16838638594022,46.12696531890968,52.582728072800904,118.54734592818846,69.3601065795505,51.94965890134327,81.37229015148692,53.0404298499262,69.40174153451788,69.2984547237131,41.41440183147722,75.0861338368914,56.70559622697283,51.51853422089601,111.23578449953838,68.02926651670454,59.18834200875051,72.0634717477392,40.03898716878647,121.36322792314645,66.05178001336152,103.14036363473275,48.258878929665684
jedit-3.2,47.05727272636371,46.093819973411655,49.832765243187346,67.72932939966071,76.42259480399379,54.103936951819634,48.349922488372556,69.73350533074381,49.09652806347756,47.34396902150574,56.120138247930775,77.43406127056015,47.34396902150574,77.43406127056015,60.272193636522616,79.55019014011376,80.42983791720181,59.870835481634025,81.09727613188346,67.19878942142857,59.18095112565052,53.02875357882886,46.405741434776225,47.34396902150574,69.68033259728733,60.848672745919174,45.767937068507315,51.31255697012074,48.30951613434439,46.39609768203393,45.767937068507315,52.02703201527013,59.59701191795219,56.78169118280386,77.73334819989847,60.32437439355563,76.04393961901748,58.563863367344446,54.630089562374664,49.294624539824135,62.651215093297985,69.59589264714472,79.83061812089927,77.77338125650442,50.36383788434549,48.38811620534779,48.13526237476339,51.290469016380996,49.36609219159569,66.1273188345743,58.45518273783152,83.4780497389455,48.56528468074156,51.510029012722796,52.45832048426744,45.88423388361633,47.812447202874495,66.42488355578831,47.5497741179537,59.93185268783475,67.61574309971593,64.4888113113347,79.36080392268647,58.55166232350251,46.29682168453423,45.821864555436186,77.43406127056015,58.410397903730924,48.528266904164575,64.6242584634802,48.53390278875838,47.48170276256022,53.00296742536572,46.5170242327503,66.44589065082877,47.41068510016613,55.60580907109575,75.78407562314786,54.16958771864355,68.47740892520486,52.628053616865884,46.688991177472545,84.45581753087173,55.83361427514288,50.40481628006862,64.4888113113347,68.16487907191886,47.36740244754944,59.27456785093888,75.60762117394657
jedit-4.0,63.20416473116195,41.56332813636492,60.77370507890421,48.84729638726775,78.58529494491123,46.53489272826535,56.00523117592359,43.32541488210264,69.45186610642318,47.432830692344076,55.91707669047021,51.75678934852613,46.67043461089619,61.13797665494951,48.00334821499684,79.31075370778046,50.53768736289918,69.25951695574848,47.950232435641766,54.98272252229513,53.1202756601912,46.61232750348582,47.48731647535623,53.06847352398671,69.09838616090168,49.07565398295595,50.3881578154972,65.33584783247028,80.4217099653609,47.1153056686199,48.40828176309106,55.90011300321374,52.41288893219215,41.563766329843,49.54274832099858,52.4667135399367,52.23705705097352,60.49594311050467,47.383121939691534,78.2225936886524,39.504694183122076,78.2294552492299,47.27890934042143,53.017241974901225,51.45321651744965,51.86704643860054,61.040580039495126,56.703648099066214,71.76521122943285,53.99764504245837,58.50305456103899,51.407506896465264,69.02254645441701,62.030262973338125,58.095691300294476,48.745236000204486,57.580299546816626,58.123806861786704,58.634746356947204,71.35911021173315,45.980318758031316,47.09637793545067,60.56736989051903,57.99243976401564,48.39450232557212,50.08821158777689,55.04525604969216,61.19705776109378,64.86864346284975,59.979832092101894,42.27028841804782,48.96691329924845,74.34894188691742,51.92323755343583,49.747352548706,39.18974436228016,51.300623289547495,56.04298785496083,56.985404481532015,50.21908369911098,47.244068661679584,58.33713723820385,72.55515300775808,63.81200404437419,52.02998984909113,60.00508347773044,79.31653494621266,56.985404481532015,53.48692890599238,60.65492424250686,53.38416727772836,42.67222579871223,56.622453249836965,58.98970292533148,63.81200404437419,51.693304135533275,63.14654486312561,58.82206347784635,73.48558504526763,51.18483291269114
jedit-4.1,20.154749905711093,50.41910958909543,49.566295674470624,43.822193488301366,54.20668051301498,21.54517184526464,51.226174321441874,9.794829744148279,19.260726846138716,19.27132714503285,47.41792966643401,46.42850234251094,48.326451108839066,59.508323327752805,43.678303874065584,44.81705644670495,49.22162619565812,54.43173637796986,49.210712302858006,49.177629029506924,49.05340917675218,20.154749905711093,20.154749905711093,18.044788144242336,11.190171938187992,18.918150995731498,51.18443511288547,52.81071673226081,41.580587333102216,48.09907615357781,17.10112019509173,22.002868060089845,20.156801865600627,17.11981402083322,17.795445386925596,11.24057677136428,74.38090900661619,48.54222415191962,17.118974715867846,49.24286034836156,49.636352802911105,44.223978172290145,79.7581370039609,49.13589330663045,21.100968113811643,47.539084551513774,52.522443633998805,17.961993853251656,20.154749905711093,54.88184152928044,18.70614908639878,17.54029825086293,46.19228251987807
jedit-4.2,33.19673714379387,16.79108800962488,20.73803385521898,9.680432749072656,25.309248519855487,32.47559391276846,10.569091648118265,10.13240081051134,59.93574097103942,30.822603509204477,11.202995670283359,26.001584707976846,10.849871058021648,66.4405026908155,32.15236208953447,43.18448934657721,51.818366730123415,36.40850515016652,38.40165203296905,17.350158928279445,3.7756243797448605,9.784933534078778,43.75752491354073,17.53966985915242,66.4405026908155,30.24620329359779,45.23102837763537,27.745369682534175,15.7585489490943,17.238300291812067,9.97460218982197,33.30646533862604,18.07049747491208,10.057493301340568,7.300505396755723,10.15939575209245,16.438238907314425,49.43253321144429,59.3220852693786,10.82405994529487,16.75512841324854,49.43253321144429,32.633113602520254,37.0927352450927,31.667082407072332,30.201346485937552,3.541363326647164,3.7756243797448605,29.773463849891904,10.058032058196382,32.90097285166152,16.7159939690205,38.002154391645554,11.029442776687373,9.6785154716985,10.849871058021648,16.749773726087387,9.948502659195265,62.66987638980662,27.503855241500858,9.784933534078778,13.041635913583432,59.93574097103942,51.18895582648711,32.21578069562081,18.70453865993865,46.82780784232118,15.985576018897712,59.93574097103942,18.053536081128236,45.59164590818425,29.773463849891904,15.985576018897712,37.015655758254276,17.16013036200965,10.103476004183344,31.667082407072332,15.777652939898683,10.569091648118265
jedit-4.3,19.050916113973027,12.779839391693951,8.051876672263333,9.543448745560898,131.06906548081014,7.8591469574522,14.247076529125014,20.40901538141834,18.900681511776728,10.41838038796439,54.028508849597884,12.584292213507512,19.175901534159593,53.531337193514666,47.58332631225255,17.675203789647604,9.51101895079293,33.53826952284524,11.525857357429759,131.34768263993408,131.2151371950677,53.151886178082286,12.947546021940589,134.87994718346525,130.19541239858387,44.45171442128897,53.62102697325295,9.543448745560898,7.820251669252733,33.87259875296193,18.529907635071364,49.312681803295455,9.558102873609949,12.905729059382377,10.42165204563931,10.66985183154284,52.979239508933894,52.52102981519562,17.29074318029602,12.777891384447482,8.023599592658602,10.636465534723348,9.052284383907855
log4j-1.0,12.59023875546484,31.382763043411156,19.437060798305634,62.8389366124468,33.456986621344264,14.316856957236414,36.60140260346297,10.559730363456312,10.755253552614988,20.226222473959396,8.332880787383282,25.33345587603359,9.986473360919014,10.969452678928109,83.0083979005044,18.215546143121703,18.386482623973954,25.223813862266873,82.14334064269327,34.096738403576744,19.47219674195188,19.954301688710895,12.794815680021461,14.06145771544805,69.42567610981718,70.61522927064816,70.59783231145671,14.281017105468077,15.016668052186843,8.921831169404292,34.32647253306384,14.224673308612276,10.406049450393072,14.281017105468077,61.90870235640758,26.13176368564402,22.762236686051057,25.334413362082593,67.47724214776932,14.014392040611655,14.56482379649373,83.9028278288325,13.031881329017924,22.56697185295575,10.987755337374528,14.281017105468077,83.58947085585486,60.004874743799135,16.354412224771686,23.357513635008505,15.740124388892172,10.427400965504876,58.97412507476742,10.821571525341612,62.346700964816044,15.33109267109825,8.832062506269622,24.02766180433988,12.765206312390669
log4j-1.1,19.377251689872928,11.936496798893659,7.149983349807205,6.33927999792612,18.59351818328694,26.756715074223283,21.035431386297585,30.97895851054031,19.40626943916814,6.321664387997499,11.71643266511891,20.815978435744984,17.055881785721265,29.036149016917864,5.858996548249414,21.03855771489963,30.97895851054031,11.73391536733293,20.670501528512748,9.040480188332788,8.978971114260313,4.396890696447358,4.748595112935371,4.725200629860124,5.853677678882396,9.035612887096397,4.638347836168096,26.971169511970977,14.03462608389373,30.97895851054031,7.273001213596545,26.83957897100232,9.186127632086487,9.249071289015353,17.055881785721265,8.330075470885948,14.799805229888502,5.281841091637111,20.622872936876156,20.185215578839955,6.048850067981921,8.93640544875423
log4j-1.2,16.614405827315224,9.75152863500609,13.148722974552566,18.201988286636556,11.045871108934696,15.150934141406685,15.156982792762312,14.042167694465931,13.388990905707088,11.888436194366088,10.497944570151432,10.433831425986902,12.795769883721132,11.085670911518255,15.68135363834428,11.069090651355605,12.398529452416376,14.143036774026303,11.410817160225287,18.00286962553852,14.723247588536871,9.952544408109581,20.236314854041257,11.39995682535841,11.085670911518255,10.682552070371003,20.236314854041257,12.130693022228604,10.675507114981247,10.711234273528836,11.437398589517057,9.665726924614898,12.907694188099116,10.548670713729862,15.963417220944974,10.611369896602527,11.386185439402498,10.687337217962183,15.68807647281481,10.859833980374473,14.563654924339758,18.183849130873142,13.947021768299846,14.512713124402747,14.432791500169808,20.379031928607553,10.552034060846168,11.712858687644964,11.28491082334932,11.079110556463933,10.68610563049504,18.441933879744298,11.142673331071402,12.450474186481975,11.121647108761097,9.802972704772195,17.36375646065011,14.82504370408577,13.245446776436525,10.93599198734843,20.236314854041257,10.334956708229402,14.403577131004218,13.271780436128443,13.147195978286154,14.202599317522226,12.999023557947565,14.143036774026303,18.14935619901259,12.919343011132568,14.373357303818116,11.599756698580288,11.83432178833816,9.823817066930967,13.9462110726055,10.022803002476383,10.497081276448574
lucene-2.0,73.72756452795494,67.69808613951537,5.848220291975039,15.311875212615679,15.898425130448386,67.04619692439854,74.60641204563365,62.15285536081493,11.842321773001657,64.08338883779557,6.676427532307823,57.181813265529954,11.974147184162645,14.594392994677941,14.594392994677941,17.496452117807745,9.710545089578842,41.50225879142694,12.232073668328535,21.494829080736157,73.85705709423436,65.48370889832813,14.13091730980438,57.403207212716715,5.955881776851537,19.770189487200284,16.823436218608958,57.403207212716715,8.637703285772174,9.972164921003266,16.154019298651818,39.388646143440944,39.82903134119881,13.706884191757775,14.051743861448367,65.39124369616101,10.079867095338425,74.60641204563365,10.669871782482296,9.112917219195419,57.295105993856616,11.35286566571288,19.72133853366876,14.593803884243037,74.60641204563365,39.85940173402981,19.6651830801129,11.946232448754902,15.887271664899227,15.596193691829486,56.909738668389785,15.535819103289302,11.35286566571288,12.29979717282933,41.566521775464814,67.9134566960501,8.660350606331708,9.226722030088023,16.02724577101633,79.13861684876319
lucene-2.2,28.085868099641797,148.27891496836344,30.1836140098499,20.10092407151675,38.15882422756314,22.31197505106979,156.67987296339237,32.3916969093963,18.296279512737865,155.9794775099209,22.933331492785573,113.15646713912246,119.07385293341405,30.978440493578095,201.42640541597984,130.74538685066435,189.8678466420273,200.0353094719962,36.12856537240278,163.56735206243187,33.44673680671202,16.032610990674286,39.783660871268644,20.43254612350874,24.246979755323746,26.427766622602785,18.06272210399472,22.92913519247489,30.953748950227137,201.439399366957,156.57778307925923,37.25100346609963,23.84030744266441,31.095247446461894,126.94376929664615,232.0116248838667,116.62920384803463,35.74723609978854,23.019704086323596,139.2140897000224,33.440962757626615,166.69000645366523,36.12718577703873,22.316124913580065,136.99350304808172,136.6193042918865,22.403598582594633,112.7717713438242,34.12534115217369,30.293543014219328,22.90934818907422,16.55632657078761
lucene-2.4,30.863922380775502,41.40092167309833,41.843620269846035,40.76471240802356,31.10480458834813,38.60760973166176,136.2581961452726,43.04789390751595,39.52906211863605,36.43635694248376,37.078943246274676,49.67955570527429,50.087098130329906,37.90801503877625,49.24920879851365,45.52000940614052,50.607699557325255,43.175795700193014,79.04393328218012,59.98780148096265,131.68155872969328,39.30489521041682,31.875372909274763,49.813494628888435,48.70771856048986,34.036703668030135,31.18781576085405,109.93773934342357,39.67556306177058,45.792384436268954,49.148984848105265,48.04828581323615,132.81831217563834,42.94863353964211,98.6022685469867,40.044328978012636,39.30489521041682,31.482361693587578,45.40095320964974,53.91952122139548,48.603036115684205,42.95538962128886,40.980286549008575,30.598009048469002,34.69865357069607,33.79317034599708
poi-1.5,42.115014207385585,22.79324401602007,19.371797306331473,41.99727561241568,23.36231449724447,22.907592314038343,26.002767963800824,20.42256952267836,19.622881141686193,22.54529703417739,23.75981857151496,22.750306616486014,18.927292778141943,25.13667309239156,19.137612131682033,23.000058796327483,23.001074505229592,44.052956906113636,25.107959195280852,43.488099938801604,36.85008023783758,20.13498143503033,42.07801811789855,19.57728329438349,27.388055027579462,24.895113385456764,19.25180838466151,23.329804986941355,20.05195051684314,20.517033520601977,20.341709249658074,23.356112482058187,19.490416742129298,25.03481842125413,23.64983883233434,20.621258350674623,20.17537862002287,25.956091991830622,27.629860828940934,43.42431436264725,24.921887075695054,38.44949507835091,19.52446835715439,20.76806817491592,20.929928138662387,23.014127014315463,19.156204938154353,23.440697919267766,23.264826404933824,42.22584075908606,38.47634948237226,19.37128931725382,25.01672417402629,19.92133203016641,24.866622465113124,43.90543275594545,20.558326379536783,38.305069418494,22.79324401602007,22.89458642053293,21.943627536190906,22.514961797438286,19.390167934050986,21.116077333989303,38.52728169494326,20.228038336953936,20.14856751518953,25.959519536478417,24.825628672172414,24.03878535492399,24.55814770306092
poi-2.0,37.06312380884751,17.732945048665098,18.39803641083357,45.1298330969382,23.914150238215875,18.992628817425505,22.04933210046308,61.40283592393616,51.214337701070626,40.018782838940666,45.310604807924705,46.75068707429982,18.98499109124184,31.40362026852222,21.01540053970542,18.848979269703005,35.28379943553761,38.40642602118669,32.93385161554013,38.84532150591451,24.563428540811767,19.160495830923644,20.329089417227046,68.59901821892144,25.132456050004226,24.449950397615254,35.773763389624406,31.75283252496348,36.262281855257946,54.89643522584717,17.674963684568663,35.80081814929839,63.52384756487347,32.6578124443812,48.31696009992531,44.842903879227805,52.06879366714059,18.351124987802415,54.36777218402719,19.54574966040042,43.869368787967375,55.54097096686811,35.123293792097414,46.47626695039056,39.27313233537648,19.835945170261343,34.1661690989498,20.448060845736915,23.709652317778524,35.90335992932648,23.850335328304308,39.02322527583027,33.92640024041331,22.603702573420303,30.366898848318467,28.43192089713587,36.6247212724847,43.86867622124864,24.82522323202476,41.557884750272905,21.595008504070993,21.68267257459558,32.846950117009136,45.97532687231974,18.090739711293228,30.272679856800217,41.78479952147841,53.02790756524484,31.49039033343642,23.887156372088064,21.530601282884476,27.026749862500775,46.851251611226424,37.14071748587921,19.512535087260414,37.87802470069981,52.722059380269314,26.144679711564866,61.93930960192787,22.103113214597617,17.347542825609935,46.218272062020766,22.17567908377723,36.28899480342156,17.59485419621045,30.902062108963893,54.45575734961141,19.400118449848527,28.16153151150178,21.823332690539182,35.76768016981117,21.68818489713619,26.061071287412695,36.15646128823423,46.083301316936044,37.684322329718945,34.54187751384197,18.224414213976242,44.64311876209986,42.2758444155656
poi-2.5,12.265871638081167,17.979369650078915,15.999596363311108,21.739617907013933,18.46382254234117,17.254073431543826,16.36379839935655,38.088252824778884,21.82330009074049,21.60800843410884,16.42165508075748,9.464174679709076,14.05565904845646,10.505534418579142,15.879768387636581,21.621609028442027,9.489969981646412,19.83157910895463,21.483771413845663,19.927237558133733,37.34807512396834,16.886484064109467,11.546371785092997,18.150014220363744,21.73116698651056,39.21570660088824,9.645760337083,34.29956530927021,34.86073480614238,12.5311951479452,39.554591228211265,14.792149447230324,38.157656601618186,21.488957673669347,15.86869076849913,12.519671034667246,12.284021922797981,10.307904729441475,21.826228681459735,18.317414816180314,19.60315202655285,38.08368786329777,13.436512964583777
poi-3.0,27.596601234288194,30.3325051024756,33.524123455792726,26.61869453918794,18.703927833304746,32.052321066579104,37.596823743036815,39.971450610629326,17.238526183125863,31.04998273256161,32.705057781185594,35.01793813565855,37.89948006776893,29.448064402740805,21.517780109528857,19.682732966146425,28.143192458695477,16.440431691140564,16.897919063770864,17.821262959325995,19.025300927581544,31.215336690402097,19.317625902242483,35.03636099341422,16.956742319686793,17.035260100163896,22.877985131835914,20.403476608600666,15.962641159213199,26.973213631993254,19.04880004887132,19.934333057642444,37.05182705302451,47.12248013845852,18.951396554515714,32.30626030811224,20.278296392357678,16.705230022548587,16.897919063770864,20.381132914556428,21.033814404943325,19.063938728796643,18.748283897893323,16.869230401153132,24.53238455328964,18.53797778259254,27.370250826007638,19.301824905179075,30.744331574412477,26.3289829982674,17.16598787880627,18.980128232526887,28.23172763637275,21.541471211344994,20.86930544253929,34.24343333022226,27.218084219947126,37.68027896584754,43.2935219727306,41.89879374562916,34.71758002196409,29.624133544863884,24.375544245868287,18.633867540427484,24.99316702932381,27.490316831126613,23.08135369310684,32.20447400546629,33.51543654936055,29.152892515224952,20.1653537087374,34.48661185457141,23.27396058999423,30.64861128538681,40.78968161681367,16.77852472043395,24.352952710695114,35.03561193807663,30.89468949287687,22.19810392829085,17.49404589722044,18.87394831727706,20.735810077190084,18.566416916019463,22.24586221176602,22.230516957789952,19.60524286903687,18.951396554515714,38.09019931518802,18.64147642952197,18.53797778259254,20.557664600938786,41.976183760052244,17.773221281075916,39.79666997249629,25.970128320579004,17.03481107048507,23.604024662544234,23.20002008171843
synapse-1.0,40.47693564914107,14.405823388998238,21.49473605573989,9.15012552239093,15.350126086397713,21.878711636697304,40.20776148797829,20.587351429092443,27.19095766866463,24.59527300603504,11.110964563816882,17.38647956346704,9.707857107883854,14.930024537332379,24.374222209779692,28.183637486828616,32.48921853155767,12.303916209455837,25.08468041221428,8.825289673911792,19.34051185737532,9.707857107883854,40.52245932525689,14.787891973046102,11.110964563816882,29.53953564174585,24.866915980900213,12.632142327535105,9.104039428956236,40.20776148797829,13.104704648671216,22.957967816746873,14.97945162755832,13.174425512416947,29.96810889971395,31.431412351903997,14.87229047046963,8.82532355768298,19.87716837207883,10.715851427068174,14.407605106939219,10.446026373730998,24.327845759495343,41.565990041454086,9.607504252318208,25.858594056872974,11.280027733384761,16.043472653355185,27.42276277117503,15.25863716391551,40.20776148797829,14.992941109335062,28.79062660842233,8.71791039813812,20.414680823511294,10.717761555037118,12.734417883284445,11.859442032294153,31.431412351903997,11.66130012365309,8.786864698298347,13.440958150553204,20.57470641317668,31.726628795616534,11.771353749715475,25.2215535510009,21.257145710827103,21.968749203079927,16.126426701548105,28.283642147632197,27.61719528840073,26.78715161558718,8.731456694961354,19.344317517547243,9.64105498609929,17.606268895964075,30.691433448621083,9.10158002348013,11.369501553317056,41.565990041454086,26.49532606633713,28.669788589729976,18.833662410065138,12.130039596633845,9.834416589206254,17.145497090392656,19.01403941790265,40.78683672511529
synapse-1.1,3.7036664729950677,28.140781481174912,3.303452805245004,13.590606207763257,4.795600496692576,12.324092337524569,7.424764702399364,15.323844790288497,15.328093244546531,15.346292077837504,19.164081296832162,20.552173225079958,4.297627294633474,24.001288385793966,6.95591983453667,7.6597061185002,18.79185764644933,11.667401404253168,6.308884803285777,13.137279140921786,5.959787242076348,7.844693805833657,4.529891035384096,5.096875018360301,6.440925624777262,4.714476006224964,4.3628031502796185,7.614167199921477,25.207550834949906,11.913540675152596,22.964029573698493,5.127004568910505,3.4847918607091444,6.9564894731338605,11.199042555737709,12.319660388905932,8.45270066973663,7.917816105244546,8.07317892337237,20.570704122279487,12.077647352592665,8.026491405459389,4.668991895393643,20.10900866593398,24.70723244767586,20.60499180233418,19.24151124300529,24.182383943126307,9.54001316553075,3.9271122509972702,4.166668331606133,11.85817675985963,13.608769215911947,20.72460802238468,4.683075594874873,28.078960328964545
synapse-1.2,34.758347626237054,6.200826984168373,34.34693753985019,6.451548337250959,10.616337246245855,79.14838471030562,46.06576076571351,27.56514700743444,78.25829715415574,83.40826219902964,7.934020192732823,11.435744936619956,35.41467836407182,6.451548337250959,16.443835018452052,6.451548337250959,36.59569335270655,6.5948960454539804,90.02424665623094,11.55305528716411,21.659002635932087,30.64757460754142,21.45223316694026,40.00087311146557,7.497849826787689,21.464843649133005,6.459534223042488,27.599443049909404,10.08201055194303,83.62340090651495,21.659002635932087,43.39752514883162,26.3760106830658,6.094961880251362,36.05390942137356,9.883188972884868,77.5285170311891,83.62340090651495,20.298152644184984,77.60417641492133,24.64773306295047,41.05145332906605,83.20909957085172,5.731961374248867,81.0778864467942,37.52329351273949,24.54985479629239,10.57229219594336,10.735242195707688,19.930997008305724,33.58069505463818,30.811882110691094,45.53350689952531,78.71689150946864,46.54669463266041,37.73834931515845,16.881879789049098,19.940431020152488,30.523758236364053,21.648201551664638
velocity-1.4,10.0590201882705,10.661670648928007,8.436926806816713,43.70562861653779,12.103002898276609,14.679799568342062,12.00207411876746,11.052604948086712,40.62196694066816,19.50724031380954,43.60241441859258,40.91342254539675,24.288839119669625,15.565594942332611,13.580030888253896,11.658213315600943,42.90306581178262,12.04025719913805,23.86367958524193,30.485407800007017,8.056630545116693,42.90499859963615,15.677087779894565,14.652225934353947,43.14074610838346,20.436075558561,13.889782014920451,18.51597699850168,42.82309457797352,41.782078265531666,9.172579136362328,24.288839119669625,10.692748855535493,22.486052680357865,8.89075694418425,23.26055778877204,33.86562418135225,10.018951089376344,31.53504858824973,12.164454559923072,19.72919643769879,24.288839119669625,9.842008846764713,19.62226647430333,8.904314054902162,41.04372774011704
velocity-1.5,22.387838897209843,6.117465228858548,22.59422172394922,86.95337827218316,22.455018148663346,6.1292920069046755,6.19875198483992,24.338426854087974,19.860639894100558,90.43959305462387,11.614933380437268,22.35024592855561,8.345157169697346,87.74090895292127,23.649964259500646,21.547461446782435,9.02881986380839,4.983426285074338,9.00845537839972,18.98850418465692,25.390591240537365,19.81351642465166,29.724769070201372,22.732045673710545,13.623531364806373,23.974482034478424,6.952335085742579,6.1172892938374215,22.59422172394922,24.703043382750387,23.85695772933115,6.049852360811423,88.344288055054,20.05195316413154,94.24228889883949,8.524537509422169,11.604960472883908,7.313256937159629,86.4543068951101,21.53849316482076,19.600411301151023,19.477343274879214,23.159586915519846
velocity-1.6,21.020607411225832,71.53636915118338,27.238307653523986,26.40629337075259,34.636946582960704,70.53012636247577,23.707509644389123,25.136539200420756,71.4412166773985,33.493553174260434,23.539520925730134,33.511338301513184,24.181393949702652,29.528111673529416,24.855003688253955,73.6445758281364,31.069082090652252,30.216374941638442,21.074856746249303,26.395448766405877,25.727103132372832,30.508959440974856,79.85333269472997,73.6445758281364,25.8298291976498,81.83904397233333,35.62433103414413,35.190199422196955,37.237400618795306,28.725347908457273,23.45308151677636,24.650911787637572,22.444391212005158,71.79073667587036,20.522959100812564,21.803384718825644,33.56170956058205,22.653063409692468,27.470399831780508,24.738556726029937,26.816449545663794,71.57271427715709,24.695233456282132,21.228954029747403,21.797707500730475,85.6265055357426,27.362172134926396,32.703715924652236,24.855003688253955,24.167857434425567,82.19740448762235,22.427771153019556,80.96795744411564,29.147644755739815,73.20673091282846,22.09617183284282,24.855003688253955,71.53636915118338,26.902960187048205,29.957070484899987,32.4646329817052,24.855003688253955,23.89908850927201,24.855003688253955,26.887986894994395,79.14955195633375,26.887986894994395,71.82636793678925,30.7634373253179,37.237400618795306,23.382462622834606,70.1716891082966,33.2404767823801,22.654785560291057,71.53636915118338,80.38099465745962,38.284977643636644,81.86705863154269,26.81674847942926,34.07178395140624,30.185021880405685,23.640857556412243
xalan-2.4,10.850605198248186,650.2406815772803,306.8141981280611,66.13619159237174,10.844512167218735,27.11210853890014,680.8884068595931,98.33478452133623,18.162172748683183,633.1778833839136,73.01032608262898,15.188696543314787,765.5290555148702,19.005781139903206,225.0263760801689,79.5050745997653,18.049682318944097,313.96677427991267,732.4434491903901,11.223353907536938,83.86293670991711,11.930416073144388,622.478466965491,11.424467280720213,206.4565567512137,633.1778833839136,745.8650428524495,732.3450076030688,684.9612693145002,24.471707395447957,750.6125835166765,24.11368671877273,750.5244130738818,51.69826868776095,84.5912433976169,73.01032608262898,12.653237580783923,22.672397752746466,310.95431487199346,221.0469964081489,26.863189821742427,79.26569165441705,26.740936873435224,11.1171281839073,123.42787291742093,128.0591487592626,633.1778833839136,303.538200946807,15.758013035653846,24.239401001653547,30.772416500744274,51.62732072393237,24.924204183932197,263.55755506193486,279.60742931106626,10.859095122708249,18.162172748683183,80.66531253592527,765.5994539510715,680.8884068595931,630.8444322221335,319.0668929397067,79.09560608583156,10.888773685911694,57.47549359485373,11.013644591701729,23.900151254416024,19.14430449628784,750.2825409047656,21.297291330808314,696.7273283179984,100.36458546416456,18.4207396564885,24.116078960665966,674.6345171048097,18.162172748683183,19.66121749825643,79.37160891200031,15.417532928177906,231.82691122451052,19.345420180782487,227.07174566165503,81.51978151944415,73.03438636150132,15.26010967685779,73.98517948854736,17.223244712470635,100.80784135864036,777.3280854025596,84.56929809328105,79.68093306021285,674.4134173933979,21.176357886655392
xalan-2.5,14.13278407826984,34.67436420345399,66.5793378296306,56.89808551428976,108.20453284588001,14.119576957208034,8.010759828315415,37.10384758635279,6.192146479767924,42.232678593199054,46.79111718261707,53.633832219149205,50.62016961643518,31.23476129394156,19.41648277397419,14.442690243636,38.21291335445689,14.494106108127227,54.25138495690718,56.077871019888306,6.602991907212154,8.167627149272457,17.048475325934994,31.027021386469055,8.123375670380678,52.19153168401922,58.91883522569642,46.79111718261707,44.40449384787789,6.1639467391961675,6.067901484000493,6.110445306728547,43.66575277461995,39.010542401370444,6.192146479767924,4.7659689762721005,16.903781380755387,33.409126161817994,6.194130642747221,17.311576026129476,36.916706801416645,53.633832219149205,14.744887687528752,8.173364073641864,18.612826230409684,41.879637010134154,7.1745341005991925,16.89218607303785,69.93361649298951,6.2934998221070195,18.455384045101166,31.80817419303698,4.461008308784793,42.232678593199054,14.162816980360715,73.12252929304624,36.5663080116121,54.91016526455331,107.16452904716934,6.353503828236861,7.80609862466239,16.903781380755387,8.297844143172355,31.762418173214556,66.53187223489945,33.51018259816939,31.09562047588349,4.753557478441663,47.22592019298869,33.76374490341348,36.94308332752811,39.06180056749592,108.58773046364539,31.138918977199445,63.85255873779439,18.516691962102428,6.602991907212154,16.758982277215736,55.15950066828002,16.83254566281156,14.065245445609055,18.607786657849847,6.35815751743464,5.537557884278732,46.79111718261707,60.77006069496478,37.60753856724769,6.187265213553837,14.646143246323172,17.032556264621327,16.830065884268393
xalan-2.6,253.84718837412353,203.5150801973969,12.544802733020822,54.722695638477646,284.96437300718907,188.36362111062533,8.4302713428085,211.66568061392186,11.672582178178848,8.664864392117485,37.246495473079605,278.3024057677967,30.50136134705024,352.38247763426097,9.395043621994816,15.126178086288158,229.22365402975237,219.89806091850667,48.76749149519257,14.221747617266784,193.01030702273945,38.10942133005168,40.754324066411115,214.8483695515912,49.03116663186836,183.87121136065753,53.4839853026633,46.97506026878697,320.8714527037722,9.89330166418354,201.45253811134393,42.37418213639076,214.0459507311516,36.84700373283876,40.763972005556475,54.51102127837747,426.3368708019907,263.1770615342639,38.5708565237904,289.5387883572714,37.488462593527125,39.1731977480097,336.9343296927054,308.06671946518435,223.94519277423578,38.143707950811525,35.94846333542743,295.5745009991948,7.926450737789321,38.109182112277864,233.41752781988677,196.1314199444037,56.96803420973013,10.64371354513331,40.89915871650753,15.442081440506572,57.03293183165637,250.8356780809471,188.35534143358285,222.246646242238,51.609207187642404,58.31465541022289,15.949974349714964,222.60868889736983,16.006849316228806,455.6442621052219,218.7651774034314,318.7090248481189,196.71666683176377,38.64173038458164,48.33936045090586,51.799188303169956,30.6183236605618,12.839081233386755,47.237061554903775,231.46942220733038,36.43340669812104,266.19307070514037,38.787027022007855,9.422529765482242,35.21562107577829,48.90449610499246,254.36421776188115,12.153047546608311,37.22465877358736,297.89771535682326,453.86435340184454,198.9529293881806,423.19872626013864,222.5069130252782,193.00929970747637,30.50136134705024,42.089111817696796,194.8159408609858,352.5283891089266,16.475363456495327,318.70817223321654,15.724491414439957
xalan-2.7,429.39982922722885,352.3185059569457,51.459838540918305,233.59088217772108,144.62864722901585,234.59234388586646,51.2296500054174,50.51517776164296,423.332922893003,33.49731720593338,292.66088674183607,287.55181249731174,57.89091416848007,51.013431419534136,260.7761749528496,143.01727057063997,238.9773163160496,307.98480440704975,98.48780797148515,271.03102292903975,31.07758242041746,260.09172739779365,59.294906921368,50.89756385705449,107.68544172963534,265.77445962763676,31.598429008980283,143.01727057063997,95.44984208595696,1109.8767037668163,289.87101975832263,285.41908227035975,425.0901181737074,98.79604519822531,251.82453498034982,397.02599727836423,228.6532464576367,297.1885112326363,278.6217424183403,252.96303161997093,1145.428307497855,276.50053230261705,54.72715717304143,299.4132193140849,1144.3022878738532,253.90835916292116,108.37504615302538,299.81265484560777,49.452365984161254,95.02830103230785,348.73496937161445,31.31228720449531,316.7722757488523,33.943932689521745,1119.2502505503996,30.0306099186528,242.5103955374863,95.06219041550553,68.20560266105706,350.4976334805053,143.01727057063997,33.15310683808021,50.51517776164296,252.6783579210121,312.12314613051973,144.86438619393013,137.42509735021255,256.34792689722536,51.565466025803765,250.69090733101197,53.27464629098092,283.2995361759196,1123.7323670127846
xerces-init,33.200477308291816,33.33049787451729,41.85494663985899,31.41077479749678,42.80649467131826,28.916990906385394,35.846641566635405,41.41180375776923,51.06968603465233,41.22723188502516,52.82134392664963,58.958922862787034,35.73476210999106,48.305965754144054,26.5520758888743,36.998329805466106,26.514701204575744,27.188157634025174,39.07536369211578,25.053748142743068,58.97123347690752,26.9385701371557,26.944653241427233,45.91885289322381,52.441770484367744,33.09880914897652,39.002552985955255,41.213755831277645,34.73685689279544,48.7171465641341,27.47935032744745,26.944653241427233,31.172354753684925,26.53563402896435,35.96206266023114,29.570101071677914,34.132358233186324,49.04355305097648,43.01810501757016,33.200477308291816,61.34827888945885,34.65165770259206,34.98854097614074,27.107547775579746,36.88266576419507,57.57828215964335,48.305965754144054,52.621517909309645,31.79020888482572,43.187180966570246,58.51350475485814,43.32912135750305,48.305965754144054,26.65965056783125,33.200477308291816
xerces-1.2,8.330268419903254,8.321725341789746,13.03366801802924,8.61814424957153,10.59421692926925,8.900890570701689,13.578043524908665,12.661716633775972,7.26088928992285,8.95509572280811,6.8329196938176295,13.748496351833376,12.098593489596613,8.807576763176481,11.246630091053781,11.568708310908313,10.5577261978357,12.157424962473694,7.856086177599776,8.838019015999313,13.187580562713247,12.095179423991045,11.576774586531954,9.174751536705541,10.569343770175289,9.665812122734307,8.23698983382458,10.045915004941497,9.576236056284342
xerces-1.3,34.02411124402079,56.51523137135097,23.57596405050655,27.224274914000308,85.49611806294895,24.36918196563824,25.007952086998404,27.17239161613268,27.4736998642459,22.1677547480058,23.59587390462427,20.127096372658503,34.04257872454346,26.001271874043415,22.873341746139186,25.324254935737073,20.87172780268857,56.82727047766541,19.29851454353738,19.97943254521282,26.44330923160141,34.35987147000315,22.105168975083902,19.45405830923713,21.877103307682383,21.764323109265995,23.57596405050655,71.47040057452804,27.784029941180904,34.36046437300569,25.990365884487655,28.13130568944107,62.001039726043366,20.235444370237957,22.444379994657282,32.0325034373166,23.265514816169926,83.2081215705817,25.521327943363453,57.683401190459854,71.91749690141229,20.109731840393803,72.92141091105876,27.47713260504842,27.654939273040007,24.165417071776456,21.354033657576057,19.120890815214153,59.25236980893786,58.07813788338356,57.15302232824228,20.2132470967742,61.907341225440916,19.091476113811645,23.57658816765733,70.3939491642343,62.140047613765546,21.374951393082487,22.422112550951823,34.061574626562475,61.38553887951174,24.454019967283696,21.694359054707167,24.95605200013356,61.44820006533413,22.017958439668877,28.80550584812059,22.434776980197576,21.314793192897028,57.41845952892493,26.222469392005802,19.028544827259687,33.289813590227475,21.94298257479238,23.57596405050655,64.16166747131898,23.21690391666918,19.94962678050055,24.24180720402066,20.0700881307898,22.241941321796055,63.137508555966704,23.283671499220382
xerces-1.4,15.968144533984525,7.087693239493862,112.95937905709889,5.26304723049796,154.06873277409622,98.99176086463667,109.07277087828528,5.116543359225649,110.3515109023937,156.49218153623704,13.427641246583365,4.367122690355716,98.72167964304552,15.968698764580294,17.541262560480728,168.6520446964659,102.96505491734852,101.38182804245632,105.29270945646735,122.72331342407334,143.0753695636861,22.81166604329881,170.41719777845222,119.70912439539447,100.89792770849893,100.5303956136103,15.20098176477747,8.420470596075994,107.66006407330686,109.24810017504628,20.51218921496636,112.03446398944969,103.1024442387361,237.0532230330662,98.99818016110733,104.04461517752966,12.919600371797198,105.47678542659612,9.079014342396446,107.40747350601973,8.230129133893218,14.725454208512335,162.3281666711174,9.907254817917778,12.06794897092637,14.960802360634553,104.67832736411617,164.27864183244435,9.154020211352513,4.814916792398507,170.41719777845222,112.90281994926812,101.20679066891718,158.88476008264703,9.028137225929665,233.28279125543267,120.69103603370428,108.85260961532504,104.28417757126815,18.47608769885873,118.88232185134297,106.55683008659197,104.67832736411617,15.16724833017858,103.55154156686288,190.706358780651,5.014320823569395,5.028413874122512,14.845450981212354,15.209549093997355,13.728444885974394,99.67847546161913,108.38474521897324,119.15929437677563,15.709284334008407,21.701091704943323,162.26142194378335,101.38500385244048,16.338808752228005,8.954803384006851,15.70958414169943,161.77458342893547,4.367122690355716,99.94870809317455,233.2564481398679,169.05212661175904,159.35170546410748,103.90404476575185,108.5768842446466,6.929364851992753,122.29651661484735,8.04136150060008,99.26322335267085,106.94005634821487,9.907254817917778,110.1625577472358,9.409648457130361,162.2495166679599,152.27099624450196,167.3954931290541
