ant-1.3,2.00782286,3.650621851,4.238918298,2.003510429,5.394931317,9.007368552,3.004740316,4.169912105,3.005461137,2.004301295,2.023702057,3.015596558,2.013971846,3.022838771,6.647862355,5.394931317,14.51707302,8.562933824,8.13456859,4.334792171,14.7482121,2.006560193,10.66550919,2.013971846,4.968035336,6.599817437,6.433158707,2.019562875,2.004301295,3.014964214,1.001935488,3.022838771,3.854296672,2.000821229,4.446784931,1.000016849,3.015596558,8.6793689,2.80634541,3.014505524,4.391216538,10.20876335,3.027066279,8.691243721,2.825406802,1.000025171,2.647624352,2.001555325,2.001555325,5.806908983,4.377439169,2.91549515,4.657846374,1.000057354,2.016146273,3.014964214,2.906615697,1.000057354,1.000053176,5.079965971,19.28680565,5.834082618,4.258540407,3.576984746,1.000105387,3.576984746,6.599817437,2.019562875,19.28680565,2.558834662,2.000166624,7.216093551,6.365841319,2.578209091,7.374178665,16.09797196,10.58011588,6.726846077,7.718492651,6.298590882,2.741236647,3.673092988,0,8.562933824,3.014505524,5.503603422,1.000053176,1.000105387,1.000016849,6.20471677,8.696716637,9.248416515,6.085134647,2.000166624,1.001935488,20.14799898,7.374178665,3.86801755,6.800594672,0
ant-1.4,3.523667262,4.571886928,2.163840423,3.984066456,2.575224178,7.138756442,4.689491077,1.000206111,2.050582585,4.064882982,5.004223221,0,5.669005935,3.31728686,5.029100539,6.767787396,2.379897855,8.526455886,3.42812496,2.09633223,2.010092944,3.14164468,3.113768159,3.130341181,3.904212558,4.276128413,4.115352638,5.219384867,3.731736798,6.180901479,4.644647055,4.135505726,1.000206111,2.006416557,6.001461796,4.451605681,4.385516843,3.065707299,3.883220625,8.504064685,1.002395998,6.371296883,3.218432288,6.624384878,3.224514433,7.215895272,3.655839217,4.864567591,4.851518524,10.5338596,2.065714778,6.408908672,4.851518524,2.270944416,5.496731698,9.812225731,5.172692865,4.710958748,5.440988959,5.172692865,6.112622598,6.760740486,7.230598532,3.302696172,6.001461796,3.786683592,2.775319654,4.227111504,7.138646091,2.326970328,10.54386708,10.91278718,2.004841437,8.496228004,5.368530807,0,4.388954068,1.002395998,2.473244706,2.007927766,3.225242078,2.616358939,5.163790905,2.065714778,5.083863321,6.515851044,2.006416557,4.07551439,4.490532816,5.320431227,6.707276293,2.08595996,6.18423671,4.733379171,5.324917717,5.230022242,6.489776012,2.197778695,2.04586275,2.209009151
ant-1.5,2.0840367,37.77523012,22.80871511,19.8803802,21.5910062,1.001120425,2.134056326,18.86201374,16.87687589,14.46425709,2.246091702,12.36434071,19.65502097,6.114392568,0,2.100921812,1.007382408,5.446450331,2.149752676,28.39720682,1.007382408,23.21206609,5.239052921,28.94297056,3.934367018,4.537264348,13.57267796,25.25115774,36.8871051,2.030096254,26.18223504,25.46058754,22.86715009,31.75079436,4.413674025,2.027856873,23.19009247,11.94909621,1.000391442,19.989592,8.29084136,3.231258024,10.05648694,6.39268481,30.34840241,34.98963251,17.25424299,6.236909951,2.04788739,12.78968218,28.46790852,21.04510381,3.102243328,28.67649683,7.366892755,11.35158632,8.633357022,17.50885407,37.77523012,2.0840367,4.052989455,0,4.28983682,6.364216906,1.002603016,25.77617306,35.07332277,24.19552144,22.37085662,30.36485595,1.000605371,21.42044003,7.366892755,1.000605371,30.39175029,19.25494156,2.008814794,19.83969965,2.011298453,30.44112057,25.77617306,20.51477784,16.79861943,10.64045226,19.9021825,25.40838719,2.811131117,3.318032598,2.392757941,24.85060256,17.60414906,10.27856704,9.806548995,2.027856873,23.20895789,9.831216612,12.65117248,18.28267423,34.16002102,7.916054417
ant-1.6,29.07987563,4.124734417,22.51013789,2.068414568,2.001269103,2.809573911,2.023759702,2.001269103,3.245504344,3.195953743,2.064626514,29.09645428,1.000488451,5.838224402,3.068703559,2.121840524,13.06255243,9.143627697,1.00049587,2.004020433,1.000286695,2.053888875,3.03229366,3.004882423,4.61466686,2.00083282,2.004574257,2.305567786,5.471904085,2.000148565,6.280611615,20.93941478,2.004165438,1.000034452,1.000034452,3.353323624,2.37561338,2.002464998,3.036249114,1.0000387,2.338147508,3.807064365,3.010428349,32.84090864,7.823142349,5.402423518,2.023759702,3.22153237,3.277079957,3.864076286,1.000151409,1.000304121,2.274198822,4.142562141,5.429010819,2.00072557,3.639857265,3.002532111,3.108254533,2.010152314,1.000304121,3.108490657,3.372095934,2.00083282,33.57702934,6.323119635,3.045646355,20.79871394,1.0000387,1.000151409,22.57917516,2.351577468,33.57702934,13.01674875,2.846397104,2.065272222,3.131416869,5.402423518,32.9265502,2.282778733,3.235917031,21.00148616,2.012090926,12.37964827,9.143627697,2.000342224,1.000488451,20.7964565,3.691216398,2.559960409,4.05676284,3.03229366,3.247471565,3.360362459,2.619138033,2.005435113,3.372095934,22.57917516,3.813639756,2.015420031
ant-1.7,6.975841315,2.011814234,4.288812702,1.000124108,3.37090181,3.65441117,2.005470667,2.655729996,5.356115841,2.553749843,3.40828977,1.126179299,5.037430249,2.210909361,3.506131929,5.861315741,4.38035089,4.6537315,3.619047612,2.241757118,2.483586763,3.212424573,2.11939059,2.070832919,1.000014298,2.002326084,2.115502672,2.316844742,3.501237167,5.037342879,2.036011537,3.648535385,6.272876704,4.557768366,2.07141225,6.553063118,3.546740806,3.381403652,1.004034311,2.147303204,2.117219771,2.125018278,6.651004766,2.356208506,5.871992383,3.565755502,3.896366822,4.349514595,3.55822329,2.151613971,3.335922923,1.126179299,2.421197967,2.475418653,3.315268195,3.530309649,3.698773049,3.018957276,3.216691261,2.676908234,4.540351912,3.579100389,3.565755502,1.000014298,1.000754259,2.005477473,3.328449652,3.517271187,2.621685753,4.837349921,4.787706573,5.613759019,2.082399926,3.018957276,5.536835597,4.362328253,2.008688402,4.122140918,6.669520757,6.496102437,5.259792419,3.398820106,28.16321921,2.115165805,3.669329191,2.220737553,3.276510183,1.000124108,6.475682343,3.960642079,2.400730578,1.000754259,3.031528872,4.340230974,2.231818905,2.53143298,4.463609528,2.003920183,2.113322213,5.928122686
camel-1.0,7.556882186,6.489058855,6.412275304,7.193604902,0,4.90928986,11.58963826,11.11233575,12.8887984,4.824344653,5.938349162,3.149396249,7.278742721,13.23296818,6.607414132,13.69664512,31.38357713,10.99781785,7.594329942,35.89689563,7.391215656,10.97350276,11.08840712,7.015706239,22.64953684,3.241943863,13.2805459,13.30763697,22.77010989,3.276546698,9.544885713,5.818912663,10.8153019,6.342633893,7.677803592,15.39304398,8.18501187,7.533885618,7.518384033,8.663211951,2.015856173,4.568812468,6.331655683,8.106901279,22.35894969,4.837110145,13.37031348,6.959565007,3.241943863,5.51328808,0,8.663211951,1.000631074,7.553867805,2.094290914,5.4441391,7.70660265,6.703312744,2.454691133,6.467821196,35.99091739,6.412275304,3.479556893,13.34904339,4.699590252,2.454691133,7.282193558,6.445152286,7.70660265,26.15585505,6.064501446,4.508497557,7.073053016,6.076013847,7.009317521,11.32798051,32.45758874,13.1200133,4.592666122,11.59811162,31.4751782,7.647915679,6.316444026,7.553063445,7.269685195,13.2773974,7.796400335,5.630809314,7.413707791,11.32798051,4.935795143,7.836176244,5.578494215,5.525988294,2.094290914,7.697321843,4.760068187,1.000631074,5.92854396,4.747900408
camel-1.2,4.988831805,2.396112179,4.333540869,4.743327648,2.01230835,4.050781447,3.337500454,3.344305126,3.84041432,4.973422065,3.916650183,3.372466254,3.889160401,3.04628003,3.082904216,4.32051935,9.304905507,2.045413579,3.183098759,3.015661488,4.165514997,3.052261235,6.484237098,3.154518364,3.933754088,4.813753169,5.944827085,3.945644144,3.425860021,6.424244142,1.000075138,2.249351467,4.768612545,3.238111337,7.571161625,3.765445523,3.806140209,3.850764047,4.978224075,6.337758804,4.922461593,3.015661488,5.281106609,1.000075138,4.508341256,3.406183278,5.56817494,4.977228047,5.56817494,4.857688262,4.723790445,4.039838406,7.571161625,2.242941354,2.030257177,5.000903151,3.238111337,3.278208766,4.536092318,6.007016102,4.575762678,3.405065434,3.979194559,3.082904216,23.11922154,4.857959117,4.922461593,4.951567468,4.374494851,3.051999965,3.051999965,5.012941265,3.372466254,4.462823838,3.84041432,6.062726939,3.542629198,3.173010871,5.039499911,5.482129918,2.396378401,2.004125262,3.488094375,2.78234829,2.018039679,4.120002755,21.80709998,3.86948437,4.455884561,23.01157096,3.771988458,4.2649093,6.208598613,4.874098255,2.007886908,3.288460944,2.030257177,4.50194378,2.249351467,3.021820539
camel-1.4,2.008149484,3.05128541,2.239331956,3.077154556,5.066833526,1.000651315,62.70651343,54.79618183,4.403916152,3.98046861,3.025769764,2.004211529,4.033837447,3.325447039,2.010759793,4.303084298,2.347961556,3.735089234,3.252558096,2.027960851,5.095034612,3.656071573,2.463934607,3.05128541,3.027874078,23.59025107,2.239331956,2.008874042,4.617353034,2.416383561,2.416383561,4.023886258,2.350538717,3.504556626,2.392744036,3.024796933,51.84814193,4.77095264,63.31504302,3.270496821,3.268213325,3.345514642,62.94999846,4.063352805,3.422287279,56.76468037,3.014608738,3.745550717,1.000651315,3.089280678,1.000091532,1.001453171,4.86891211,3.447957845,1.000091532,2.003657166,2.463934607,62.86685733,5.085737673,3.402996899,2.3761578,60.5126899,2.680035908,4.418439784,1.005213259,60.85260123,63.31504302,6.452465677,2.020087613,3.693764741,64.34126829,56.0929227,3.064519424,3.328486661,2.003657166,2.205823329,2.027960851,2.005424415,2.004211529,3.027662335,63.23200831,0,2.008149484,3.115043558,5.062142683,2.016195819,3.016923693,1.001453171,23.63838848,3.107097469,3.107097469,54.88602743,3.128255353,2.049010411,5.095034612,3.024796933,5.047590349,3.055601639,3.020611635,0
camel-1.6,4.657884923,2.126021284,3.738082986,7.129244769,15.86578938,16.97670611,2.360323384,2.826759464,2.139087277,8.555279291,5.49066972,2.705049834,5.860098122,24.69851008,2.52527243,24.69142894,10.57619782,3.775047811,6.440872547,4.477961399,3.393517959,2.971399094,26.98370713,3.180219646,3.239068008,3.950974245,6.321531566,3.119584633,15.05684973,8.54692339,5.552128643,4.199562084,2.542159581,3.319858335,7.794875107,2.699285393,6.311211336,2.303739127,2.241195264,1.000919956,26.99323368,2.225473537,5.390752478,3.170848284,7.414605352,1.00040686,6.583803605,8.698358175,2.331584853,2.289695663,2.915142893,3.902833395,3.213835602,5.149673246,2.091524785,24.93253586,4.609487714,8.735533888,2.120481103,3.818389105,15.02333594,2.726287568,6.431020854,26.99323368,7.628073386,6.445205925,2.159836584,4.484631626,8.732516837,17.58828969,2.022911081,3.148734066,7.611299572,4.683347904,2.542345367,3.924245859,6.45675954,24.82853073,2.124673543,24.93253586,6.439149266,2.171021737,3.214980034,7.389545664,7.832554993,11.07125666,3.299656395,4.499266197,6.023866304,2.241195264,24.81208251,16.95687716,4.374391232,2.655128684,2.074821408,14.81166762,7.277733433,7.909922656,1.00040686,7.286712623
ivy-1.1,11.02742815,7.055775384,2.028709288,4.650277793,7.27069469,11.02742815,6.910133143,6.825902588,4.386170006,4.613098325,6.355184578,5.858821297,10.95260833,4.798159979,6.920310812,3.619304992,4.080364597,5.638030101,5.773255039,2.27932888,7.538957802,7.382029204,4.445114225,5.469982183,6.978712158,2.722862743,6.957508662,4.407261207,5.535275148,4.412867195,3.478985026,5.630150523,1.001015573,3.044073449,7.645901392,6.205239391,3.626496517,6.331266608,5.630150523,4.119184704,6.382887966,4.688359967,3.155541135,9.330937979,5.557654095,6.893457513,4.484778211,3.027150694,8.187447162,7.055775384,5.734536627,2.093166854,6.860832622,4.934251406,10.60792349,4.908466511,7.192718192,7.988583313,4.964118733,3.049473304,3.959455437,5.894672488,6.894380649,3.466583672,4.485713754,3.626496517,4.126806045,6.331266608,6.02942711,1.000932299,7.842159315,6.83845741,4.435691913,5.649832466,3.636459299,4.948335946,4.485534713,3.049473304,5.102409771,6.192082762,1.000932299,8.061160475,3.251799923,4.56501248,6.267280676,4.152936648,6.83845741,6.472560965,7.647387596,7.105515419,8.083563345,1.001015573,7.0089432,4.439107941,4.723898699,6.132158905,5.661565715,4.54731086,9.135695404,6.210943182
ivy-1.4,21.9438924,3.096131025,19.25510371,1.000017164,19.53972677,1.005770028,4.407871628,3.045973171,8.706212874,0,2.023431485,10.71242625,23.54236872,10.53515303,3.315564453,19.21183102,2.245698868,8.248727012,14.41759963,4.078521216,19.96297381,11.81523896,2.153793757,8.149922942,13.08756776,2.107318275,2.286673251,3.164801627,7.732844541,2.418683025,18.21438997,3.080887874,11.00161264,9.918930563,1.005770028,2.248197448,3.019108363,16.1596195,2.253531444,17.73354127,17.73354127,12.00689401,20.0106666,10.60759282,18.54543402,14.87337686,12.26618228,1.000017164,21.09482545,14.54595248,8.881456137,7.8623633,0,10.51092368,18.19206832,11.91765984,9.089188506,14.75564502,19.96297381,12.71908945,10.32595266,9.462819071,23.1481967,16.70947437,21.09482545,2.018402041,8.191484297,19.35227892,8.585298887,2.478695889,18.07869905,14.74164715,9.331788109,1.003987731,8.053585873,18.244071,11.07974793,15.10388547,18.42524947,20.05372478,16.24461174,9.729251635,4.452895352,5.513342698,11.63994862,2.039912099,19.6844093,5.513342698,16.36775807,2.088825762,7.934342416,20.73599718,8.325156162,4.447281539,16.73977996,13.96860639,18.58629596,23.54236872,2.024202147,12.77941187
ivy-2.0,2.073599839,10.25059306,12.92357715,3.037237086,6.41651221,6.993990837,6.614198756,2.092933101,16.26597244,2.117149354,3.849142434,2.121713632,3.100802371,9.725164877,3.628468976,21.13685982,2.074473273,18.89141865,3.037237086,23.92203967,40.25391441,6.02798878,4.960137295,2.104264573,5.349829518,2.021789676,3.437119104,16.18699063,43.82760429,15.83516187,1.001502342,44.24252413,8.91853535,6.957640329,5.679871621,9.719163632,8.448560766,9.771041946,0,6.605653144,1.005163321,8.655729091,2.01570927,25.900903,11.06169447,13.8922081,0,10.6303046,7.016418829,4.997909054,44.02885795,6.951376095,3.252113937,5.694643272,3.838972296,14.58776409,2.016891486,12.18539444,3.992896086,2.048645063,5.107935525,3.472153893,16.592994,8.671217305,17.51045524,4.285765011,3.094938229,7.599141509,5.327104265,19.58069708,4.740955882,6.589579333,5.90577296,5.118971795,5.036187442,12.17618345,2.072829595,2.171448664,44.02885795,2.016891486,5.910181164,13.92283042,5.569442192,7.782062976,2.085050351,2.670145875,2.033778816,1.001502342,25.96678562,4.001660797,15.55873941,39.95333185,11.67851342,2.611843732,3.47031204,2.220911012,9.068919015,13.44199136,11.06169447,9.16156595
jedit-3.2,8.972190736,16.69035534,38.11531182,2.885635156,16.56507697,7.593780898,25.39078807,8.172236225,20.5009899,32.97543431,18.86173817,10.9994073,3.932300255,6.313193245,8.834296958,37.46675801,7.390287449,8.958631863,32.46471239,28.33813839,7.618206342,21.50250309,32.51488302,34.65904364,31.76169966,2.579842501,11.15128751,4.662123778,14.11952855,8.122258133,28.58457029,5.912231837,18.17070945,20.54709086,7.821980787,2.579842501,5.886864177,9.268323288,7.268214513,7.501525149,4.216136127,8.761974174,13.09140855,21.97823336,8.783449181,10.21486067,10.30072696,8.859371494,17.19125956,2.92696208,24.98733816,4.024672208,10.70160761,4.218304352,31.97651906,27.05404885,7.208755753,19.66418101,8.232064129,30.83247995,20.87557174,9.115227942,32.46471239,7.268214513,22.7843675,22.59121897,9.69108667,8.751994314,31.77288092,7.265896177,19.42357552,32.73014851,29.78138035,18.18535385,8.964615409,4.948019682,20.55430091,8.725734722,2.125448646,33.84504996,32.01969148,36.51100163,7.129373051,2.245441735,8.00245131,8.675242535,17.6577262,2.205000163,34.72151352,9.296675333,6.396722533,9.11015981,7.763641388,2.127616871,14.22239727,6.653811591,18.01340506,8.316475606,5.728005881,12.23940184
jedit-4.0,9.351657494,17.02423204,9.355661173,11.53170684,13.7570058,7.698325528,15.65313074,9.972167022,19.29875718,14.10293008,22.67027489,13.75389461,15.99402566,4.795108548,21.41074852,13.83395805,22.23753049,15.93796528,13.96241959,4.735279103,21.39864623,7.700098821,12.14545838,8.434656226,6.128204694,19.34238187,13.34967809,13.12850199,5.262167211,14.12428065,12.9496678,11.79170252,18.39071171,4.922534877,16.49629181,19.74199552,10.97745685,12.24810801,2.280480591,18.39071171,15.02010004,16.52026769,11.31053073,16.92575607,13.51977244,1.001388541,5.087127574,12.50729114,19.82245549,13.45331746,3.31613861,13.2752777,13.96018683,6.128204694,22.66044537,2.520617675,16.17496469,16.40631696,22.64262633,11.41094121,16.69659446,12.65690814,3.845983893,4.492271317,2.520617675,19.30998193,4.283446257,18.70381992,4.662480256,10.23458347,4.589826142,12.44570529,16.34888538,19.04312287,3.603314495,4.069137576,14.82217987,7.000443293,5.499834444,14.77152625,2.018968133,13.12006253,2.188699696,3.340987021,12.24861628,3.018715007,7.000443293,14.33471565,3.941684961,8.618887654,12.78166918,19.12548398,3.903202569,3.096589563,12.2514603,10.99077043,5.720943177,12.879165,11.40290175,12.67660785
jedit-4.1,4.039408476,2.223832634,6.41588512,2.627263064,2.991044346,3.157964155,2.011673814,12.03897574,7.130073748,3.572198274,4.046637471,1.001624373,5.295974334,4.022809601,9.724261272,3.531431715,8.531439758,4.441018415,9.452898879,2.007090421,6.936461821,1.00003987,2.447842406,4.597609694,4.519023927,4.780346817,4.843226707,2.028735128,4.682809375,2.28981604,2.115624132,8.956678021,1.00003987,4.486930898,7.137761088,10.19100175,3.053549054,1.000178843,1.032993979,4.890725878,5.702463784,4.597609694,6.819247909,4.560701232,1.032993979,12.1502225,5.094028037,4.753327386,5.029454269,3.408406889,4.219835789,4.602438008,3.643339911,10.10382937,9.190667497,9.253064857,5.250246525,7.152583999,5.481501424,5.702463784,2.991044346,12.1502225,3.49533213,6.761197027,9.684700407,2.532002092,3.528250404,4.874321234,3.019349895,2.798116644,1.518416473,7.022620738,1.000178843,6.124395852,3.684785985,7.188755501,4.874321234,9.795917659,10.31840481,4.441018415,6.162136309,2.673972848,2.576464382,2.130273579,5.428087928,3.514010241,6.739170699,4.682809375,3.087496153,4.560706145,5.100669523,3.643339911,1.001624373,1.518416473,5.090989753,4.572115749,4.052555728,3.495716465,4.477847696,3.834336301
jedit-4.2,12.43717967,5.292778246,1.000777181,1.000777181,8.376336412,8.154686911,9.92718624,9.33792638,11.64988184,3.114858546,2.946022341,10.49406321,4.679082839,2.153149129,5.393587073,7.129025528,12.18270487,4.801099372,0,8.774391574,3.517052834,8.866575918,8.756186091,7.281236008,3.085877838,14.68200862,5.567109591,2.061162984,5.145397813,11.92429702,2.106868329,2.061162984,2.290436434,1.034925296,2.315328768,8.788756661,7.972084798,2.273099892,3.325197019,7.289916649,2.045768383,7.311913974,3.39385677,6.069263442,9.343193802,9.066736661,11.77471933,12.45778547,5.426012113,8.701707729,12.20736349,13.41882383,8.967379753,12.23407677,4.184996489,13.45320068,8.576339491,5.242237508,8.630873043,7.491934775,7.525088638,4.572805684,2.088105358,4.409062374,8.779392454,9.865426672,7.955557099,7.37118008,5.315486385,7.743465607,9.882281775,9.924515362,4.930492368,12.42749271,2.744046245,6.144246559,7.829655223,11.99998491,6.002553002,8.313277213,13.08777767,7.328299624,4.377293597,2.315328768,8.814485609,9.318889755,4.31535356,7.659332194,8.475367953,7.37106765,4.458490709,13.44960163,11.80303812,5.320566264,8.830706555,2.116336912,9.600306746,0,3.335636281,8.722561604
jedit-4.3,3.377065005,4.957351573,3.081301431,11.97814502,3.178239654,12.7050067,8.02393551,2.271490818,2.767981767,1.000450151,12.31419795,1.000616952,4.097034181,10.12360597,12.46638214,6.592744677,8.090823643,7.010711238,10.54721853,10.77923563,1.001912345,1.002465942,8.232736761,3.019847765,6.552212707,3.426981061,3.043368828,3.377065005,3.67264982,3.073702004,2.008304599,13.14606413,5.753125138,7.141677807,4.350739619,10.50130022,12.46638214,3.44390974,6.592744677,12.28448908,2.004534188,12.00785389,0,6.918281003,3.139905417,7.159837198,3.631919914,3.224628983,7.757364909,10.02554792,3.557281043,7.757279514,7.757364909,3.199329162,0,7.819239664,6.504183931,8.152456823,4.395877623,9.947961601,5.737329573,2.97284168,2.843391651,3.557281043,10.80337324,3.183866265,2.034452086,9.436336053,2.278001927,4.097034181,2.746237903,3.222516406,3.014030123,1.000450151,2.4832896,12.44649707,2.795703765,11.54782997,7.362079054,2.983530457,11.54782997,2.4832896,2.963164706,2.00249126,2.253916938,2.255726169,3.458095455,3.125879335,5.802487252,4.893087402,10.12360597,3.67264982,10.61163371,3.498496102,10.90989394,7.05997122,12.58572544,6.253664609,10.50130022,2.208199248
log4j-1.0,2.496174354,6.599643901,2.143606978,6.877782591,2.019412315,2.143606978,8.865914328,2.039286825,2.04038551,2.039286825,29.8961619,4.155817942,9.299856083,5.937301926,1.107979788,5.184799228,30.09693818,8.783329823,9.582246538,8.865914328,2.017504027,5.823866644,2.012868073,5.13550263,5.850370965,9.382427895,2.826755243,4.005627339,2.012843202,2.04038551,6.074295301,5.184799228,6.91166426,11.97713097,6.850405818,5.473187316,38.58320026,1.107979788,8.492086896,10.74122557,12.50710672,5.044870202,2.046636343,37.12421023,1.107979788,2.360926923,10.5487903,6.598264581,38.02725883,2.027459627,1.107979788,10.74122557,6.995020016,3.736116411,2.041055141,1.00004946,37.04129616,8.276606117,13.10419162,9.492832082,6.715918047,5.048116448,2.012843202,6.91166426,10.74122557,10.54409988,1.000105848,1.107979788,7.770344153,2.411954489,6.91166426,4.749847398,2.360926923,1.107979788,8.818910206,2.017504027,1.000105848,8.037828019,2.012843202,7.860935817,2.826755243,2.826755243,7.270248052,9.391369325,4.413392726,4.413392726,8.812851818,1.107979788,6.826652083,9.48588649,6.598264581,,,,,,,,,
log4j-1.1,7.603935349,5.022417754,2.381942792,7.226177144,3.925157752,8.743382299,3.559688631,5.615192522,14.96077757,5.18753503,12.39505421,5.61726582,3.925157752,16.82947713,15.02976397,3.022425145,4.987616562,2.539860162,2.036244217,12.57290455,2.031975082,3.508930259,3.062628146,20.61506318,4.071488275,2.011257822,4.048602092,7.636225824,8.280580565,15.3482007,22.87200335,2.697336512,21.56270234,6.654404772,3.839972367,4.791573291,4.105989315,6.163085092,2.539860162,14.32798795,5.466828454,6.837524605,2.027254865,4.320621878,6.689705523,6.537687308,3.040956331,2.036244217,6.087899613,7.498963741,3.041761518,14.95777141,2.381942792,5.912219475,6.451162677,5.17848758,6.205222069,4.444820389,4.220962047,4.050249291,1.004029253,12.15935198,21.78699408,12.16135948,10.0420681,8.937635711,5.289003628,7.368034432,2.006773448,5.527896404,3.02888749,15.58378061,5.000213467,20.75594508,4.795329263,4.392673969,3.368107649,13.93782277,3.036229167,8.310693196,3.953129859,8.328910626,2.012040406,4.097855599,2.005610236,15.70449755,24.30016781,17.45461043,24.2972274,3.839972367,2.027254865,15.12562783,2.083495045,20.49220252,3.060774941,1.004029253,3.28398097,3.51534846,17.45461043,6.475903358
log4j-1.2,2.362211731,2.39901833,28.71816793,28.71847208,6.520997835,32.96445732,19.34571384,8.597643223,16.50942284,7.146881433,24.89640017,25.2013933,24.89006678,21.83282973,28.90624611,19.46290225,9.046119537,6.921367182,13.70746118,23.7729979,7.114338971,28.98662702,2.459981691,7.436085018,7.534755488,8.911177903,3.976360165,3.620871075,2.171983614,28.66975139,8.164400405,6.933294491,7.330756996,6.987945142,8.365500146,9.11782642,22.60126377,29.12996735,9.515644407,6.002699627,15.35954946,28.95557481,28.28927229,5.837795557,28.83483425,8.99637857,7.523767117,7.355143453,2.521533426,19.50272542,28.45722221,23.99275137,8.236520739,8.99637857,10.34973743,8.156735196,3.706454179,16.46237779,9.289678195,15.92380261,13.35372346,2.164041351,3.48669278,11.69998468,10.19565251,25.11283902,8.615404353,3.483840475,2.521533426,9.4072232,24.31083815,12.36129318,8.911171485,3.372370501,22.68631749,5.870011675,34.60417343,3.620871075,23.84869991,7.104679208,11.66694422,14.28473513,15.38989195,10.58660667,3.675725786,8.911177903,8.746420375,28.96438253,9.563443488,22.71496017,13.70746118,23.84797274,7.354986801,25.0071781,28.91300526,28.81749839,34.60417343,23.82758569,5.837795557,2.401005852
lucene-2.0,4.598447005,17.20653524,6.66479362,7.003523609,16.74459544,6.690359727,11.48767713,2.23551936,4.512349047,24.73601098,11.23752308,17.6179072,2.163097094,9.351622893,11.32152731,7.534831055,12.77315567,19.52725403,2.364495464,13.49640694,9.456737614,12.77315567,7.003523609,24.73696355,16.55609107,3.894891512,19.37593271,7.708650933,25.4671302,8.692104097,6.753699481,10.70876234,4.000306568,7.241202332,3.469615749,13.10499721,23.23407124,24.87997196,2.76048829,5.150720316,1.005778157,3.998218564,11.23752308,5.687868366,16.5382093,17.95670242,7.241202332,4.440200165,5.091475599,10.78331562,13.20809306,24.61353718,25.55254427,7.987034916,7.586417124,13.33190354,12.897361,8.692104097,17.95670242,9.454050934,3.590214761,3.830883706,8.574497983,21.00943874,3.66537982,5.888107864,13.89123239,1.002781477,9.514870478,9.673854257,12.32255665,11.48767713,17.24913657,21.00943874,12.59142001,7.041265584,7.041265584,12.32255665,7.65525784,25.11142689,17.46272293,5.631757272,15.2553175,6.039280129,12.77650134,10.6228964,9.373330625,6.272299666,2.513491835,15.81133617,8.956751415,5.687868366,24.79812842,19.20915632,9.355312949,2.20862301,24.73601098,16.23109108,12.89628182,8.00570187
lucene-2.2,23.40626352,24.36481994,18.04269087,24.05335224,4.898594553,10.99506421,8.591007815,3.180863252,12.95496291,22.95043866,3.243404042,10.85192769,9.958380642,2.770471857,1.000135303,3.784458514,19.813242,19.9548849,18.08256644,20.03581712,1.000135303,3.239639384,19.48348866,10.49363372,23.92729684,10.83441771,6.708545724,3.734784227,19.9548849,10.99506421,2.162507484,12.87861163,10.59267962,2.217279012,6.135019398,12.11614951,10.76778524,16.29285604,2.134724528,10.82173307,24.89649302,10.6246098,2.484193134,10.37258495,24.90367562,14.29053885,1.006047468,10.53343763,2.164340889,23.11795725,3.092662334,6.857680523,2.014405981,19.38465467,2.162507484,10.59267962,7.525802689,3.116616374,6.378150786,3.029748248,3.029748248,10.80546493,12.82350081,18.11131522,24.73354604,1.006047468,2.180607508,23.90281472,14.1572248,2.992384518,21.94649494,2.055519604,2.108085673,1.001136244,2.217279012,13.07227102,19.42912106,10.88860342,13.06457788,4.02815111,10.64463306,22.00611721,19.77625646,8.336559614,2.003359293,2.164340889,21.94649494,3.141001888,10.99506421,20.3501357,2.484193134,9.100900176,4.104629223,18.6589198,2.108085673,24.24305347,3.092249901,,,
lucene-2.4,2.019162736,20.60674116,9.329406107,22.14234031,4.055453779,19.54637119,4.29043934,68.93246416,68.39371742,4.610048298,3.879820772,7.082690791,6.956111868,3.435053052,16.31555858,9.133808081,16.48173073,2.051805686,16.7970583,9.13944568,4.076608663,6.114129932,11.45287554,4.967895372,2.075456541,4.146677613,2.051805686,4.04056384,8.17436623,5.218502542,4.725782346,4.903714066,5.309106319,3.647195847,3.848271716,23.08941378,3.637184046,3.037077773,6.221129129,4.911517919,4.403860468,4.758235718,6.057401813,3.132057348,3.486986502,7.286427439,6.540314851,6.603330544,4.661155777,9.979155285,4.033419549,7.398185341,6.992180256,9.133808081,4.055453779,5.43383707,8.154593895,5.787170048,3.231810131,7.498508065,22.06951441,4.016373554,5.981092993,3.839260339,3.234666768,6.425587293,9.687036238,7.238622143,4.508358125,2.148171573,4.239046025,9.13535392,3.741781033,5.54078791,4.663650531,3.955857093,1.001641554,5.197847751,6.984126379,15.93391913,4.403860468,4.023001984,7.780297482,7.752070503,3.022448326,6.588936249,5.25880261,5.082581803,10.21545374,2.230202744,6.879494412,5.508856512,72.01245868,3.307663922,5.288670799,6.212721016,10.33921315,3.544504087,10.23259378,3.293677508
poi-1.5,31.68158707,25.45607498,2.328629381,2.867784565,2.867784565,2.931459861,2.198136476,2.204932716,25.28231668,43.33677591,2.251741855,29.68518272,33.59381674,19.03878419,20.48120736,7.937124701,31.18526335,8.18786453,16.52570074,23.4636482,57.48980177,18.13891746,30.81758764,5.704863081,21.56657199,4.701500897,2.740902591,32.48968674,2.801059417,19.68817496,5.594708603,28.30203441,5.594708603,4.294149667,1.064592979,57.48980177,3.977965912,1.064592979,57.4717231,25.45607498,43.97098841,2.542271727,2.328629381,5.761730364,33.7087821,5.771029565,25.37833028,1.064592979,21.65727046,3.358772704,33.58093689,5.694818092,15.78758887,2.740902591,29.05955529,2.161872988,32.52228557,20.59335849,7.68026854,20.84206355,2.740902591,1.064592979,2.161872988,52.88163507,23.65484204,33.7087821,2.328629381,2.973659004,20.57628529,2.161872988,3.048081865,2.161872988,23.62834047,2.269075843,9.334053451,2.974519589,5.694818092,33.1198727,2.931620406,5.830775064,2.161872988,4.313253251,30.81758764,2.974519589,28.28887653,19.98217052,27.66230553,27.66230553,30.82239991,4.294149667,18.17182819,32.42213549,15.88732216,1.064592979,25.16568046,45.14160536,33.78463878,16.50150559,1.064592979,2.251741855
poi-2.0,4.257678529,2.042836298,0,20.62301262,4.57829919,5.609352727,1.000030403,5.46820995,23.46701445,3.393246688,5.413579231,23.53228731,4.258949167,3.4198982,20.63937581,1.000030403,40.49088875,3.799524673,3.668446955,20.62301262,0,1.012046026,0,17.64466853,3.980725683,7.194130788,6.110411412,17.48018234,7.289258371,0,17.31080557,3.393246688,17.74018487,4.258949167,0,5.422358366,2.043172292,0,4.442217471,3.340720735,17.25291128,35.1777524,3.790941629,3.452011406,0,17.67054304,0,6.227198835,35.34509879,4.843723239,23.89878804,37.8358325,3.990614936,1.012046026,3.933637213,6.227198835,3.790747483,4.257678529,3.894342874,3.365012465,0,3.253733593,21.78366853,4.258949167,4.173312968,4.258949167,3.4198982,4.258949167,0,3.340720735,3.980725683,0,3.990614936,17.4318282,0,4.258949167,2.042836298,38.28014592,7.278686387,3.393246688,0,21.75280968,1.000030403,20.63927351,42.00807104,0,7.320018032,2.042836298,5.609352727,0,4.854597536,17.71054992,5.609352727,17.64466853,0,0,0,17.71054992,3.933637213,4.516267338
poi-2.5,3.29825384,3.893413292,2.451078949,3.219808,3.018042127,3.793236845,3.219808,2.003107301,7.271783349,4.318595151,5.332648647,4.589812733,2.030132454,2.0013201,2.678459156,2.568872715,1.345498555,5.319921259,4.731892933,4.117958721,6.324632337,9.304104848,4.584972774,5.319921259,2.974913661,6.707412236,4.616165603,3.521085576,9.312001124,2.819713776,3.521085576,2.584203538,9.304104848,4.412089499,2.069426971,4.061957787,6.639002316,2.525348118,4.254410886,5.100976511,4.03533975,1.473769796,2.839373604,3.185366572,2.681779583,2.069426971,1.345498555,7.214927577,7.56524905,2.403492956,4.763657022,2.545208812,3.246744181,3.153192214,2.924667589,9.277639692,3.895614236,7.214927577,4.079843984,2.531959748,8.249655691,2.99696324,2.362621145,3.018042127,5.340944743,3.351804583,2.507149114,9.277639692,7.56524905,3.800282126,6.271720911,2.512953044,9.312001124,4.086109723,3.303300106,4.347791723,2.186746026,7.534910374,3.28551532,4.422470148,6.464594964,3.748357837,2.553378255,3.893413292,6.497451432,2.003378772,4.616165603,3.012914826,2.56430269,3.25760132,3.245367533,4.012425307,4.74639027,8.007994994,3.750303915,8.007994994,6.497451432,3.426997409,2.186746026,1.473769796
poi-3.0,11.87672403,15.44071904,2.252009768,1.751849339,4.130571362,2.623809794,19.88937152,21.8500513,2.193394258,13.46840602,4.19919712,6.925898152,6.330230293,10.88178098,2.80719418,4.153919022,3.012512378,5.141962457,6.330987932,2.446888023,3.29876301,11.92588357,18.42293891,2.635481517,6.232510611,13.46016023,3.307326524,19.61010124,21.77417522,1.071547767,7.323465302,14.39186271,11.0243764,7.439878752,20.01382654,7.903304086,5.792560446,5.172058912,7.904142296,3.143173378,8.35171221,10.81439364,3.281665546,3.987799922,2.023994301,2.447466169,2.270552091,2.335508559,6.815943302,2.901065786,7.944378043,7.855299315,9.641706652,20.18442865,19.73441195,3.430406851,19.47960454,18.42029003,8.978274186,3.211436201,20.13038553,10.98816888,8.242869631,12.7655371,6.091837389,7.528063408,2.725590121,2.183843832,6.849068233,4.288920076,3.072816482,2.379309705,21.72145043,5.384771692,10.25537874,7.489646536,5.937828788,11.76531717,19.93825668,9.53162569,5.739169724,11.78933419,10.52930914,20.01364141,2.048900428,20.01364141,6.107313044,4.136051884,8.091168175,19.42041434,7.715766716,8.426254018,4.337641936,4.320174378,1.751849339,14.3866268,9.188676569,2.207309649,16.85037635,19.88937152
synapse-1.0,4.377085576,3.572683034,5.615570867,2.861756097,1.000376318,6.145759185,2.023653589,3.033863406,4.541136405,4.128781907,4.843848818,6.145759185,6.015201527,2.694360041,3.137013357,3.478278302,6.605509586,6.603057984,5.98524257,5.951856435,2.908103152,5.560129544,7.650095151,4.007532495,3.252703326,2.001365446,2.888576379,4.377085576,3.110871226,3.110871226,3.640840423,6.36523136,2.005387344,5.787334254,3.009677559,7.650342227,3.640840423,2.002456425,3.634489676,3.298534836,3.044826493,3.084336133,3.367770802,2.167928778,3.931496162,3.666793013,1.000679747,2.000991848,2.001318599,5.164723402,0,7.626939999,4.478117811,6.605509586,1.000014444,1.000376318,3.009677559,3.428285092,3.021939406,6.533269072,3.946609435,1.000014444,3.394891357,4.556910429,5.396491046,1.00052173,3.060721692,3.122520076,6.36523136,0,2.108886046,6.302182762,2.829433425,3.863856564,5.951856435,3.068111295,5.197943633,2.002456425,4.271266245,6.001813875,4.184299513,4.298861678,2.750702674,6.302182762,2.002603845,6.775773715,3.63214701,3.386577791,6.123399724,7.707870771,7.091862212,2.000110657,6.533269072,3.461149897,7.52146396,1.00052173,3.16678307,6.603057984,10.15679705,3.038079839
synapse-1.1,5.218404609,9.175529923,47.73768685,2.003345228,10.38175251,4.585209203,8.602503174,2.376044562,3.612664464,2.363215479,3.567273503,3.443146165,3.026830934,3.52559909,3.346939083,47.40846946,12.61021239,6.070933485,10.38175251,9.050907276,34.49734483,36.65950872,5.125740735,3.038553714,9.570888434,6.019059366,3.508058337,4.421773965,41.65834046,4.279326988,13.13037481,2.003108425,2.11140864,34.5710158,11.44708782,4.639948725,3.069632643,3.704186065,3.484376506,3.487477768,3.413279963,3.753580067,21.9776468,5.087610637,3.586067034,10.5145812,3.669666864,14.07334752,4.135616089,4.307972288,4.585209203,1.001744545,5.078022654,3.460921941,36.28684003,3.245155275,3.081208604,21.75472811,24.39270266,4.639948725,3.542236828,7.250645346,9.682123773,3.811930333,34.5730385,5.689522903,9.738524696,6.495725765,5.238223585,3.100221703,1.001744545,2.538732379,3.014914014,16.87355277,16.50644005,4.019943988,3.413279963,46.38808431,5.231688387,9.337094914,20.00386423,13.77150001,19.00583381,7.192215646,24.71966241,2.048468216,1.003022525,7.262453947,18.9073063,3.694146356,3.467304563,4.559024453,2.831799711,5.929883946,4.147110411,2.839427574,7.63188426,3.672199008,8.556004179,2.479986777
synapse-1.2,12.33647196,7.949954286,2.01935319,1.030806403,20.83578002,5.641568374,5.393350478,13.93008727,18.12790529,15.05060261,12.95618032,1.008027162,11.89031489,11.84569585,8.147420949,8.278665173,6.477066352,13.64590167,3.334971876,5.968704168,12.93302174,15.28506364,2.013761772,18.36052079,5.35699484,18.28557081,11.76380813,7.545500335,3.117921021,16.70566084,11.14253637,7.321513742,13.60236638,12.05933319,4.440821522,5.124217159,7.838860509,9.680708326,3.452270453,13.91659349,4.207210677,16.09831298,5.365897911,12.26991,6.942173209,15.59273362,21.17917375,7.756561677,6.536963753,14.19483975,2.152614757,14.26225325,12.87271405,2.152614757,10.12796251,14.4003561,9.341388344,7.572294936,10.62147002,4.500370534,14.42235437,9.64407624,3.318127535,4.560685638,5.371945106,13.22292204,9.925950553,14.45953155,10.73350428,13.11107362,2.126397094,9.096576768,12.82954775,3.117921021,8.992401289,8.828909295,8.507100602,4.609420227,7.963468609,2.099291296,14.33985747,9.925950553,18.13442904,10.51755104,10.73350428,18.94356711,6.73024665,11.67997038,3.28196414,9.044637222,8.038905993,7.655147534,6.213431893,8.538337907,13.24490909,7.321513742,6.09137722,11.04455345,16.70566084,1.008027162
velocity-1.4,3.216183,1.000008398,2.278982074,3.198955686,3.105943317,2.000277541,3.46346017,2.003974758,3.04585807,3.563151322,2.236734701,3.653416355,2.17901401,3.577741711,2.390570511,3.570318917,2.171499208,3.031476229,2.171499208,2.530186979,1.000008398,6.367896472,1.000008398,3.598548703,2.24529585,3.647038577,5.119729919,5.505861417,3.094132347,2.674852774,1.072313516,2.390570511,2.207181654,12.96062711,2.530186979,3.459216431,3.034704055,3.028582983,1.000328359,3.295649674,3.531258635,2.24529585,12.78937821,2.003974758,3.452424461,3.08515066,3.214205665,3.801284886,2.04313696,12.96062711,2.003974758,3.216183,3.255332395,1.072313516,1.000008398,2.207181654,6.442682532,3.366303441,3.46346017,3.216183,2.171499208,3.801284886,6.464051906,5.505861417,3.682582211,3.040557614,6.206929449,1.000008398,2.530186979,3.588738952,2.077449703,3.254092091,3.436418725,3.102833264,3.295649674,5.092292974,2.305285489,4.883728267,3.104823505,2.00307551,13.3593713,2.010801769,2.027277881,3.414164142,2.016548121,6.323266761,2.027277881,6.309726958,3.254092091,3.653416355,5.119729919,2.17901401,3.32263929,2.04313696,2.003974758,3.620802742,2.077449703,2.012482485,3.04585807,3.034704055
velocity-1.5,6.88505256,11.54633001,10.46937315,5.044319143,8.306885094,15.11386083,13.73077659,37.39335828,30.1404262,3.942405695,5.700168861,4.810627005,2.290862526,31.87949044,21.66930601,6.201483834,6.313330524,24.45062059,8.378471687,46.63014171,4.052737322,7.439960253,6.072651941,14.17250145,23.9558519,4.677563367,2.092381351,8.808828852,18.9479089,29.11680437,5.042679512,6.944986583,2.396148595,6.848848202,15.44818746,8.433587999,6.872644325,3.047000203,18.20145011,19.27477108,10.26688715,3.556553,2.429698281,26.27876024,8.765729374,11.1439256,3.456312545,3.771857133,11.43480667,3.705520596,2.126459481,42.33842946,7.455154692,46.10534564,3.477572831,22.13289153,21.35155171,3.855672374,41.55438377,18.42830466,15.94559755,7.666059503,19.50513781,16.41878675,11.34835467,21.75793675,8.258410879,4.905935651,12.06324647,12.82784302,3.41072509,7.099885521,8.325715625,33.45055008,38.69358376,5.41394984,15.38204948,41.55438377,5.019450583,9.894168774,19.7593474,3.623982698,4.958659005,35.26337129,46.58547827,5.376108463,33.30504432,13.25635583,2.305773284,5.376108463,5.134260552,4.052737322,4.067581666,2.396148595,3.376679104,11.36394669,2.067426773,8.440489387,26.36469046,3.599361121
velocity-1.6,2.015094852,14.37646503,10.20252954,10.31501751,11.70853909,15.99716206,10.18953974,3.743250483,8.3548895,4.677389017,7.510229457,13.5767328,10.62606214,1.020593908,12.06586908,5.084681714,6.677015505,1.020593908,13.23368455,15.06978887,13.56795559,8.298813077,13.51380407,9.94907242,14.32377744,5.364420612,5.093148078,3.679623721,3.849413882,8.933994857,11.11079706,20.50581008,13.55489338,12.85198464,6.864170689,13.73320105,11.79448003,12.61012203,12.38339772,4.305742487,10.15848272,5.733687376,7.599474901,20.24298338,9.336446973,8.829446636,9.390314261,10.14892769,15.04969005,11.84180529,11.49473574,2.470496263,7.299354007,9.905625769,4.839281325,9.029473517,5.166797423,8.419598086,6.44582538,5.79326175,3.908970041,7.778529024,14.99143318,2.351357188,11.01394029,2.001076787,7.947696334,2.190605756,1.000459939,12.56689444,10.62606214,17.38868602,11.36994782,12.12544151,6.903633929,7.931033048,4.435105136,12.6335461,6.440556503,4.277691075,5.292423799,9.909004503,5.422007469,14.65942732,14.85160393,6.924138756,12.64221899,2.015094852,5.495551233,13.17016312,9.634360197,4.737643761,15.99716206,5.510317393,4.431327849,1.000459939,9.208539539,11.73976451,11.82091736,10.45625248
xalan-2.4,2.235571776,4.488659767,2.663194205,35.29617353,4.534692758,2.076924255,22.22223428,3.144867411,1.003733509,3.847478409,2.235571776,29.85598104,5.332855217,10.07198453,2.001103977,21.59701929,33.57324321,32.5036868,1.000103256,36.0253237,3.144867411,31.81876299,43.78373531,2.122306473,5.645276843,33.50229034,2.845687763,1.000039968,32.4804103,3.686001217,3.895667037,0,7.5226857,24.65363119,2.380746604,2.006924564,8.036888911,35.69988344,5.293157097,16.80171876,8.094846692,2.284320287,2.039110847,7.685096769,3.710806417,1.010158332,8.618501043,2.063509096,7.713264954,4.913991793,24.64889082,1.010158332,3.299320118,24.64889082,3.234025214,3.718265144,5.446003591,5.840491763,2.286598347,2.037196523,2.663194205,34.902683,32.94416496,18.23316365,25.68587387,1.004119625,34.23100582,5.100966856,1.004119625,2.090724675,2.244259229,6.519010231,3.152972334,4.438852164,2.832463955,2.083512677,2.74753653,2.07528547,22.22844007,35.8312475,6.026789235,2.153856468,8.119003995,2.252455398,1.003733509,34.96811427,4.913053377,2.128326336,0,1.000039968,2.326380969,24.3470549,5.379061759,31.48224757,1.001659292,19.27213877,35.29617353,3.006524246,2.832463955,2.777623482
xalan-2.5,12.46635629,3.421986912,19.24277099,4.355899234,3.56483452,13.76964542,20.92117556,2.186601388,14.10233096,3.631546307,14.51630719,15.9333558,21.76537236,11.14335028,3.814888014,5.634848024,2.414903631,9.595329584,5.360095854,13.68612432,22.76728283,4.010504118,15.24000356,2.410170697,1.000919393,14.95900786,17.80434659,22.13944141,2.417013375,4.759802973,19.54919463,11.01523412,3.484305964,8.828966161,2.351242155,3.469574298,4.070443039,16.57900549,7.623704133,16.57900549,13.11768887,6.64109584,19.73778881,14.08185898,2.836817083,13.88491877,3.606710626,14.05345093,14.2610594,12.1149194,15.02727303,20.21316863,4.051139195,4.800071803,22.61340664,12.01716337,15.16325087,4.556355398,7.46338789,10.45376849,8.681906121,1.061962295,5.917560623,4.984896546,4.581730279,5.512670863,7.12138513,15.58555241,2.324202445,3.814888014,12.81413466,6.809778311,18.54423047,3.380379801,1.000919393,18.82262192,17.2453719,17.04124701,3.860522149,3.478952149,1.000362444,17.95990009,4.442743575,11.63512036,19.50758615,13.52850317,7.64709983,1.000562647,15.4384475,17.82624929,7.004625,3.683321342,13.12095604,22.26081154,1.000362444,2.163618092,15.43452589,22.73479655,3.860522149,22.16862183
xalan-2.6,25.24203579,10.83848637,11.16549905,4.501375779,3.218231341,1.034347509,6.10666902,5.788256598,1.034347509,3.158880609,7.265603998,9.942614005,7.411284726,1.024468041,1.001901277,2.07761733,7.351941176,9.790211749,7.433451032,6.702449249,3.162065749,2.235838198,8.188215453,17.47800228,11.08613145,3.684180368,3.59672274,2.00239567,3.622854674,9.825685711,2.65791216,4.70031787,4.671374723,12.23182447,17.47800228,10.31012385,2.110623572,4.533305463,5.223264585,6.36575287,1.00338253,7.54903072,15.36789776,7.164049972,6.384392058,2.021063326,5.342021478,10.74275742,3.202776808,7.163127164,7.386840714,4.375916528,1.00014012,5.686891261,19.22050447,3.076178095,19.10031537,1.024468041,6.13119993,19.22050447,3.542135391,8.954297996,2.227118996,4.943064693,1.044038016,21.77308344,1.00338253,21.31209824,9.828863075,3.274203064,10.71230631,6.050047716,10.75063883,6.436313368,6.309906981,5.503255715,8.136184065,2.110445087,7.462799983,2.079074499,7.525643641,9.373044137,6.774643902,2.260200157,1.044038016,2.365376693,3.456005965,7.471611112,10.59386405,22.84940193,3.04100285,4.470253718,12.31853847,10.71029067,5.544238916,10.155278,8.672825079,5.72006261,7.071873082,9.10546762
xalan-2.7,4.147065244,2.030193976,37.58818509,64.94931534,5.739274833,15.89428874,2.368899629,63.0121436,3.148804183,20.14292079,2.807001044,75.26010418,59.74675015,68.14081872,7.389055144,3.729640411,16.02296889,7.949269151,2.649056499,31.36213597,22.49513577,3.814994477,3.473045475,1.316011351,4.125578848,4.69075049,18.64192507,61.96518362,2.130882314,63.28726879,11.47624816,9.402208603,3.612416126,65.8122277,2.617076271,2.617076271,3.612416126,10.99071578,61.24796734,3.432716656,16.27908955,16.04860304,3.174320702,2.711700639,20.64733807,4.57680357,16.17254567,5.280380742,6.521969272,4.136966342,3.930887885,6.475047198,25.72725621,4.972046773,63.28726879,12.64776982,17.58065177,2.605861237,16.02067358,4.970874507,5.300894024,3.450065416,3.198912209,3.899609677,3.75756165,2.157760273,14.35147721,14.8660936,64.13665924,63.15216419,6.308867971,2.332201206,51.96310665,61.25152769,10.02154435,7.895861676,2.023187771,2.811849357,5.752111305,61.46049953,3.460309812,4.147065244,1.000244835,59.74675015,3.871532009,17.72949099,3.666817215,3.450464178,62.79380058,22.0395695,12.65304999,22.39386946,11.03564018,26.74081634,4.954798131,31.50069145,46.57030713,2.851467066,8.186820573,71.4819921
xerces-init,2.367559965,6.015369708,9.889280761,2.667104871,2.679165365,14.28123695,2.343078765,5.855796282,6.932042518,2.378555428,4.070080742,10.24953861,8.3202173,9.577139184,2.547825989,2.676840101,2.727036798,2.564423497,5.047036915,223.5195333,5.502863994,5.529614282,5.464884222,2.063608336,2.799283941,2.509411464,13.68151303,4.460824049,5.196554856,6.674701803,5.596099701,2.731118187,4.26241972,2.648435271,2.499577221,5.386223928,5.051250647,6.679134398,2.606848165,5.535167801,2.367559965,2.507225594,5.196554856,10.29460658,2.727036798,14.31207866,2.627617949,2.291156787,10.13021478,5.464884222,6.213453005,5.938169215,10.21347682,9.907199811,11.64511603,2.559177699,4.749570597,6.465414648,2.688733174,2.141143378,10.02060341,3.888309002,4.554158695,4.027142278,11.29634455,6.764397972,2.614014807,6.781834901,2.378555428,5.035715933,2.734618893,1.486999649,2.564423497,10.30437572,6.932042518,2.676840101,5.267108949,9.292178993,4.580053565,5.339522892,6.752099355,6.674701803,6.542443757,6.142632184,2.735032881,6.469401756,2.009485131,2.688733174,6.213453005,3.896002548,2.184932317,2.541354692,2.731118187,13.44371985,5.863357876,2.732536389,6.747649649,4.130276532,11.66285635,14.23192938
xerces-1.2,5.928934596,5.358141578,4.877963039,5.419995887,4.981432816,5.963417789,4.674291262,3.891775757,6.549768036,2.513466781,2.145021716,6.084561206,26.77699031,6.556835824,6.057863327,4.914601909,5.47687549,2.525715212,4.580509986,5.482398557,4.951700115,2.234985819,2.55617581,6.10866814,5.329789321,2.556325971,5.116801149,5.485030469,6.561838926,3.514683736,6.575266527,26.93990624,2.151073648,5.186402512,6.771906524,4.560639245,6.413278106,2.292059472,5.073593966,4.148096946,6.337485514,6.156251474,2.923299297,6.351027097,3.68014603,3.260956194,3.472072276,2.271734112,2.651533243,5.610109144,6.315677672,2.398094515,6.208523951,26.69968314,26.18255006,6.570837154,5.706670959,5.370934204,2.349033833,4.229260492,0,3.399146671,3.008731449,5.054726553,2.411946397,5.013658215,2.001290415,6.529620983,5.856693448,26.47458067,6.185526596,3.414075348,4.205852833,0,3.340967757,2.928386687,2.157540476,3.792399995,4.296137486,6.202986503,2.773096817,4.560639245,5.833157767,6.051419933,25.82952044,5.304527505,5.887937659,2.547144983,2.85010997,5.470589004,26.69968314,5.067056643,2.470915998,3.232543209,6.413278106,2.25053398,3.514683736,4.616852552,3.472072276,4.555721183
xerces-1.3,13.0723855,14.41879537,15.8578229,18.9935318,20.75847449,3.727796509,24.32554706,13.0723855,17.31708136,8.084168329,18.41706724,13.69884778,12.74311687,12.21260616,19.23441997,1.179474433,8.214461967,11.81799975,11.05870825,13.18096025,15.2779977,19.03941528,19.12873017,19.4432418,3.386973646,12.33006155,18.36157116,2.621761774,14.63132349,16.18867566,20.26498516,3.727796509,3.21538551,4.066862021,16.95507701,25.57587755,9.732793082,26.54070751,9.716624091,2.208699732,3.613248843,13.92256022,20.79254785,3.207625683,22.27580398,15.82508503,12.45569289,4.939829084,10.18349385,22.26083901,24.79817505,12.25814879,4.335631852,18.62491969,2.673754247,4.840180063,19.41388605,2.328449629,2.353969171,2.721110731,18.40727754,15.08809536,16.18867566,7.021557428,26.2841913,13.71406108,12.73713175,26.95345215,13.48807558,11.3182849,15.76132856,17.34660808,4.413042455,23.28684531,10.02759793,5.35993431,21.46406505,26.88855988,26.85012911,14.40487473,2.417466495,15.0151907,13.24435013,26.61440948,26.22340349,15.50259126,24.15405656,4.646582312,13.50964303,10.67662137,21.15615326,13.85400998,22.02205549,21.34203381,19.59718955,22.65066657,23.57567054,11.27138233,6.236587592,18.27388171
xerces-1.4,5.386006637,3.448138999,68.23123397,71.56288923,45.19473383,78.8796313,50.03148374,88.55582244,5.844936216,3.16277271,45.61548138,4.431030367,7.467926847,6.600402177,7.180038999,90.39838904,4.854823315,2.461571812,52.2846618,94.16865899,4.187646999,4.362578285,57.64256411,43.2496846,52.72802432,4.864350774,8.847634947,47.63049167,45.07472903,4.793130963,1.004953001,47.48245862,3.714175451,3.33152547,43.69229519,44.51367274,78.88971353,44.60119196,9.156780628,85.28510989,59.47597248,71.73727384,39.96906802,47.75652866,89.0360271,61.52811868,50.41893887,89.10625938,43.91902783,5.556508529,6.536229755,7.418270413,72.6928564,60.52356421,44.51895898,5.474568248,7.120875136,8.821021069,60.96948367,73.02386323,5.435522408,6.573084659,4.068408148,3.841846721,52.36093445,32.81410861,44.12991228,59.47597248,6.843531605,45.5122382,9.366484454,86.315893,88.55582244,3.463589544,4.429300854,4.196094298,2.13355338,5.487679237,5.524196238,40.8453753,8.95429783,35.01624064,90.15281328,2.501343644,59.02370274,78.10698787,90.62152027,8.171819068,3.184379466,4.473064764,45.12142292,31.76856621,26.57660483,44.23254225,5.589708603,49.61819935,2.088101564,8.154843095,74.930278,3.152599971
