ant-1.3,0.536,1057.741271,0.802294167,54.38681686,86.62463952,78.93085739,2846.393273,77.86466569,3548.876415,0.536,461.6018616,96.83411665,886.6337033,363.3261679,88.01833479,363.3261679,54.38681686,2199.662639,363.0562072,5.120878372,461.6018616,321.6907759,363.0562072,2713.318245,456.3202226,2801.352027,2102.82127,886.6337033,506.4011334,63.97721236,2630.606114,5.120878372,2.630967076,455.2521801,43.0430653,1003055.433,2337.912793,905.8789443,3548.876415,96.83411665,0.536,211.7939993,0.536,987.6001249,92.58653791,2363.044864,96.27688762,43.0430653,0.536,376.2326244,443.4182609,2104.295463,0.802294167,362.8230281,52.46182379,506.4011334,368.8861487,60.60056351,2846.393273,1986.608339,2363.044864,1.2034274,0.536,344.3528469,2028.920206,881.4020485,321.6907759,52.46182379,77.86466569,407.3258083,0.536,583.7438075,59.68539436,945.9371541,1.2034274,3031.803649,2.630967076,344.3528469,368.8861487,2104.295463,78.93085739,0.536,2560.070264,470.1206709,389.2819349,3718.630835,0.536,96.27688762,972.2995232,211.7939993,583.7438075,470.1206709,2199.662639,1001.931814,59.68539436,77.97109508,1.2034274,447.4432762,1986.608339,972.2995232
ant-1.4,72.73521055,95.55493916,98.34362063,72.33054431,84.5547047,61.2552315,71.26289768,7.381612022,3.985646539,55.75535947,94.32341895,60.3924643,90.0123661,3.464367059,9.435287588,90.39028268,91.75540325,65.09988661,13.11590631,67.81904392,12.85168903,88.59264873,102.1801553,88.76649482,68.87237728,0.365168539,3.985646539,66.28975605,60.87489731,53.95659941,53.95666342,9.184193466,90.59070687,81.54549042,13.11590631,67.43069268,55.35107831,70.99886968,12.24982226,82.96883522,94.4090062,97.04633343,87.0607679,109.1979474,3.502898063,54.93134832,71.9096386,104.3675729,91.62102535,95.02529261,5.927004897,58.87142432,5.927004897,12.78079211,63.96788795,12.16945721,83.86000821,87.56182256,8.440147327,0.438750499,59.96258611,66.80082335,97.5732416,69.01604542,98.34362063,0.438750499,60.36381418,70.66641875,3.314488915,71.45388662,70.43150141,56.18990853,69.55501041,96.16601165,12.16945721,63.96788795,0.365168539,56.3686169,97.23081849,82.03115005,64.83077786,3.314488915,49.50016542,55.51682024,73.1683739,71.48247741,82.58671872,67.12424088,109.7156348,49.50016542,4.717613275,58.50257972,90.98571013,84.41098664,65.90706446,12.68786846,95.44531752,83.29404031,68.51481521,59.96258611
ant-1.5,13.11990124,2687.299133,2201.342959,2645.711878,178.7177079,2736.072208,131.0306313,2.751720089,112.2491266,172.1877249,1957.673078,2109.958563,2988.34252,2395.87238,68.25797753,7.270422339,1883.542549,30.40462297,2509.449262,12.27275313,91.5376499,20.73523559,2509.449262,2363.652689,8.300719509,2442.444149,9.539619213,7.404799587,1.911268388,145.9688982,354.1270237,85.38046991,9.539619213,2083.214974,2810.093686,1883.542549,2733.251291,109.628038,0.418202268,2148.1417,55.55546589,2158.796535,26.41865096,62.88305467,99.61599548,2554.068716,2234.3666,62.49269908,122.8068631,0.139931741,1.236769447,2593.33481,2886.017945,7.169960668,14.63586579,7.277844895,4.436397275,0.418202268,30.31503257,211.4367712,2776.092582,2042.512276,1919.190789,1.236769447,1980.773893,24.08960113,0.139931741,14.34100052,101.22385,2442.444149,2826.143719,2628.568151,65.4380485,74.11398161,3.578886252,2197.362678,2130.19561,359.3528352,2956.132284,168.4513886,55.55546589,2551.399579,2234.3666,2879.359655,2036.285137,131.0306313,77.56299835,84.2707617,2478.241893,160.2222688,1915.175351,2327.837317,2292.345005,87.67220559,2688.074603,69.80235822,114.0043001,25.3821341,1953.814644,75.98785024
ant-1.6,2317.209871,459.4199,296.1421301,247691.7154,9.31590956,12.7410505,78.34967973,7.176506123,534.8679864,465.2222687,15.06135551,678.3863648,15.96009249,184.2223466,216.4707976,362.1890213,366.8172445,15.21010563,639.3368246,2842.233386,3.929781539,135.6339774,309.680978,2.075792726,252201.0411,2836.319529,255.0875469,453.2279347,195287.6878,197143.8602,336.5822828,296.6200172,7.005478203,305.0166357,2317.209871,723.3967053,251.4314498,302.1088519,217.0370701,2596.170947,285.1091446,344.9458144,252201.0411,251.4314498,311.5075724,256.3752369,344.9458144,594.3056741,398.7510801,6.073339375,723.3967053,300.5316331,310.5021475,185518.0765,99.4881723,2.075792726,10.17063886,5.898494175,3.206188896,1.652421652,60.93348953,12.7410505,156.7645017,215.8757839,641.2332757,197126.1831,576.8987079,335.4248408,267592.6023,220.2566051,156.7645017,437.8259377,215.8757839,3.929781539,9.74349207,247.932186,681.3384929,2704.740626,350.6275835,365.4403376,1.652421652,3.206188896,85.74241016,611.1800974,77.64528938,267347.9718,79.24632102,60.93348953,236.4633289,10.35362267,191.5123005,247.932186,213.8046684,9.467896534,311.1766075,348.8516153,15.45219024,237.9417667,292.800373,611.1800974
ant-1.7,3103.969331,4.014544195,113.7364143,832.22446,78.74249857,2540.332579,832.22446,112.395018,133.8803244,3844.425361,2610.314612,89.0360321,75.02914692,2651.310527,120.7567183,2565.451848,3601.595249,66.23944055,80.60154924,4.121976921,500.8705533,76.28180232,3548.085726,636.8767783,3.438247967,92.45875176,649.8188884,87.58142138,10.25261712,101.6971366,2.302449802,2472.388331,59.45594587,673.1529028,2736.866647,1.360448728,2397.797182,3839.052746,60.24861041,253.5435411,80.25295709,91.27687255,2667.297573,948.5641859,635.2227567,3125.833533,553.5139183,66.23944055,73.34209799,673.1529028,2600.993224,3045.891908,85.65821741,554.1181224,133.608543,6.878152446,579.4674271,3601.595249,225.895396,3331.65152,85.88847184,2397.797182,84.18130494,206.2733246,2736.866647,209.8752539,489.2813631,470.0029116,75.02914692,108.0507025,188.2682384,9.746650442,549.362299,8.687590416,1.500671141,2520.728387,4.141614863,943.5377562,5.665842507,1.360448728,80.59338449,2778.872477,59.4792061,73.34209799,3015.030976,2704.296391,581.1566676,228.8090631,3373.895316,188.2682384,564.2809684,2472.388331,3548.085726,2.302449802,1.500671141,59.45594587,120.7567183,256.683106,204.1861679,974.0525817
camel-1.0,23.3647644,207.361236,541.7366465,35913.17423,512.8219222,189.2103248,4871.105803,746.3777864,162.5219364,6.363621667,1.229906132,1001.84218,1438.558944,1246.482525,560.7525067,18.5544817,35.27245995,182.3700387,238.7747496,15.08124036,176.7761059,1700.70602,1771.011928,1.229906132,14852.47379,17.74781552,32.93945126,718.5630922,746.3777864,327.082528,0.04719764,6.363621667,162.8313296,176.7761059,1383.303601,746.5478071,1086.97813,1086.97813,610.1283948,14.61610552,5417.159549,734.2806806,173.2614182,14.21114173,563.0026961,734.8566409,1246.482525,1703.830424,608.6427581,16214.45452,16130.9747,3380.944167,14870.77115,4536.896387,0.04719764,612.1203418,464.7873688,442.7020438,1896.59711,21.9840963,608.9444397,1438.558944,762.1327367,949.5468785,1001.84218,495.9606254,15546.24158,1001.84218,520.0910046,20.10978112,576.6465285,1439.069898,692.9365091,21.3726079,17.74781552,479.8184575,1540.895957,476.3262572,34.89245435,900.4877231,482.750302,579.3981659,187.2705483,1378.875608,173.2614182,987.2466959,207.0800937,25.53505455,500.1151187,580.617181,510.4614711,14.21114173,0.04719764,497.85943,468.0065454,540.6667743,0.04719764,493.6442566,1091.722076,929.0290332
camel-1.2,185.3305657,4.342105263,166.832418,113.8742357,166.7886641,6.843651009,12.38732112,38.04225311,193.851659,3.519131278,156.0268399,4.059317213,6.108968667,211.9691352,113.3416123,105.7795528,348.206527,125.2839324,248.3847241,117.7778609,7.438251682,296.3560981,12.78884463,257.5725322,205.4823791,4.12653347,5.772097133,176.6068159,292.4123073,263.9723919,213.9780305,113.3416123,37.84083023,116.1019211,17.16476889,178.8383332,130.4633801,7.437645426,267.0550345,120.2421145,205.6569583,11.23027027,113.8742357,6.659517409,137.5213188,7.232432502,10.79689448,168.2008019,304.1293066,118.4714313,118.9489977,6.879948429,4.059317213,373.2162485,6.757269218,135.0095519,9.662952463,4.948877734,6.208113556,11.27323067,124.4120689,3580.484156,137.1939112,247.9833431,121.33048,289.7380111,4.342105263,6.879948429,351.8382317,100.1157132,217.4937797,6.650303854,3.519131278,4.878043602,220.3263322,185.3305657,171.5936339,134.1219356,16.59857496,176.8608979,297.0857306,217.9333269,152.9566334,38.3836231,15.55595994,132.8390131,100.1157132,11.1007358,248.3847241,196.5567288,4.12653347,456.7545158,5.772097133,177.2353578,10.93420325,149.5310644,128.9795962,378.1058556,194.8822906,9.536615627
camel-1.4,2.961946755,5.366707947,9.42346567,3.074779288,4.721511666,150.7032258,18.04260357,200.068898,192.1713572,210.7054448,1.723623853,33384.0996,127.6441848,16.88011925,434.8524104,4.627343766,34789.06091,4.031141891,137.5088309,144.1046429,137.0464085,3.088615409,35.67584448,431.1994419,166.3778652,26595.89553,184.1942149,431.2102414,2.403815481,199.2951966,225.3145674,26428.23752,16.80791698,26652.25676,5.751978833,191.2738511,234.3823855,226.2089476,226.215306,209.6366002,3.074779288,7.886945649,33341.25419,151.0643212,210.7449327,211.068234,185.7641528,234.0314927,2.799925785,4.300434798,26403.57016,3.256692163,431.3417555,26704.96333,133.5568578,27573.06217,2.403815481,19.57755967,4.504158947,1.723623853,1.762352234,34728.56121,127.6441848,14.37152692,1.723623853,431.6596313,26843.08207,6.033559241,226.215306,5.542427517,209.6366002,144.0586094,4.504158947,35060.95061,9.292995722,19.77673761,195.1978023,16.82741748,151.0643212,8.240950516,4.014776332,25143.31779,161.0162816,3.088615409,47.97889592,24.31473533,8.203095414,34686.59508,157.4373878,14.37152692,162.1033657,5.366707947,1.723623853,1.762352234,24.67292733,234.3823855,34.55001408,1.723623853,19.59555258,157.5457251
camel-1.6,1467.795131,489.6507409,488.4107042,1387.912418,515.2924003,525.8223235,5.911050649,787.8914652,1346.27255,489.6822422,1829.521974,495.8350303,4063.265831,496.9151385,4562.973194,676.5175659,580.2999341,482.8515158,533.110894,3.724028822,2216.521727,1476.392289,4545.657449,3.493880421,2318.105633,3981.667621,7.8251431,6.516192138,803.150241,1287.871814,558.3164065,485.1906364,502.9562434,5.634775581,10.68018068,649.4192636,51.0546351,44.12447248,480.7157323,473.1956414,5.394557082,2571.782569,3981.667621,3860.573627,495.7561193,5.089271855,1282.234618,20.24999967,9.747151824,44.12447248,8.159962302,515.4483278,1393.577173,4063.265831,583.4495892,517.4518128,504.5093174,3.519170984,545.8404836,1390.489661,39.80809006,1406.895592,548.2302874,502.5659204,3.493880421,30.97877904,775.9248561,813.1502551,510.5290802,666.2963387,1492.677714,663.0455014,1624.284368,480.7157323,484.8347127,1261.765493,3.395245496,2313.492859,4591.220641,1358.259119,515.4022217,1752.51231,53.478847,495.3071182,560.2053351,533.6222111,3.395245496,5443.179753,22.70860432,3.519170984,3856.934958,4242.519757,6.977756966,489.0398109,67.1108795,3.724028822,59.33356712,4407.192772,490.9127923,1441.071829
ivy-1.1,66382.47794,3025.516084,2531.924219,1181.996172,529.2535188,2350.037636,413.2210942,73387.96505,807.0097618,579.2316315,844.7258784,481.2515797,2536.244856,23.6637584,1103.96357,38.27434092,4034.13643,539.0438859,803.9372099,16.27936113,596.8084576,772.5001294,52.93144625,1117.864887,3023.071323,71886.67661,434.8193973,394.1543491,16.5344921,16.25243592,4046.549422,15.24822188,2439.059274,546.3911517,193.4397302,1256.897194,2329.203542,2641.742591,511.0174133,266.5109702,2329.203542,424.0436891,16.59282808,3228.862335,38.27434092,2585.05791,52.93144625,66451.44546,4085.623126,1096.195693,16.57553972,1252.997351,73813.59039,70.51854358,16.27936113,403.9185693,16.59282808,3043.86916,1313.099267,783.7374975,796.0986114,2477.717569,2397.338224,46.96475793,65914.53762,46.96475793,479.518975,519.7797866,169.0249489,4061.080011,15.18194897,16.57553972,1132.882732,2358.164317,2639.281487,2429.814594,1307.390212,405.3096564,553.7238268,437.605471,72545.05664,410.6486155,15.02132424,2477.299653,15.02132424,2416.683313,1497.146708,1232.915636,14.82068898,1486.837112,2514.473927,459.2068977,14.82068898,772.5016957,1453.169263,568.0359325,538.6789799,256.4395892,2577.552601,171.5290654
ivy-1.4,33.15688512,2491.124063,19.6398994,1545.071971,1824.578731,1824.578731,1909.011814,7.440780806,1735.887674,22.3503384,19.59646172,1356.149483,1427.940774,1445.876786,8.410201754,8.89182574,74.83154067,1319.992536,14.60143848,1383.726888,1853.141929,4.967766451,1.689079443,1498.503929,1395.646214,32.16950722,20.26891518,1714.581547,32.16950722,1819.415613,1340.185816,2314.579379,22.92962446,1811.115285,1305.711829,14.59616003,1.689079443,1400.642528,2170.104346,1363.000323,1849.345268,1815.01597,1355.505028,4.535695546,1408.810126,1805.423472,37.8967148,4.535695546,31.12425469,1388.775857,0.099585062,1392.782244,2099.813617,1492.5953,16.9707124,8.994748584,2398.966965,5.065560057,9.18211388,1331.994052,22.04602391,1388.775857,1358.175356,37.8967148,1716.42883,5.021651554,2.344893139,1630.478732,1474.067876,8.410201754,1354.967837,2448.515744,32.53267663,1427.160119,37.02544562,14.55700957,2186.188424,1423.921452,1318.451841,9.390913783,1819.415613,1386.912105,2517.935458,1404.865944,16.93732099,1410.813664,2507.459178,1391.952262,1398.878349,12.21974077,2.344893139,5.065560057,2186.188424,22.04602391,1305.711829,0.099585062,21.38301766,1387.161595,2130.249596,1331.053212
ivy-2.0,4658.463434,674271.8987,4639.134998,28.1906365,851791.6398,541797.3485,267.6069521,88.39504333,2.216729848,7939.334845,2.642713292,14288.33188,103.2401812,5285.430651,1279.504093,5511.001928,1073.030129,3117.828849,5219.081087,59.20038209,835039.0681,2148.735954,51.94361875,264.8731763,29.125929,67927.97919,823.2759603,4452.753808,8923.12245,53.09953011,405.9672259,56.31310264,247.6072574,45.05774426,0.272727273,39.36231148,27.57061173,4499.403483,1263.413909,835551.3609,211.6801045,0.272727273,251.9666652,1238.247365,4765.164171,67927.97919,3241.143648,707943.6188,14939.9225,1330.614711,34.0856751,14179.88678,3.881132871,668459.7875,859415.5192,8183.234426,2.642713292,562011.1388,263.210934,1.868333967,1192.395829,15220.32149,1023.682719,63.93746121,3350.478892,27.69611085,2.216729848,3117.828849,211.6801045,16140.19592,315.3390222,7834.302406,0.60142909,1012.772152,323.7606713,32.44792,262.7517852,860557.0901,246.4231558,1012.772152,851791.6398,64.79645691,4876.97142,8384.280105,514941.9695,1.003507499,798.279179,98.17208856,8953.994807,5315.408501,3.881132871,258.2235535,8079.293745,4374.650845,397.7871489,1.868333967,853.59217,3.753457847,3350.478892,541797.3485
jedit-3.2,7716.290521,14.39418153,7195.987335,523.6204913,208.2179669,12.59882183,784.316604,277.0007616,5891.288155,607.2577635,207.3423847,6688.114811,221.0461561,283.2855166,577.4902681,229.4108084,551.60685,344.8684801,358.022003,12.20273284,619.0463691,845.8855248,6018.268721,12.20273284,243.971692,221.0461561,786.8188737,12.65927721,7003.826971,16.66709335,18378.50598,16.19036882,12.21751589,12.6653172,258.1752284,345.8611396,1035.548868,32.26010902,18463.25176,15.92882116,6688.114811,20.38657223,27.03552918,337.0114426,22.28719457,12.6596521,335.3245157,238.7396001,14.39418153,311.8432999,9124.384872,873.688323,6349.123705,182.6994091,18784.46497,375.9345674,7082.57213,22.54568175,32.14728164,9408.596281,2038.061534,321.6016194,704.4754351,192.7098493,182.4617219,20.38657223,9359.859183,300.6279759,7491.190063,7468.346428,196.1408289,190.8582532,12.21751589,20.05165453,675.0325893,6018.268721,6559.465581,5964.594481,838.9259137,721.2056702,7178.754268,562.006326,7675.663428,226.8195323,23.34747939,187.180098,221.1322572,7111.014702,5925.744551,12.48821725,21.88544322,246.9434787,474.7325305,6998.099161,190.8582532,265.876756,37.03623573,1179.909302,12.43656734,1035.548868
jedit-4.0,16.30181501,28.40401569,424.6013513,398.1506471,18.41026743,9.915847614,121.1153,402.6001924,114.0847262,76.55154551,23.80495281,251.6583076,13.59381802,57.11304982,81.02976672,344.7447117,100.4143491,9.418695213,318.7347763,20.39747005,247.3383901,486.7325851,258.555717,96.40837753,3.905382815,500.5964183,315.7805012,23.77482893,549.6360559,5.364921229,420.2956677,559.7487814,14.27289904,447.2085424,40.64534887,5.064082684,126.6447195,22.24909453,25.72692048,266.3072843,18.87841682,427.4505054,11.62316385,25.72692048,441.5575407,6.078431373,300.8345304,360.5523501,17.75181735,11.50483449,4.917919636,495.4944224,542.123797,388.7006669,20.84702675,263.8347097,246.3385599,53.78001165,121.9703265,554.7710316,65.24927891,17.002269,8.680659967,271.5179719,8.291526652,309.5893662,29.98479272,70.67075658,44.85896607,59.0610015,257.9867421,376.8300314,98.7075721,4.637243248,65.74808892,61.71430265,455.0287039,127.2135569,460.6542978,27.82561101,43.28896609,507.9900744,326.8142168,73.5511759,47.7760062,381.2555621,53.92585406,367.6247155,12.70911735,50.13185572,4.72706551,12.60379352,5.569815605,3.905382815,344.7447117,20.84702675,413.8717915,15.36559243,293.7906632,6.078431373
jedit-4.1,3.591570163,1476.667896,303.0007931,1138.205267,2013.990624,1726.89008,1272.28321,5082.77001,1390.249357,6.441318101,5510.674473,1702.629395,5472.609339,15406.14011,1122.709801,264.3869367,186.404161,6.441318101,4997.962327,1138.205267,120.3280132,5035.838951,173.9173398,21.25745504,1390.249357,5082.77001,5420.244686,12.05920425,5608.632434,6621.955183,5129.621477,4.048076923,1256.608772,173.9173398,5915.125475,5386.853305,1935.966515,3.591570163,5264.470323,1778.302176,2146.436791,24237.41136,24276.72484,1979.702782,1853.503369,5313.427637,4.048076923,1286.208448,4.249393224,6382.487224,6613.667333,1811.84784,21263.22964,2324.776887,2264.739851,186.404161,6468.366949,1744.936654,21.25745504,158.271167,299.1221367,115.8013024,149.7016811,5601.455197,1716.239038,21581.77254,5878.762007,1263.3684,1194.462712,1122.625741,118.2098971,1171.261716,24146.93848,12.05920425,4962.046965,1286.208448,5131.245524,5575.143669,1349.975504,21286.88382,5829.169349,264.3869367,1476.667896,1853.503369,24090.29462,4.249393224,113.7550873,2459.675828,1778.302176,5215.474718,147.1297217,2381.534542,24233.04368,5245.176256,1169.524453,1221.6693,2276.256815,1804.136026,21542.26452,131.4695732
jedit-4.2,606.9680734,816.452381,795.9552082,47.13639883,636.5775002,268.5114709,195.4175004,208.419188,52.18598654,1121.216768,5.017759277,31.01662332,865.2576309,665.607099,1.204359673,187.8492481,182.6994292,220.3311969,17.76947286,175.4074215,1.28395314,193.1871873,713.6228997,176.8586833,151.8572904,101.3436425,273.1015095,964.3018607,918.2543414,625.3598584,155.7218149,1077.450722,995.6777504,1.204359673,847.1554418,189.257102,829.8762743,155.7218149,817.0054549,97.04009515,18.70475886,860.1847548,829.8762743,875.0729076,815.1888867,588.660231,181.3313304,715.3188152,636.5775002,879.4632225,162.6197382,6.748436765,212.3301194,366.009276,204.8449802,305.3819862,572.3730841,224.3356298,897.5005127,1.28395314,567.4498784,602.4240873,202.250388,1032.716941,1131.625318,166.9769522,225.7661135,906.2987649,795.2124945,653.8959103,822.9037258,274.0056001,169.7970201,606.8155675,816.1081481,632.8557237,185.8798293,651.6833323,45.21615101,852.7310291,703.6638592,28.7935219,272.8686645,166.9382602,1003.034525,920.5980384,151.8572904,672.4153221,179.7256251,818.5682629,594.7517612,1074.52006,1040.307778,581.4181298,1066.024043,906.2768869,101.883143,897.5005127,1155.259925,36.78206507
jedit-4.3,25.33556938,232.4851006,160.9980054,252.2862912,190.9119374,237.9325446,159.4296921,175.6406535,20.17020337,165.9818548,221.4107285,215.4524696,16.0992709,229.6593641,192.0650542,291.7491748,271.6690203,9.953472606,11.71673699,213.4169433,14.91479726,8.591940648,220.4878735,285.8204969,291.5370866,341.4831616,10.63047978,160.9751975,199.8771065,15.23883058,12.4194045,22.01470417,6.084833046,13.66991514,27.04907392,7.329127173,183.4098761,198.5870847,0.028455285,303.8864733,185.0386555,25.09276297,12.78869419,7.169410798,19.22328918,16.73633736,7.634676471,271.6690203,0.372826796,19.22328918,355.6024633,241.170858,20.61781997,1.354038597,189.1976769,203.1068041,202.446092,170.1125402,11.45441128,21.16138887,5.243071325,212.8005761,6.084833046,239.5608957,198.5870847,9.953472606,5.243071325,214.5196309,181.8587939,166.6566838,179.4586942,8.018569877,355.6024633,176.4687174,296.5359361,196.9018672,255.3663985,8.591940648,193.2784714,167.7192508,305.4278745,21.11084192,13.21087308,7.495740878,0.028455285,23.62262349,216.2664242,335.9262394,285.3537898,229.9476303,12.56841847,7.495740878,27.04907392,195.9121192,10.99104077,7.757551792,12.17039116,0.467345703,297.8194152,0.372826796
log4j-1.0,27.52383221,2.239834531,2.239123539,1.304882771,316.5417821,22.36852471,1046.247449,85.33720252,238.5768912,2.467583955,55.90056595,13.40876568,127.5599338,19.59433466,1.304882771,32.11714034,98.21468029,2.595286682,1.414814815,34.102989,53.49565074,4.692930491,85.15224124,1046.247449,4.718694934,118.9997348,362.0353276,127.6059147,50.08777861,5.559967602,98.09284266,69.33201709,2.785282365,47.38856639,85.70842086,2177.126666,27.52383221,99.42746133,98.90836954,24.36402338,1955.464787,4.800857437,2.239834531,117.1437384,2.163707519,14.52617138,2098.081649,5.559967602,68.5372732,237.6934943,2.163707519,18.73739063,2.860932594,55.90056595,47.74231275,23.51967024,26.88711589,2160.382886,22.06498484,32.11714034,407.6706282,23.44091008,115.1887131,90.57514566,271.9406846,18.73739063,72.97180178,99.29437085,23.48956074,57.8275202,245.8900937,315.6137108,2.569978739,2167.627293,22.36852471,98.1319416,22.06498484,13.40876568,245.8900937,49.82602639,1080.08305,70.44639987,87.69344431,89.10969651,57.1833192,49.15876124,5.044297114,117.9535968,2.888846653,14.79903666,26.77367038,1046.663753,69.33201709,2.430960967,291.0000369,26.6207904,69.58375915,1.414814815,240.3846617,90.50310574
log4j-1.1,7.028628673,66.13045079,1344.535521,307.9660869,2786.760206,66.13045079,1.960366549,488.5316579,40.948696,43.1016544,274.5224106,73.46258374,2.104124058,862.6906139,2.653741072,5.705665732,73.46258374,643.362734,2822.179818,2037.352176,9.019547906,30.40833139,1.960366549,16.28198746,3688.377452,3.237192437,1409.564488,146.1535555,2339.864529,25.58647751,33.37824637,18.92961893,3.547332072,124.8239845,7.063008502,4.63874668,1388.165482,1.817297112,27.23833706,17.18341093,822.2820534,97.57749422,22.81739171,481.267352,2774.745999,5.316583141,4.63874668,643.362734,3771.686911,112.4336277,16.64889378,538.1767872,55.66884802,1.826458584,775.5013933,26.71206453,299.168147,6.634737417,2.698112482,2558.805757,17.53521565,2.062194809,882.8457978,141.1506061,118.332513,5.516512502,11.56228638,3794.088354,847.0068522,45.74211201,16.87490682,33.01288199,2098.892584,22.85003341,46.8640863,5.479311124,11.25081698,273.8057722,59.99108492,310.1201249,751.2564654,28.34608466,25.75836605,2158.043306,486.754275,31.77475003,2333.327916,4.693272733,6.769155969,64.4310966,18.92961893,495.0853034,1.826458584,25.00195279,464.1033883,2575.623611,4641.479128,32.41726813,60.80680793,114.7947629
log4j-1.2,2.200152356,245.9655978,568.4850042,226.1405403,228.5098823,2.890758358,2.264975927,481.7590318,144.0529662,58.59109479,3.33800765,120.9984989,134.606992,134.0847808,235.5957767,2.231039592,155.2047202,2.250841248,2.488238469,2.222971553,232.888384,116.2640229,54.90115191,176.6648852,491.723448,131.1446152,2.976552341,2.491483757,98.8472976,100.3316319,226.5218504,162.9051649,2.252570246,53.05197328,149.1603795,183.010676,612.9369652,512.9342074,131.136099,2.290249978,91.83260423,55.45125499,8.882677534,99.25373842,2.972639211,513.0963054,215.3410511,477.0320798,2.230566057,90.8104033,166.2969229,2.280643629,245.9968336,2.95208135,474.6269152,102.0030936,210.8635303,2.283992612,635.0395742,2.228730163,515.0323811,523.8440739,95.87635314,2.491639411,94.61446895,626.4564801,133.0072909,2.296551054,148.9358248,123.0643682,107.8616865,2.250126782,185.6194738,2.271356472,174.5480873,139.7630063,569.5937511,2.491639411,8.882677534,90.67295267,3.507861074,2.28653978,232.8635407,105.2669534,2.95208135,180.3382812,2.305199487,2.844981917,133.6843341,101.0103386,53.05197328,112.5799141,154.6629478,93.03956198,246.8807327,155.7722276,2.200152356,162.7651604,126.3909858,525.2943143
lucene-2.0,50124.15018,1179.444313,60465.60875,9.203170174,40.06046635,1946.675426,291.8323464,1089.992354,28.06077141,297.4758976,2070.885628,293.877523,962.8676959,7.853474786,30.61600577,1184.711733,584.2820305,1053.966226,334.9397765,315.4920051,2672.902918,2285.415193,2928.279531,9.545842209,1844.488652,2114.97566,1897.689633,409.1909728,58479.78435,943.4822832,1088.185922,1778.260767,2063.695614,331.4610447,8.0771037,921.6162949,581.6654303,1076.57495,379.8640658,59355.43352,36.79578401,1065.081024,1916.053654,58479.78435,65268.28466,32.33128618,1073.391696,65187.01981,37.76227153,65187.01981,297.4758976,32.42492052,307.6037544,1896.537329,1177.271094,509.7685876,2747.387991,50147.30716,2293.152405,55514.2463,1188.551519,1776.126487,37.14748902,935.4810332,418.0060417,606.6176203,275.7221691,7.853474786,300.2965855,509.9988239,966.2478215,1160.38138,1976.405611,1216.372271,2917.587163,1218.95313,299.4212652,932.996814,929.4663348,2114.94131,60847.17005,1881.291899,327.5320341,1070.999004,1889.440161,378.2046288,9.7882447,1096.904739,2190.306903,7.209599011,291.8323464,2284.332239,47.61521929,32.37274867,942.3773585,2190.306903,1976.405611,8.0771037,38.5541702,1159.01697
lucene-2.2,1014.514473,5405.810508,3414.599143,919.7312204,919.7312204,2950.785198,457.0886386,262.3465144,4661.128698,6489.068552,5456.178889,15.21596177,33.75829722,5609.538024,1602.069628,9130.355182,21825.30723,320.3044106,1081.580119,4164.195051,18629.13158,9659.030386,5490.467004,115.3241184,185.0561302,21.22369893,3985.030683,399.7546414,4339.71502,3154.741853,124.9710671,320.3044106,10.757914,5608.195529,1097.742552,9526.779958,5227.519938,3113.647486,2739.253511,2775.209006,5419.027777,385.0185892,1033.215331,5091.877928,21511.9885,993.6588651,5129.670413,389.6123508,1788.214782,4988.009645,18145.10207,150.0099645,4874.598822,4144.207412,40.0370043,127.0516277,358.0616225,427.3448625,953.4299032,2022.757338,150.0099645,2283.319023,41.23578901,1131.186191,4699.079638,1597.433672,436.2985574,10.81045119,18725.33196,21.7601705,22.53931428,115.3241184,179.4327454,2908.0509,21871.31827,6287.312754,9964.559445,1020.17185,2911.514336,15.91135737,6433.050453,225.0974764,3985.030683,9130.355182,21954.21715,1851.19723,2009.02681,22285.2117,6613.573953,1110.525226,3025.457266,164.2408849,4699.079638,4325.841148,14.14281912,10.8541706,400.7749946,1597.433672,1587.655233,21366.03478
lucene-2.4,9.932420933,277.8864126,150.6246224,127.7151622,262.7166494,21.60588083,10.04055108,157.684782,64.51603671,124.5273134,257.8984436,12.07959368,174.5975295,63.28407768,122.4680256,284.8089392,172.640252,10.90915509,149.2790991,14.28640874,17.02832656,2127.838644,137.9710128,52.13495935,43.27857224,331.4914764,50.40087209,11.79743661,314.9312707,19.54245643,8.485734004,49.74420122,2149.814744,451.1779751,56.74138244,52.13495935,314.8272824,235.1743205,13.89554794,15.35083073,151.709459,167.0098702,19.58679201,9.121421495,8.597035594,391.0966312,125.397803,38.92543246,70.90004761,284.7589181,136.6550768,348.2098634,120.900087,18.51443576,45.39051379,56.13780989,53.58607247,10.92600004,2083.695554,56.43430357,10.08751443,10.43023545,12.58521912,38.92543246,253.3800251,230.3115065,2371.005046,44.82474113,14.93435998,3307.298246,131.0010481,9.563154759,43.27857224,279.3131023,49.74420122,448.206209,63.36318018,3227.084704,248.7282208,2762.057668,52.47561833,61.20860237,9.863349986,74.01099752,303.065244,8.520927059,254.3473729,2699.901544,19.77671241,78.99158718,3185.920555,304.6163156,18.02601432,8.496091116,12.07959368,246.9260185,119.9595585,2669.105886,75.07531683,22.37246956
poi-1.5,54.32200667,8285.42264,12.12588893,8200.487593,8.201993612,8.201993612,19202.96958,500.3607754,8.530089552,605.1763886,5649.310186,5387.739805,7898.57648,1895.3638,576.2188826,2985.084284,5231.185884,6.748282216,7.085418747,993.5514033,5472.268012,3461.505847,19197.01036,47.87512035,8285.42264,5.905554063,3345.905156,3054.512207,3129.487347,464.6834521,8413.157403,621.2793335,4468.027488,7557.836392,1871.282115,500.3607754,9.909809695,2927.241668,4524.718102,5231.185884,3807.754676,1153.401757,3461.505847,5381.879904,43.82040401,4599.558762,68.82380414,1968.745697,48.5971895,4429.858305,158.9584952,4584.277702,500.3607754,3114.188477,74.61989895,7898.57648,1405.292145,7620.137201,576.2188826,19180.2025,3031.309537,7.085418747,979.9304639,5601.272484,61.53095941,6.412926398,3216.968397,3816.960312,49.29286101,4345.512047,5415.582719,1355.963875,5.881772257,908.295892,8466.888806,1125.674485,5.7831828,4682.76962,610.5913336,43.82040401,5545.293334,607.9866989,9.010063326,7647.266837,45.17428557,4691.185694,1657.077284,961.3817964,1467.413255,4292.519531,1366.350032,12.22735223,8190.975221,1433.593652,7755.981971,8169.250199,5.905554063,4699.220066,3187.242434,58.41105755
poi-2.0,41722.61805,134.8646393,22.20756078,87.96995268,350.3559432,0.136942675,0.136942675,0.136942675,0.136942675,0.136942675,0.136942675,8.802154453,144.9241778,0.136942675,0.136942675,0.136942675,8.802154453,55823.55829,22.20756078,109.0382582,134.2881573,369.547411,0.136942675,404.9559064,328.9412065,144.9241778,380.4892932,0.136942675,51303.39609,41379.91689,0.136942675,625.7464043,369.547411,54403.47815,392.8932087,8.802154453,2.136472231,22.20756078,56706.40336,22.20756078,8.802154453,2.136472231,0.136942675,0.136942675,8.802154453,413.6857885,0.136942675,0.136942675,594.1671238,134.6657746,2.136472231,136.0444167,0.136942675,404.230046,0.136942675,0.136942675,413.6857885,2.136472231,0.136942675,0.136942675,0.136942675,139.896956,625.7464043,0.136942675,350.3559432,22.05621463,350.3559432,404.9559064,134.8646393,404.9559064,0.136942675,110.8814139,0.136942675,40851.23966,140.4323265,22.20756078,0.406929802,0.136942675,0.136942675,2.136472231,0.136942675,0.406929802,22.20756078,369.547411,119.7758283,649.6740395,392.8932087,401.2725028,144.2742064,0.136942675,55604.58868,54380.981,625.7464043,0.136942675,55604.58868,0.136942675,369.547411,0.136942675,380.574079,144.9241778
poi-2.5,140.8554833,58.39259706,676.6112366,116.4550567,631.5963338,125.3521353,19.49555147,839.9428864,667.525579,99.25457869,112.139235,92.39206456,19.27078542,884.8488697,822.2683384,672.6407222,1069.215492,127.1000811,92.39206456,113.7683711,772.8555027,1147.510304,2.488219652,938.6516821,729.0621964,574.6220048,129.7686041,1079.458122,132.0415736,667.5679674,91.25498134,112.139235,91.25498134,88.68173704,113.7683711,86.3586334,121.0911377,611.8563006,569.7101184,731.1964355,560.9802318,19.47928253,1081.32158,110.6487131,110.1359966,58.39259706,886.8724234,645.2215147,9.750032726,154.4903686,154.4903686,886.3786821,132.5495315,625.2213347,616.0327987,574.6220048,571.8941068,937.1635361,9.436908485,698.5132537,1147.510304,891.2679666,90.53019727,632.5805713,119.9288699,131.9516303,94.84940023,692.5637912,550.5058148,567.9456628,816.074967,625.2213347,731.1964355,728.1320108,554.1936108,89.93647724,96.24612393,90.53019727,698.5132537,96.83306015,1172.365225,124.9576764,116.344713,96.83306015,640.3351996,891.2679666,1110.314777,642.3894129,1109.615849,80.3707695,8.031848344,19.12043759,99.25457869,1087.3069,2.488219652,94.84940023,655.5008478,887.6661252,115.7464194,86.3586334
poi-3.0,1412.615718,5.648639301,59.44548593,5.388331432,68.47676273,94.70844257,2827.303465,9.274567346,121.9777066,12575.11173,364.7489691,3694.496262,380.9387225,13.93622305,129.2900545,3886.820629,7828.407875,63.55224135,796.4592556,935.4373463,147.2325592,95.33821167,601.3059359,1286.663464,63.55224135,619.0162568,117.4635152,7.484777673,7913.530713,6006.787876,930.9870163,73.29525764,10.79650974,288.4795075,1727.556044,4.83470464,578.8088305,4.021681008,398.3850711,1788.317912,75.50578971,4.131667117,199.3976493,4.021681008,77.45797487,470.9093119,812.3001355,4.478955689,408.4294637,8.606699671,14.88790819,114.6989233,1323.016962,593.8303704,6973.10884,1840.304538,2672.132736,4.689053336,298.464072,783.9993244,6006.787876,2640.990143,3805.735053,3845.061492,823.4122569,2846.539016,139.2885374,5.945381204,7843.67141,312.3425768,11609.93572,7069.078757,2947.749962,772.8774118,567.4825499,4028.930482,794.5300507,444.8625199,118.7607533,1283.477519,588.4867313,3905.44205,3727.375139,1320.123839,4.131667117,4222.881244,749.4138503,117.9947112,372.655837,122.8826102,1872.194275,5.014548502,749.3255048,773.8224317,298.1907369,4.732489438,11606.65521,497.074745,2717.405339,1399.949196
synapse-1.0,363.762735,503.7655167,181.7026543,3062.426169,263.665522,202.2759847,160.5794666,171.6945859,165.5154163,224.8014994,363.762735,174.1693105,199.0249478,253.3775751,108.0467929,195.1681908,188.3807518,426.4809142,200.9968741,2813.207742,216.5077476,184.1527558,235.9683761,3.863752532,237.3097349,84.98448255,207.560646,410.2295193,187.7245471,2197.818346,611.0054902,84.98448255,111.1294197,108.0467929,410.2295193,162.2309152,220.7136868,0.634892378,189.5586219,201.7779329,218.8486121,162.2309152,595.4142858,222.8707504,108.5670455,135.3990946,2186.170637,2630.529015,184.6817485,381.1753388,3.863752532,421.0613979,2124.26616,2208.214423,144.7576882,0.23566879,174.0136751,109.4339753,272.4515966,419.8987607,2230.593838,231.5308886,2230.593838,209.3387653,235.9683761,111.6736564,381.1753388,161.8460352,2316.906407,164.327584,237.3056583,2732.571238,253.3775751,2124.26616,277.3288568,196.1308142,202.2759847,224.8014994,253.5804734,10284.76765,3100.04415,252.8366988,165.5154163,2325.23069,175.2223871,421.5218112,261.66075,181.7026543,183.1794049,0.634892378,545.4335065,172.983035,2208.214423,220.7136868,172.983035,241.512437,2305.176584,0.23566879,613.0892177,386.3114296
synapse-1.1,1.049640765,266.9743747,291.358131,1.103603604,26702.69738,413.4410141,111.5641892,1.422562262,9.686948265,142.1666689,133.4674319,16.01357721,127.1241475,26839.72151,384.0312302,166.2087085,204.7087681,411.3975585,340.7866731,540.6284249,116.4850048,18.73713472,272.1734121,11.4030309,30.71803169,222.0280207,9.813228512,402.7629154,392.5479284,12.57781792,19.27809532,151.3136204,10.19781502,272.1734121,10.52775158,119.0063973,26968.42243,232.8238725,162.0198016,23.58362137,10.01215015,263.4109673,13.26608022,11.5570277,17.86285709,10.90845884,125.3285154,17.37201894,390.9314914,13.26608022,142.6909525,144.8215334,536.8045842,1.103603604,14.80300475,0.961838562,10.88360128,353.4894417,166.2084194,125.3285154,26667.41681,229.3206311,111.5641892,198.1482987,12.31364826,9.391370482,178.4430073,11.37978669,526.0499051,24.39812451,28.01827572,296.5521955,33.32827692,116.404201,17.63963173,137.1363336,185.3042084,188.2003741,9.813228512,15.78790606,124.5426812,12.4309038,346.0276843,129.4682572,104.9736536,14.61211037,1.049640765,30.99804608,27085.87572,6.193724605,0.961838562,10.74138803,147.690493,11.99952753,132.6641082,174.2566999,150.0406918,27675.94279,9.697111542,1.422562262
synapse-1.2,386.3247485,102.7100984,738.8372091,6.05052989,336.0548944,2524.686052,400.0454971,132.5270275,62.24849855,1060.443562,1709.914601,737.5994395,1953.405101,2375.839519,200.5154381,154.1712416,215.2501039,1592.944971,339.1536146,187.0608757,355.78471,162.7707496,219.2573234,2910.22573,161.8895185,7.82379716,529.9425869,92.60913731,477.0809272,1765.098688,1730.423925,12.33115059,818.0773002,1931.90865,157.7861643,1783.278367,1110.272239,18.20034814,1643.489655,2601.602614,2598.34607,1965.897503,1640.634709,329.205169,16.58659368,132.5270275,3973.381493,166.3946028,146.8918112,29.32097395,8.071261858,4183.447973,2119.449527,192.2869592,128.6016161,3026.788157,557.3335161,250.3978431,6.05052989,1953.047053,1.46484375,2017.346163,2.221541115,328.6902961,2090.864934,2511.480863,164.3237569,190.9555545,1031.280423,417.2288195,8678.788432,9658.202712,336.1665193,63.10697258,8638.16816,523.8137185,4113.062349,1889.415202,446.659491,162.8238862,269.1083392,28.32537296,229.3304003,192.2869592,328.6902961,1.46484375,8.279101804,33.71725642,47.31330113,3973.381493,1.52398547,128.6016161,3026.788157,146.302311,2148.833119,772.761874,557.3335161,249.0065725,98.72156524,2596.684454
velocity-1.4,25.16430687,142.39911,140.6801003,140.5247176,344.7545275,350.7689642,143.6785698,380.9324038,144.9949184,691.2283767,6.688217846,286.4815368,5.649742563,2.891562118,732.0547595,18.0836321,326.2153673,128.944811,141.2257607,2.498435865,570.0247762,553.7234717,142.8020162,141.2257607,571.3064988,4.1193281,18.11036699,686.1583459,125.4507507,358.5643709,317.135695,128.944811,4.73932765,0.908146478,2.428907415,145.3737279,611.618482,308.1816205,380.9324038,631.0436672,150.8060557,722.2076574,4.028039114,136.1616538,344.7545275,0.908146478,611.618482,732.0547595,150.8043235,4.77172641,350.7689642,2.881066082,141.2257607,321.254546,8.386382353,143.0519138,334.0918755,376.9255986,161.649938,147.27563,358.5643709,143.2982866,16.08751568,310.5421643,729.3923429,140.4000681,602.7209306,143.6785698,1.888688983,597.0541758,0.908146478,8.386382353,344.7545275,4.437688113,3.095889384,2.428907415,4.634698509,308.1816205,310.5421643,25.07410894,136.1616538,4.77172641,326.2153673,142.8020162,150.6797433,145.3737279,656.3646996,720.6614293,141.2257607,3.105754499,2.274492519,128.9423192,365.8570557,3.023612617,391.9995993,138.3392122,1.16572711,767.9985264,138.7238279,2.502905525
velocity-1.5,130.0388562,106.3227597,158.9852259,3.149821219,114.7615432,30.86074088,2116.004275,2063.286939,104.1939068,5.594044601,204.5295202,3.48099051,116.4806601,2340.782717,130.6278825,3.710113875,2387.407493,1925.311468,2729.407465,3055.144687,176.1713455,4.025032035,140.2578561,3000.619178,227.0911412,124.9712239,211.878685,2629.088274,1951.112557,3065.67791,3421.421041,94.99129739,3082.535305,1856.377119,3214.142635,105.8749672,1816.732046,204.0034939,118.0345347,3.726182223,2092.773263,2979.300697,124.1110063,2126.834047,3.323962127,101.7768431,2886.3476,2458.609947,122.4659435,97.60439048,3455.818574,3361.468923,6.726731961,43.65471368,3607.091309,2529.679203,4.622278599,1854.177708,106.2060886,3.001905519,4.543215227,5.438996658,2380.57282,3.003251824,4.532200241,3.925340632,1907.178271,31.58439559,101.0499234,9.521064796,4.862848038,2690.052462,3322.232934,2662.496815,2114.276039,5.476312687,142.9043009,157.7595738,109.5839409,3036.9819,4.280981208,2251.683255,13.29959044,1972.409494,133.2123031,3.798681323,3237.981641,2743.189525,4.277396141,2460.324426,3.522200635,101.7768431,116.6328159,2743.597799,1809.88583,173.9215879,4.744856439,3656.738356,105.3133357,117.4344732
velocity-1.6,3390.981588,170.5288634,4601.424156,2133.325521,98.76377612,8865.595102,1404.558336,100.6916387,108.4039522,5387.38465,14043.00329,1756.541521,2194.659524,75.6758562,1922.435088,8546.345743,10236.52753,8545.284349,4704.320943,5782.198605,2.873565778,3.76419214,1560.901162,82.39332868,2966.496126,11398.87793,1599.74274,11589.9695,2272.394628,4325.213064,3.76419214,2.873565778,13910.26259,2432.139763,1775.85223,3175.90324,13034.0109,2030.569331,1480.818928,4429.044486,1747.898641,11613.60632,2175.557746,1897.745761,2349.868694,3555.136088,6368.788478,2824.89732,89.8736101,15357.91175,24297.2475,1480.818928,2687.224642,3140.067852,2828.159996,111.7959374,10702.2079,18595.42088,1838.387376,1705.509489,9325.613276,12449.53319,4826.364642,1627.487382,2107.96218,145.3165704,6152.357976,1513.944874,9115.535701,2246.31158,15398.25199,108.4039522,1618.863325,5111.080273,11855.26719,24712.03387,6171.172846,12701.34122,3994.203752,1567.310918,6419.097166,16427.68354,4029.966569,2521.571847,5567.821915,3556.429992,3390.981588,1493.533213,5702.057893,1419.1585,1672.192691,14342.78584,12970.54476,12179.62804,10424.89129,4996.367003,2577.02342,11906.36843,4535.961644,3031.898331
xalan-2.4,33638.07409,480.2620494,370860.7551,2459.467215,2333.359177,397777.477,2165.009435,377459.9633,565426.2664,360330.0193,59706.78164,534287.6691,379013.2008,3.011806274,366289.2513,14.50127148,363289.6597,9.772570513,724.1106642,3080.059123,1049.209411,1071.020689,2406.010302,4985.442904,449956.7708,384238.9756,377752.0453,380395.2339,453120.3076,386196.6027,384142.3364,3465.486478,396798.7635,13.25319272,382481.2743,376106.2316,28145.49691,0.417704011,364494.3627,364336.6407,14.92842216,360330.0193,68609.6443,4000.625029,0.707329911,3465.486478,371816.0297,35920.81102,3510.073734,803.554778,690.6819158,85.97282081,432.6487697,392459.0006,9.961177109,391310.1039,58.04570664,541695.4804,479612.0961,26.85313859,26157.48848,361492.3909,81.73984415,701.2528459,38872.33692,3848.080442,1149.555347,2738.780449,387148.8533,367841.6923,0.417704011,0.707329911,369173.9121,451.6848918,3008.939639,35376.30306,3848.080442,560375.7357,379875.1351,27287.24422,374801.2312,453010.2484,487486.2617,38087.75662,68768.45723,2290.801058,366723.3122,388815.9847,502.7258115,58.04570664,76.02583846,58256.56215,29177.45498,24.61946559,3.754556514,28946.93123,384245.0117,26157.48848,463.0726315,624.2604517
xalan-2.5,577.5427079,2594.097773,221.9383474,114.4310188,660.7098102,2866.773264,84.92256078,2810.249261,2977.056803,3.527662339,373.9614029,11.51912094,376.5781065,3.493492547,369.1325819,164.6150505,961.2719473,2770.966876,793.3240241,84.92256078,88.49019406,7.559655086,1.046377281,605.1665813,2509.832947,847.9090942,229.5692329,1.046377281,131.4484615,556.4939022,11.51912094,92.56494727,837.9420534,2505.087233,350.9466124,3.23173158,2368.222321,606.379777,856.6903321,2447.497549,892.1345496,2734.892214,2433.739248,2278.522729,80.31196359,2498.653716,2326.978306,172.2843323,815.4801935,755.6903814,9.575394177,2906.624771,18.25950949,2820.260792,590.3598946,2320.166825,4.273283161,2415.206902,2916.7596,369.1325819,2818.841239,809.7911605,2526.726302,933.6299161,2303.46539,347.8795203,2898.22507,4.536334332,2437.808195,2278.522729,2441.972871,2694.380649,123.9529519,252.1092683,138.505965,19.87200834,876.9077234,792.383437,540.1845943,786.0789372,14.86178683,2.350875501,101.5599794,2962.863065,2845.317017,205.9450758,2432.881446,141.4963398,2607.697523,844.1710394,2564.494113,2348.056657,2692.574088,2888.853596,13.88626173,212.4347876,2315.755954,2666.467455,3.23173158,206.685454
xalan-2.6,4.012527767,25804.68067,65.81944401,24553.83153,10.30595424,61.25449074,178996.5424,29.45389004,517.9138996,38.31836189,24897.15954,65.81944401,65.63918347,39895.09701,1021.101832,4.003832047,25931.97521,3.202841418,64852.21388,35943.28094,15.07575209,16.22732302,28045.08893,69444.46908,46695.0412,84.25683253,25934.20726,25015.18432,24368.69925,45016.08416,172339.0777,33408.12917,86.42000162,10.87522478,26723.88629,877016.9238,37453.0755,37.64551246,324.1985837,50743.57576,498.2509485,41750.28401,24915.50742,25566.89926,46695.0412,66994.51609,66.07720871,32973.52495,25173.96854,4.010524422,27562.04709,25126.62369,1.223275653,10.90637619,33718.28388,35758.93028,4.003832047,84.16413896,637.5468789,24987.8181,65.63918347,34973.58437,157.7439934,38288.86181,555.7149506,28934.92326,59819.7908,30693.55204,543.2828827,9.958709697,36509.11105,501.7561556,128.3658931,59142.44026,497.2399116,879824.0533,475.7469944,31589.17633,604.0470838,66.07720871,279.2416525,61.25449074,26222.65768,25637.95806,529.8238611,27686.09379,315.8054332,43968.03949,26236.64288,1046.454702,25493.02754,28500.22364,279.2416525,29957.56933,26518.5035,39034.05795,29328.30195,460.5027902,25057.00232,24923.6318
xalan-2.7,42969.97411,8780204.627,50060.54156,1286410.801,46052.41065,0.962755757,41246.1623,42476.75601,41218.55042,41487.95275,41654.67846,41582.7267,41329.55351,50.46135055,41763.40114,41983.64925,41101.61088,42018.9147,11641624.48,9034166.362,6.114807588,43044.89195,17.32321406,10399609.77,41193.31695,41675.9356,41202.17257,13.31120774,41044.71811,11541680.99,43328.24932,4.041026078,14.94484058,17.53954787,42872.19374,45113.63238,48359.06969,1.08319587,42639.77357,5.553762888,41324.1977,41185.96572,41019.52221,1368502.415,48145.59306,43244.43299,41859.75131,45327.48682,0.644240258,41115.39871,41109.94923,40960.36815,1957986.682,41139.76768,49209.36311,11541680.99,9163761.618,8679342.206,50194.50129,14.9610729,44453.5473,3.332496741,20.34811015,14.17609273,41049.36955,41536.65294,19.49688577,52134.98942,41062.10264,44548.25841,41001.71797,41529.22865,41820.37981,13.57627529,51380.9883,0.644240258,11649667.9,1.08319587,1278026.875,42865.47129,15.14837135,42255.10566,41104.54975,8779056.03,41612.1527,45585.485,41673.47047,14.94484058,41612.1527,10847799,43410.19972,6.672546761,41431.42231,42638.12974,1340547.286,3.364539572,42141.59918,48.38802068,3.158228334,44533.07583
xerces-init,238.1598241,251.7891365,2.983261535,9.747351726,314.7748128,244.8116716,228.9271953,3.402125112,22.5010641,312.7686304,274.8715124,386.3024951,23.84956202,243.0681698,438.0867248,260.9623067,248.0879551,244.3479408,227.4927579,235.9412512,23.52723703,3.190751667,3.047730137,373.024066,3.402125112,273.7749707,387.3467252,2.865842536,245.7757802,2.885208152,392.1304656,15.26589528,242.5223851,314.7748128,3.545151052,458.1868432,3.586419753,3.687988927,232.3634383,390.9283174,269.8431453,272.3344115,245.7757802,274.695082,442.8201225,260.0457066,226.7867383,271.12497,374.7576063,274.1260332,388.9276676,2.885208152,2.865658317,254.8914772,19.04711469,457.5844239,397.3865501,375.3462241,399.1206596,394.099524,240.7992101,240.3597333,3.545151052,452.4677132,2.864031015,391.3519825,227.3815446,244.0093097,232.7555716,2.864031015,389.0397554,9.661111868,244.5304353,242.7585186,273.0976374,237.9863055,388.2904162,244.8116716,243.2043078,385.3677501,239.7693677,9.661111868,228.5700145,259.0554833,254.8914772,269.8431453,2.849153207,245.6084062,22.5010641,259.6918212,270.7873835,3.586419753,452.4677132,3.687988927,25.60017876,2.983261535,439.3213823,242.5791376,3.047730137,7.177805546
xerces-1.2,20.68099585,22.47106755,55.34076745,93.27392151,25.21474039,95.2558498,26.29548849,45.3033987,40.31085787,35.96983884,57.03268617,92.50723203,20.66008058,39.96785556,22.11754674,20.65389651,41.78956367,41.85467244,40.28559534,22.03036427,22.30850071,30.27872436,26.55969597,34.99190597,12.15669646,11.53876727,22.67415218,25.08719558,91.03789505,8.550186995,20.64087786,10.98481542,22.07418522,43.12163294,45.0438703,25.3720236,21.60186736,37.35742426,40.12940572,38.75747946,46.08317239,0.488636364,11.77308006,23.12604825,20.57047668,28.65697755,47.57363891,32.22475668,56.53675517,24.45452779,27.03946918,39.03084304,88.67053472,48.29421613,89.54027374,28.22686985,94.31398936,11.53876727,46.21437106,45.62889602,20.50175211,57.31484514,8.440952794,21.68238309,34.10043075,95.46336354,92.9405355,38.47147236,26.65046477,21.98620505,19.92450763,11.40234434,93.41819067,39.15260417,90.45363699,10.4123308,57.42235541,22.83866703,35.26697019,57.51270355,8.480168505,89.63911498,21.17900402,32.4228372,22.86522701,0.488636364,90.65221985,24.10590978,54.26930049,83.38291721,45.6018055,37.6716847,30.1299302,37.34628995,13.59885871,25.81484898,20.99350246,89.0620937,91.14104274,11.30099025
xerces-1.3,9.914128401,15.15728935,128.5852369,4.085090362,115.280187,3.781456954,242.7273863,238.1935554,240.0869419,8.882723231,118.1276549,261.4419858,222.086034,157.1220215,4.459924622,21.89293562,13.23578311,6357.289681,277.5960669,204.9833602,31.1480222,144.3986884,3.460282006,3.871270563,166.5269808,120.4230758,6283.344999,9.923036063,244.9821848,26.31988988,118.1295617,115.280187,130.8686812,150.8194498,4.411657043,7022.067919,122.8862416,3.73735995,8.609578743,218.4332922,8153.169192,270.6223435,9.784654314,166.8336658,131.1679373,222.2173837,148.3777314,8.300495047,27.03885412,19.60454098,3.766618358,255.1797119,17.44384613,7268.889251,8.172599757,8104.801589,127.4658381,245.6448947,171.9818135,7.917910062,163.0414132,10.96225421,8.413061445,249.145871,212.0248323,4.910342796,158.3173875,3.460282006,258.9798756,111.7881654,8.663270954,152.1378398,3.777188663,8.188004869,107.1025201,112.2453049,112.996979,214.2845388,109.9793779,16.40701391,8134.097295,249.9664508,15.30588409,3.781456954,113.1728793,272.9325822,15.81821253,7.600102342,123.4873114,245.6448947,6337.828742,254.9988431,11.12053648,107.1025201,6337.828742,3.89814406,6436.23688,30.27209895,7086.560794,157.4123846
xerces-1.4,534697.7399,543890.1202,12045.67205,6230.425456,21894.97248,533247.1088,21.28653594,21073.14956,275.7385801,293.7404509,22.39821615,60.93084326,375.4930307,588986.3529,69.79222844,166.702924,22.64276299,580337.4232,27.8883787,19.26792398,263.4740881,22146.00133,7924.667907,594888.9616,520401.2932,19.55738497,261.9488226,248.8434779,533572.0987,556045.2042,561557.1195,511960.6889,614799.8302,6077.390603,6345.584603,6100.015548,22.9930067,532823.8917,233.4323921,10432.5862,24.07617136,174.8829696,506168.6659,19.43306725,626145.3188,568825.3979,596815.2643,615225.9203,153.2620581,12062.49552,20.46586143,21.10784089,21.27521166,15386.11046,10123.17787,20.42774678,560627.9907,22.9930067,522171.8113,513264.4678,21.80632444,623552.7933,110.5942415,271.0726942,7786.972517,31.12333101,325.9933334,21857.12931,57.950542,623422.8296,22.04127587,58.32623759,23.50245802,7924.667907,22.24661664,14766.42595,19.43306725,529017.5396,160.3158992,19.63435717,270.8541802,13757.39883,152.0591108,21.12122274,22.365103,260.8130088,626251.0779,592426.452,248.5434426,256.4054364,65.15291919,177.0178256,564764.0044,154.9900804,59.5082253,583748.2254,515795.2638,527635.7702,527964.3987,528434.4918
