ant-1.3,15.58880039,9.718851968,41.0162084,39.2005316,1.960461923,12.3959085,54.34739324,12.70306104,12.16902806,8.092237641,3.74863147,42.04038486,12.79343005,43.0166485,4.011777973,11.92246794,2.101019948,7.54716986,0.264,40.14577811,4.976881612,20.44052774,19.71106988,43.92906031,42.84402049,20.06210926,41.99569507,20.60295067,34.92490656,51.97992157,40.39833844,3.291614217,39.2005316,42.04038486,4.011777973,0.264,11.90783671,41.2833019,14.34681372,34.10454654,39.34669942,40.24673611,14.18284138,3.791198275,40.2496736,34.85644462,11.11415073,15.57356545,4.976881612,40.40143492,39.12672689,10.00189115,37.99626044,3.403535049,2.101019948,34.10454654,16.4846061,21.12842526,5.150748931,38.29462124,6.531545471,28.83911364,4.961314789,10.33916828,53.2856534,11.751949,2.070787317,13.35279879,36.70419867,36.2593629,0.899432824,0.74280775,39.12672689,35.61471533,0.899432824,51.08543588,43.92906031,2.070787317,1.288845105,40.23728863,17.23987142,37.37607843,35.23605755,10.33916828,0.74280775,16.20875767,1.93247058,21.12842526,8.799948129,44.48177389,37.7612919,5.759444054,37.57915376,1.905503867,41.99569507,34.98710551,53.2856534,28.83911364,44.30621131,52.10366904
ant-1.4,1.602150617,9.075859976,6.688376905,7.30959117,2.244897406,9.722165205,1.634049259,5.976424747,1.808451603,1.986742231,7.941021186,2.010357033,7.214192398,5.825590506,9.83940984,0.264044944,8.177660936,2.334147374,5.856493345,1.052693821,1.832068994,7.119300269,4.523739763,4.619501495,7.182310003,5.185986749,0.471837741,9.495271196,1.500118243,2.490852296,6.283794289,1.584710041,7.243915676,1.933597209,9.495271196,8.130919179,6.984060551,9.184855334,10.79031685,9.122142228,9.886611502,6.655923817,8.780131354,1.154404199,9.828154249,8.272870177,1.657648932,1.278354751,6.871295708,1.559298343,6.935156986,2.010357033,9.582296116,7.318138329,1.103027081,8.357315993,7.506214022,8.714765018,8.346938585,4.553159702,8.694743286,9.896738497,8.218188889,8.922020941,2.092518733,5.775223187,9.589739491,1.959388617,6.797139967,7.078890777,9.714721829,6.060139194,9.218820049,2.036583883,6.23811867,1.909406875,4.459813948,1.617470353,2.353296859,2.139845285,1.517324799,6.358883191,0.471837741,2.028069593,9.075859976,9.760613927,9.16862296,2.577326199,1.032922308,5.680809696,1.143578509,8.98828863,2.23588919,1.066634267,8.407664528,8.033298526,8.955913567,1.064915495,1.586556333,0.264044944
ant-1.5,1.304846521,34.39575368,28.64740622,31.06983996,54.94637482,30.55319084,1.22728106,40.44265657,46.67708124,43.85944006,1.915635211,1.235018481,31.99408108,53.56727165,2.119029297,35.1499825,54.78824178,63.34632051,0.492243999,38.3637347,57.43342083,59.53783238,52.95433361,37.90233524,47.04911986,5.9419928,5.890410123,45.30512069,6.783695125,39.92660134,1.914393885,0.60012409,0.119453925,10.67926744,38.96428381,41.22526323,52.95433361,46.71347961,57.86967364,34.33634271,39.92660134,63.72789874,0.682531482,1.914393885,45.20895712,11.22557644,42.89031552,0.682531482,5.890410123,10.67926744,44.70211307,43.2714167,57.03180004,0.119453925,60.62882777,1.081566148,6.783695125,39.16058293,5.77265977,33.95384162,1.171188688,42.33966298,1.22728106,60.56032558,41.43444449,44.30011284,31.13576015,11.22557644,59.53783238,45.88985797,32.28464318,58.99091495,54.93048905,58.12088055,1.040509167,47.29163075,8.079537884,42.33966298,33.46576129,5.313159255,5.815666065,53.36278993,50.45788294,40.61819249,58.99091495,35.16371831,33.0334847,3.556152478,50.45788294,55.14141133,47.61960992,7.800713406,12.46953006,51.55111623,58.33116562,2.670026984,56.57388181,63.72789874,57.4459404,6.643713419
ant-1.6,1.832172527,13.89934189,16.56219401,15.46821012,33.80650856,43.69846071,7.723621012,15.41130762,11.41117193,50.18230619,16.05687465,10.33417028,0.524216524,43.71318814,0.775808195,2.506924666,3.13753452,15.18712566,41.67798097,17.13928908,0.832889611,1.808487385,12.98342777,12.76945168,14.23295462,12.12570359,10.83518617,9.544724067,6.000492478,8.353216075,2.391879667,14.36883259,11.5833028,16.45855936,11.31177673,18.71767753,50.16961184,17.82735901,13.89934189,46.54696497,6.203617882,11.1737222,12.08617822,0.749545019,18.55311462,40.61519703,8.765093073,14.0155708,1.786764804,0.832889611,1.174969566,6.420004176,2.619471507,33.80650856,0.775808195,6.36608807,14.60410661,5.337618142,17.16759855,9.024275107,40.59017605,1.244788501,8.888350479,12.41594676,9.024275107,8.054819137,13.7964579,12.7359167,14.60410661,8.054819137,1.244788501,17.82735901,41.67798097,10.45581927,1.174969566,16.74878254,6.998883939,0.524216524,12.48616456,17.34841659,8.757694073,8.732601477,10.53739068,1.848136985,16.21240839,8.44041921,8.510644901,15.25934421,2.887265266,1.8072715,46.54696497,1.2811514,1.2811514,3.306920521,13.13147384,11.31177673,13.01551448,11.66725118,12.79648528,6.478677844
ant-1.7,10.62792725,35.48643256,37.39677874,42.96681969,42.0504552,0.836515589,21.81741412,0.750377776,42.75913393,41.77039534,6.680423702,38.21465758,14.17844064,9.974888185,21.23851396,23.15330403,39.7956207,18.51308387,20.06103842,43.15926618,38.88525308,22.53419769,39.16133867,11.70200246,36.25202912,6.163120271,39.75502816,40.4410058,38.51192835,34.62442913,42.71383535,22.15908286,9.374580611,16.45478313,19.04112019,22.67261581,3.182129747,43.20668682,38.61758318,36.76008387,42.94362082,35.97542009,40.25400546,1.764238989,5.344652125,18.50489973,5.971662132,5.007136684,33.93854947,1.793424051,15.84185669,13.17879024,12.44708928,4.277890137,0.750377776,11.62461926,14.36221899,36.25202912,10.22297107,5.344652125,10.64820196,35.62068787,19.21320004,3.183317797,8.794022203,41.95263396,1.222668612,33.93854947,20.81153313,6.8978951,39.87158824,40.19808349,9.548436261,0.453691275,41.15083136,11.52330973,37.78910712,40.7824084,34.62442913,43.04258666,43.04258666,16.79368427,21.44956066,18.50489973,37.31297539,7.301635073,1.391974415,1.751593919,21.30782444,1.212990055,0.453691275,41.37604247,15.47268225,0.739025221,14.70533175,15.30169506,2.390069725,10.64949447,43.20668682,36.76008387
camel-1.0,13.8962395,16.20247978,29.79697914,269.5262403,132.780854,0.041297935,53.00936335,24.52434994,18.44187797,125.6225472,14.47616208,9.136339621,181.0938177,14.89523462,14.85987662,122.839745,24.21366681,57.49165066,4.00326532,8.032031284,133.2648025,17.64443759,20.93815846,269.1166398,143.3820563,5.907908708,0.041297935,12.18381529,43.44088217,123.8943638,11.27266602,152.1243334,0.915846823,14.25038565,137.1194867,250.4077753,149.1369456,12.92893385,23.11309876,15.17361319,125.3165447,27.29969262,4.235993612,14.85987662,251.9984027,57.39238721,11.94954891,27.15654043,154.3587382,13.5460573,125.3165447,109.7436376,161.311772,18.58967344,262.0011374,17.00593855,15.6337409,252.4551189,175.8897152,22.07541438,195.4086974,137.5236268,140.2990492,19.11052626,6.154248441,234.382985,132.0083995,130.7969396,20.60452724,140.3639858,182.5515938,48.93166538,13.4584927,235.3334514,4.033738141,9.450660334,10.01781671,44.9732939,109.7436376,235.5212437,14.85919099,13.5460573,21.06166864,14.25038565,12.04739969,43.35772255,0.915846823,19.11052626,156.1321537,171.5815229,115.9949699,116.7828279,27.40879651,3.885744344,23.11309876,150.5277319,26.20391415,18.36467922,133.2648025,183.5596195
camel-1.2,39.52353835,8.51497545,12.96977777,3.220436138,13.30052088,16.27643745,4.706627607,44.4194531,4.352873857,8.458467389,14.30482015,2.602095323,2.113110907,41.51041606,12.96115316,10.84400882,0.858552632,15.23652051,6.978186101,9.970530164,10.61867137,38.78746506,2.941207925,5.722991618,2.252045972,3.78465708,41.19221964,5.530945534,3.953619517,44.36702998,2.068107415,41.03569352,2.070813154,30.91656797,44.31843011,43.13224837,10.61968936,2.070813154,2.627167482,11.38007461,1.800139348,7.022885196,36.18053355,1.949924108,41.43659919,5.978698266,2.602095323,2.103043129,1.83033001,9.480290016,3.678788978,2.88220238,10.14259006,38.06368509,6.640735986,19.40135998,38.8192504,8.819062181,8.358084221,6.692906201,12.48251909,5.879401648,13.5325832,40.90359123,41.58707422,0.858552632,29.52200468,32.34857205,30.91656797,1.775180749,43.39127446,12.08598963,43.34413911,40.53732868,36.58305244,8.055092496,6.506542188,19.40135998,16.4920075,15.23652051,2.017529294,39.47719171,7.740127257,40.4916055,40.56834663,7.652326859,13.07935154,8.126334013,39.6603204,5.978698266,1.106090315,11.83253539,8.072676605,5.505145916,10.03228506,4.798527225,40.25722874,5.921614641,6.366792697,16.05393626
camel-1.4,91.27335193,87.53037719,96.00349542,0.597832655,6.553922461,25.0898021,92.52808958,90.33189645,10.28909737,97.15535894,25.04732561,24.50044958,25.57407768,1.63493884,1.342418869,2.874395314,2.939192834,119.3584267,0.597832655,27.46285367,1.802882843,90.98329118,90.98329118,95.21856659,3.153850843,0.384174312,7.323625968,26.64747774,9.088408985,99.26184236,9.589856677,8.705336881,95.92257829,8.127637146,10.69870038,2.91525205,117.1420191,9.675609167,92.77907131,3.143459507,26.64747774,7.575889495,9.864860524,10.42355961,7.19705933,1.011215492,10.07838791,0.634448064,3.476855642,9.331502455,8.600160794,8.707294216,87.53037719,3.209058761,119.2507346,29.86096884,7.390481374,1.277602836,0.384174312,9.147394606,0.759842626,117.7720739,30.28930883,2.494902847,95.520117,6.944938387,8.705336881,0.634448064,10.71506711,1.63493884,7.310232802,7.163153957,2.874782824,3.029089107,117.7720739,7.172310644,89.00136835,2.316711767,2.872446,1.456667392,8.159212219,7.931886668,97.91820965,2.316711767,91.57693324,1.994301867,3.0573532,0.759842626,25.62213156,2.951200778,88.1398771,94.2875192,91.19283058,1.994301867,1.011215492,9.23265819,6.38877635,2.624087463,7.172310644,98.77490873
camel-1.6,1.080850854,25.67292681,12.51486495,40.57510787,13.09371819,72.46847563,27.18231184,44.29930051,13.87520378,85.50641049,39.90729935,30.6769029,36.00095327,41.49561385,72.28506424,42.26467181,42.74135017,43.72146228,26.92580474,26.91012421,3.908288851,9.229505817,57.68697231,5.359705813,40.04882909,58.07318606,26.46741703,8.082370919,8.905478518,2.104670226,36.8156492,0.518134715,10.5857539,20.14570672,16.05621676,8.082370919,28.02736188,52.58968543,0.856640704,18.53676821,37.54802716,17.41651761,52.42251831,40.80763794,36.85528035,37.29054475,9.060229816,16.49855834,13.75016056,72.51785367,46.11890063,2.296258164,25.15160473,24.49214218,37.33193798,6.874884648,35.03264493,13.90680936,58.07318606,11.46519045,11.47388141,48.33155741,58.66085069,23.63377963,30.02078214,29.05273319,15.72181042,39.98281078,30.85257707,14.27659668,48.00102865,45.21660112,8.891049535,9.805181225,23.69810232,13.08335271,71.33883853,8.192745656,29.98234011,39.91487528,0.518134715,34.70021395,61.11823045,43.43128128,44.98284328,36.61536879,1.080850854,10.5857539,2.739075139,2.726707326,3.028544849,75.63588163,0.856640704,22.69155094,20.13902275,10.91287951,10.46430003,8.148226319,14.811682,85.49449089
ivy-1.1,32.27312401,2.076135314,32.57469461,3.920020887,29.72392493,25.26589772,14.50583045,2.082698433,2.216322235,2.518606498,30.63004138,2.315801745,30.93529127,21.68783061,43.26427502,2.082698433,15.58874598,29.34566311,2.501040115,3.452325684,25.45956502,8.082686674,50.44350507,37.24794538,35.19229691,2.205267803,8.082686674,39.86765991,34.23805832,30.83547595,28.61506165,46.02828807,40.70065793,15.27325651,29.13171243,34.62796953,54.70256455,44.93926224,44.00290601,33.7164117,54.85188354,2.243202858,9.949072354,31.78024789,21.68783061,4.701870832,37.85716085,62.16713287,45.1462145,17.26085357,38.47799338,103.3158155,50.84167728,2.054707126,3.248457823,2.315801745,50.52704467,62.07473301,54.83113417,2.099099099,32.89688826,48.06464784,3.452325684,54.89234486,28.1724875,3.417369271,27.64040887,2.944305448,65.63332546,105.393332,2.099099099,39.70684037,55.88757435,47.73127613,51.5997847,38.59269291,2.189577729,39.86765991,28.92542856,2.189577729,35.26177683,46.40839,2.229192282,2.243202858,37.05374497,3.417369271,100.708865,105.2763771,54.70256455,36.49986806,25.17548534,5.060767731,103.5129712,37.92283704,50.32290697,30.34256942,32.58593744,36.02377425,30.72681728,39.44594428
ivy-1.4,12.02719315,20.75718382,2.962270767,29.25203354,32.32951093,23.03319424,23.58103,1.639918486,1.745397114,19.39894199,31.21565452,40.53293645,3.39105742,23.39933067,0.074688797,1.965149377,2.644079432,18.17309374,14.95174996,2.927300764,2.049190069,25.38777955,1.67753486,3.972092062,23.46104261,1.803451365,1.773616533,1.946606059,15.5916743,34.69534036,11.65126158,33.71158241,19.50497052,19.39894199,26.98513528,36.03828974,2.269713059,2.856083585,2.623894973,23.65379342,26.86276688,19.21498213,11.65126158,246.4623129,1.747654755,2.574062771,1.500016414,13.60960443,18.56097874,41.09553149,1.91037425,20.63496722,32.39966374,22.70271416,29.83827887,0.626240787,35.94812618,0.457322901,2.389569815,2.397033522,2.97256608,11.19718048,23.61527347,12.80703972,1.879068345,3.006634043,18.69859486,40.96524895,16.6412661,36.7795484,15.1289648,0.457322901,20.67576957,40.48684173,11.77107638,2.212308449,25.32248604,1.100787564,18.17309374,40.75330682,19.23964721,2.562361838,2.908040112,1.100787564,16.79045874,1.798787432,29.5338165,4.415144504,2.154200521,41.21735755,34.20658447,1.703787643,0.074688797,26.22757827,26.506937,15.06212841,29.25545092,28.93384794,1.546633275,4.430347845
ivy-2.0,12.90502552,331.2753738,350.4201298,0.589099302,11.10574867,388.0516468,127.1923972,285.3931251,349.3997506,305.3161062,320.2103624,184.8576855,184.0465356,399.3241888,238.6461797,16.98535446,10.76066859,1.720754007,135.0241423,461.2216026,37.56675461,330.3798487,55.52289904,17.94127345,52.63774604,247.691673,459.3857498,1.694059687,350.1743537,44.54273484,380.8038017,0.159090909,434.9522458,352.865706,401.5190841,8.245390228,12.90502552,8.913592918,115.9146597,300.8110399,316.5027268,438.4146621,297.8668952,10.76066859,250.3517039,6.13189114,463.5580841,442.7583604,377.2607465,365.8692346,9.58400466,8.089611474,288.9428491,250.3517039,3.049153638,297.5848298,351.802847,26.31286195,4.664058316,127.9367903,376.8147827,291.20015,371.0467577,329.3600489,434.6527683,3.685338992,315.6090535,464.8419792,457.2058537,15.47500123,450.0573229,99.43298594,0.159090909,409.227673,147.8063179,255.5505471,5.05301056,319.8149703,445.599134,408.3983085,1.100152861,378.4112487,138.2058833,95.62765864,89.70574541,146.0016821,3.988478682,339.4227715,304.7731012,442.5406376,434.3907016,306.0962278,451.1803991,44.1277195,26.84643586,16.4061771,74.50799703,1.100152861,0.589099302,315.6090535
jedit-3.2,141.9021805,84.63603729,107.2769493,66.38094183,1.674448083,58.60996202,58.19752017,47.97054881,84.86228011,84.75145831,13.23279694,21.65842272,104.8739341,39.89292292,49.75821281,12.26088772,48.37547462,41.04109887,41.64895201,51.55049482,41.94633949,81.61740653,1.828938985,13.24343307,11.80777094,3.745588816,1.404411765,10.95864591,55.90369424,62.01855159,1.404411765,109.0746314,48.15328474,1.674448083,2.795873341,50.22660231,12.0698605,1.458840107,83.71153059,42.06989261,25.45887933,37.36046567,2.791213859,8.998495807,2.73981887,86.11817554,33.07180784,5.614639663,1.975877746,28.70384422,111.8283203,65.56720377,97.09411952,57.83002257,39.76592171,100.5812165,43.00705051,5.315356424,58.51234282,108.3006765,1.458840107,63.70442786,97.52680624,110.0119755,71.52736629,5.315356424,111.8283203,57.13265522,33.93657767,81.54036459,13.31809726,109.9787188,13.33916574,54.17202171,64.12162572,9.786083515,43.07221565,89.11263301,22.05858358,9.911811032,55.68302197,2.442109934,9.231556992,38.27915954,1.770921537,4.365095776,25.60771307,46.07131486,48.40240771,59.9432371,60.49226027,51.88182226,43.87746216,38.75103826,141.9021805,48.8042514,70.49066435,56.97993626,84.63603729,88.93831016
jedit-4.0,18.24951825,15.49123153,13.34533076,17.31849422,1.323462077,3.28559523,5.97962108,3.08879438,4.627510696,5.71988274,8.51072136,12.11419885,21.16784373,2.932702921,15.4156742,13.48449926,4.906682006,15.46403001,1.31451477,3.190312522,37.60682332,12.53910222,17.88563259,11.94075141,18.0450713,14.50939122,12.06077824,14.33476504,15.39534987,14.62553928,16.47226898,2.550139221,12.14488673,19.79653759,18.91465341,1.321103527,2.787769642,16.94724829,8.51072136,11.86049882,14.88787534,11.53326132,10.37894672,20.04863849,17.3887403,5.729081474,15.94934894,20.08773198,37.60682332,3.370261689,13.02764757,1.308151059,18.71143092,18.38747967,12.36883476,21.05537831,12.14488673,11.94847415,9.207448967,9.616859704,12.06714211,17.89850252,18.0363955,12.81488896,5.729081474,14.92579295,1.452137028,16.99540239,17.89550637,18.41357412,18.46737679,18.79796418,10.06022304,2.461029149,11.94075141,2.564657082,5.982128166,12.88938701,20.62150991,0.738562092,13.93058784,3.219291815,9.490211624,2.308986273,13.74267138,12.31542888,15.17499697,3.986460393,19.6303803,16.36747395,9.173948003,13.46053698,0.895595721,5.297224165,16.99200654,19.06147395,11.56909827,17.40226238,0.738562092,16.58501433
jedit-4.1,40.63293829,14.45034917,39.17683559,15.74932564,44.37197976,49.06840988,5.991660303,8.066544083,1.70309187,46.31507355,45.63365795,2.45302011,50.25815854,22.11451588,17.04688731,2.438469457,1.000903237,1.019361325,44.76459099,14.63046419,30.10099996,5.991660303,21.33461102,49.7453386,44.76459099,41.41443372,19.53603725,42.31478842,41.76306401,23.69560283,27.00785242,30.08451896,43.4970064,17.59622709,53.93228467,17.04688731,49.85101156,11.59232565,22.09869305,10.22628482,8.679537068,47.13175008,17.04065415,41.21586347,53.09535449,21.34677968,44.04062742,28.09988821,22.00314843,27.28817338,19.90089022,20.79234225,18.18072738,48.69022194,16.18677428,17.47242885,23.32082038,47.35717954,22.82812261,47.05768394,1.019361325,0.867245328,24.07073903,45.79671652,46.69951652,20.27679855,19.07059075,27.26562144,54.29971681,53.20762111,47.45440665,42.88263124,0.867245328,0.695512821,13.22892609,9.541951527,41.05069317,19.30300992,12.56237568,41.9995349,54.29971681,49.56155224,49.75296914,25.23630543,50.31789308,22.00314843,17.7826896,16.45929846,41.90680405,12.17960372,42.02861287,25.24645417,43.18036955,1.70309187,1.000903237,26.66515691,0.695512821,44.88353035,18.24543579,50.31127383
jedit-4.2,11.79207201,23.65051925,42.8942627,5.194737842,45.31410262,40.69499874,23.06946293,5.785948593,10.36331197,10.90647561,4.454757412,12.45302592,17.032144,17.26472085,25.89793387,14.9709153,47.03820033,47.03820033,15.45899659,49.93749039,17.27551175,19.59410806,46.74119412,45.16628584,48.22799536,6.872035831,1.527732562,0.625221311,53.46921107,19.04228189,1.050016924,44.80196861,44.39699112,25.0536401,1.050016924,46.21831323,53.46921107,14.9709153,9.579292426,46.21831323,25.82161306,13.01548266,15.27027182,19.59410806,13.75836239,44.29045375,25.26692311,11.99703902,48.3394778,17.2022442,15.33173369,6.872035831,21.06603321,9.066002351,24.7524968,0.288828338,22.30778155,23.41784806,13.80352115,50.04429118,2.960407041,22.21602529,43.0663638,1.549261175,52.62327414,46.41426607,26.40043244,18.35414725,26.58925951,43.18144001,25.36255012,40.69499874,51.60020184,44.97195349,18.58379751,20.97423162,47.97826452,21.47620409,20.72849403,45.96168908,46.74119412,12.57923371,20.31249224,21.89322336,47.92202418,23.95539412,8.295456772,42.68202432,1.363499251,24.53351903,8.863074398,10.5066544,0.288828338,0.625221311,13.80352115,16.52091459,12.97724274,12.88436231,44.08875766,42.79116998
jedit-4.3,9.994562015,13.21732155,11.89498044,11.57410247,1.598339676,14.34433969,14.78678789,11.86925678,10.57302918,3.877726135,13.40293952,1.075210089,0.421187222,13.35973955,3.949146514,11.31299818,12.56969959,1.072221605,9.863980171,9.644926558,9.308666514,11.05177333,0.421187222,14.34811623,0.610457746,9.431445883,11.99383318,1.981255872,2.098597485,3.66141536,15.03122112,12.37013035,15.99751181,1.560506889,14.39761608,7.447911612,13.47460353,9.994393331,2.146871997,10.53787942,12.7053128,8.910848854,10.68765737,3.951930708,2.757923309,11.01449018,1.749173766,12.57152284,10.86144812,15.01147842,9.126431065,2.946496681,2.917329923,15.23689778,14.84056586,0.024390244,4.213581393,1.598339676,2.028362194,10.86805287,2.497976512,10.78301498,11.82949513,4.650439429,13.46210626,2.042954467,3.607991221,9.880330969,0.024390244,4.507247971,1.560506889,1.565996678,15.26305531,3.942961558,9.006578072,10.80450065,2.188030853,3.728357862,1.072221605,3.730132066,12.64384597,3.005723873,15.26305531,7.078156947,15.05999712,10.60593155,1.989284276,14.65476852,10.72608617,1.075210089,2.746746809,14.92605673,10.85165791,4.056907686,2.998261896,0.498823959,14.19524991,14.73462152,7.447911612,11.93962076
log4j-1.0,14.99963391,3.254211675,3.609108573,16.5608349,54.95261138,54.06068879,89.66226402,47.8181248,2.975191142,3.291579522,29.46241631,18.18139796,0.467012496,59.42291817,93.14859207,4.596979866,54.21070104,20.19003419,3.100079259,89.77678876,0.657317581,62.98074995,93.31005277,48.93674638,9.159175484,44.35350605,43.20701405,48.20534033,48.94371484,89.74771049,24.69738023,50.28507613,29.46241631,44.4149481,90.46196664,3.145149554,52.20308199,46.62094579,63.79621311,48.79710148,15.05885346,24.87928268,3.275933799,47.97758216,10.75952656,90.33867279,1.244988511,43.02700524,93.14859207,12.9279488,1.254899524,12.48752878,48.83143459,0.451851852,4.03031288,5.422953877,56.2248685,58.80356208,5.737399841,91.71176045,3.180109261,89.82709687,59.42291817,43.37261366,4.417699972,62.34560402,3.625419838,1.131025574,89.82709687,0.671989063,48.15488306,16.53985531,3.100079259,0.467012496,45.3353372,0.671989063,3.275933799,54.95279229,1.33568735,3.291579522,21.6884528,56.2248685,87.12001557,47.8181248,48.20436191,47.73314876,50.46731467,63.50277987,32.97008292,10.66576236,52.24883456,49.27874009,2.105402638,56.6359501,0.451851852,3.145149554,43.3118489,62.28551274,5.778353593,46.73307898
log4j-1.1,31.14588637,1.187401821,21.2621388,32.60563767,0.776750327,3.111097676,4.641526423,0.788990826,41.25736587,36.08518486,4.628936919,18.97999832,43.96605772,10.37755666,25.76825044,38.19165137,5.918499336,19.41613902,2.856131276,3.528422114,39.80268431,20.92169084,12.17468836,30.94135113,39.96403427,13.92804467,3.528422114,15.52357948,45.92480646,42.9040496,38.8126255,10.74204369,29.33167312,37.33653373,19.99042197,42.78296402,11.62200739,15.9344599,29.33167312,33.41519858,3.699626976,32.08621843,31.58471809,42.26074429,31.51271737,0.999622998,26.90097773,0.989646374,38.34494234,12.07936805,42.24967711,4.306385184,6.523020766,39.55067637,3.191961083,2.412804946,22.07090434,35.99114217,36.93698107,41.29609693,46.36559951,39.83859811,43.21529273,3.814499833,31.51271737,10.77689938,30.07447158,46.38423378,2.579693966,30.94135113,12.96536753,25.15127197,46.36559951,36.6502683,19.19276298,26.21023319,30.07447158,34.65774488,31.27354351,11.53142994,19.41613902,6.073545293,0.788990826,36.93698107,7.044533521,2.275488391,27.01910381,25.13015283,18.49098919,13.99667134,7.335855517,39.83859811,10.37755666,0.9400445,14.07399983,7.811924894,22.15708489,37.81163826,13.35605809,39.50249307
log4j-1.2,1.364396262,3.774921341,3.067831065,4.662122824,6.226214492,5.816205613,5.530950215,4.038140892,4.050158931,2.429268293,5.492674634,10.10982763,1.222773205,9.901463256,5.885815985,1.996652434,7.090941332,9.818420791,8.002686669,6.497032461,3.88040385,5.415896319,5.361939869,1.213651474,1.787787863,5.962960696,5.523215547,10.03880915,8.422597962,1.188713544,4.264750451,1.272500255,7.386088802,1.212423825,1.239139992,1.267182647,6.367850329,7.090941332,1.277238283,9.868663765,10.16254884,9.868663765,5.582533724,6.265654463,11.11697174,1.205703534,1.235352316,6.851745769,23.54296234,1.26763314,3.707917749,5.93723539,7.860047688,1.24821888,7.425879624,10.97386321,1.93369405,7.123088062,7.614273755,7.494386411,8.152397034,1.219378909,23.54296234,10.90000663,1.239467936,8.850532503,10.495984,8.429601992,11.09449571,2.727806197,1.26763314,3.964380476,5.487653334,1.268832223,0.977615233,3.774921341,2.76843495,4.933672881,6.743681016,6.43149744,1.168625179,1.219378909,8.452732905,5.731291693,1.243735477,9.530090697,1.996652434,6.498685796,9.895900206,3.792023167,6.793316008,10.87038549,1.231251133,5.265988883,4.994756409,3.291971193,2.429268293,3.707917749,8.553564112,1.171759753
lucene-2.0,24.13947291,44.29272894,190.0417405,21.51017799,42.5468018,26.73210249,27.19525514,15.1846236,225.2401163,16.60442187,40.51007478,25.15904835,24.46746019,26.98274093,25.81626736,189.3789638,44.29908766,8.646058771,19.84575115,225.8755157,23.08925455,42.90179188,16.95742544,42.68612371,33.5719015,11.68699986,13.1129228,29.08562829,228.1429196,220.8169936,1.952949113,3.153626582,3.354345076,23.71763856,189.3789638,34.62009896,15.1846236,47.32673597,26.1976349,1.374358974,24.83104326,34.8146083,20.1471304,27.08688581,1.426813851,1.374358974,25.59113871,19.85598263,23.1940657,14.27045383,25.09671183,230.226511,24.55105871,12.91700068,36.55458267,4.295560205,11.05142931,186.6272899,12.91700068,32.19548167,231.3482372,10.52425296,11.05142931,23.34951836,37.84176133,218.8267258,8.277226397,44.87669074,228.7064016,4.295560205,32.35293874,48.08459911,14.26011796,11.2411087,186.6272899,23.63817322,48.70157629,25.37225097,54.83680042,3.745325313,48.05812338,11.07426457,229.0391847,16.96295051,14.03415913,21.84324481,27.2343,18.32437411,32.16240727,8.646058771,16.60442187,4.578574478,218.8267258,3.745325313,1.426813851,40.73659367,22.49559038,228.1429196,40.65881254,231.6838681
lucene-2.2,53.51117584,371.5257444,52.90021494,4.326085668,147.057613,378.7295885,354.8391344,9.320830982,83.35149148,386.0299428,1.729846465,412.0317391,353.3783833,1.67611336,83.35149148,8.961623766,1.677979489,29.83939818,28.48042576,35.16623172,18.4647815,23.5190628,88.28665034,3.763723593,15.60325188,59.07463637,470.5635611,29.59927738,59.15316916,61.516331,388.6323409,459.1721338,353.8924361,9.122837303,476.7564545,458.2010489,8.937031043,64.93654198,66.78287669,35.16623172,378.0587116,110.8801745,57.35923182,9.122837303,54.9340546,378.0587116,12.78275898,1.67611336,1.729846465,21.44078407,16.71738741,16.88386457,54.39341626,16.63032456,15.17118457,372.6934592,51.16622097,80.24855192,62.17162248,40.53074256,7.822027693,377.037957,387.826767,8.4826331,4.583255001,8.937031043,87.18383854,370.4455472,475.721405,145.5049256,30.42218935,87.48798252,475.721405,14.93329102,62.35397745,87.48798252,365.1122746,88.4860661,1.596551759,147.057613,51.36004685,13.13421973,88.28665034,57.09960059,230.4695318,41.65600823,368.6167303,230.4695318,386.0149504,1.67611336,458.2010489,59.15316916,476.6254933,1.596551759,24.37135555,9.239903554,144.8064327,408.3829574,1.736965685,4.326085668
lucene-2.4,4.173606117,16.7377128,3.66963708,5.072136801,19.41003225,8.402189191,6.536722573,3.128311179,2.769277872,11.07873602,14.99817946,5.28139498,6.281094027,5.22517376,2.244035603,19.64731787,14.1379028,13.40998137,8.178143209,2.764032605,22.0786207,11.71179081,2.083932186,11.83420333,19.91691656,9.957544046,22.59141421,5.595486623,3.458550141,8.190989437,8.418292963,20.805749,8.999555206,7.031129532,24.19177314,4.499942902,3.1404347,12.16819889,3.304488341,14.88366723,4.490844969,7.44076726,7.177170971,21.42189163,22.08282476,1.858823529,10.0446704,2.535799087,1.65242709,13.708939,3.006796876,17.84180699,21.63473405,3.366436945,12.58174867,14.15049422,16.04716156,1.65242709,5.684603462,1.602882153,4.582476701,2.244035603,1.58585469,3.050157946,1.858823529,17.00279068,6.40255223,22.13698208,16.05341105,2.24920702,3.564330437,4.805510326,5.200919377,2.397678662,20.66101173,4.035886737,25.04748627,11.06701096,1.58880055,9.497353108,20.97703202,3.944368029,4.574794424,18.55804298,2.447950395,18.28754169,19.08767776,22.57206686,17.9504688,11.93710513,25.04748627,4.035886737,1.858823529,6.095073242,10.35217381,14.65339408,5.086352191,13.07994981,4.205898187,17.12503304
poi-1.5,16.24839948,5.325844371,54.51925465,16.59891177,46.70818133,3.131373347,3.000859306,32.06796847,37.02354431,232.4787911,2.929437165,72.88311312,50.03885411,47.07357989,69.43290883,4.533119422,44.94884326,22.4347931,19.76864606,4.566645384,96.04381903,2.486090247,22.0484284,16.82340983,16.45142716,17.31754078,75.64249656,1.303837093,52.04167855,15.97554434,6.688949747,20.66604808,19.08815619,3.699028389,38.06858085,21.82358209,63.71577119,1.303837093,95.79859287,4.851290144,232.4787911,2.447990775,20.7763899,19.98279203,4.498649044,53.41683297,30.72862422,15.17516224,35.69959957,3.146678043,21.46007817,58.63560431,26.17758206,31.67736144,2.447990775,3.131373347,47.33416422,40.16092516,6.024696529,64.16408435,67.07056231,19.65874828,4.725521812,20.52043153,31.30644609,49.83839388,31.11309329,4.303905415,3.118930386,1.443037975,5.058519745,42.39879911,20.2952558,56.73066865,49.89673175,3.699028389,17.33274207,22.83912425,3.118930386,30.39971622,67.09383881,54.35777712,4.713921465,26.17758206,51.58555732,50.50886322,64.33310715,28.66017949,1.443037975,42.39879911,27.7585477,29.01106698,29.90217462,67.83064723,27.93252611,30.97951542,49.07634454,31.78361432,15.95373294,64.16408435
poi-2.0,8.787932095,21.60732608,8.879778195,22.88083005,0.501119689,1.038150259,0.124203822,0.124203822,0.124203822,23.06210094,9.07888211,0.501119689,9.273550607,8.121569793,0.124203822,0.124203822,0.124203822,0.124203822,0.124203822,13.24976556,22.90507751,0.124203822,0.124203822,0.124203822,0.124203822,0.124203822,0.124203822,0.124203822,0.124203822,0.124203822,0.124203822,4.978170947,10.30346266,0.124203822,5.18864048,0.124203822,0.124203822,5.181249688,23.06210094,0.124203822,0.124203822,9.381729861,0.124203822,5.181249688,0.124203822,0.124203822,4.740237107,0.501119689,0.124203822,0.124203822,0.124203822,0.501119689,0.124203822,1.038150259,1.038150259,0.124203822,1.038150259,8.652720925,23.06210094,8.879778195,21.60732608,0.501119689,0.124203822,8.879778195,10.68925714,0.501119689,0.124203822,9.01829546,22.72275479,5.181249688,0.124203822,0.124203822,22.56573136,1.038150259,0.124203822,21.60732608,0.124203822,9.07888211,0.124203822,0.124203822,0.124203822,0.124203822,8.680912151,0.124203822,0.501119689,9.670152456,0.124203822,0.124203822,9.945012265,8.666129521,21.60732608,0.124203822,4.740237107,5.181249688,1.038150259,22.56573136,5.124110284,0.124203822,21.60732608,1.038150259
poi-2.5,21.76997049,3.336355072,84.65045707,17.25857091,1.07863002,12.99666733,2.806437362,5.136413139,22.8703062,7.293665227,4.278935255,8.61737869,6.802336178,8.310044539,84.18517184,3.448337135,1.199220021,1.03355149,3.713258026,84.32887207,1.133068102,1.288311688,6.44674796,6.920940124,2.444975228,6.077126835,0.884548187,1.032461455,3.899638374,23.19356457,37.36799261,2.978504012,1.695696565,20.58262079,12.99666733,5.077433933,10.95453429,84.70160426,3.122737091,85.32651839,23.81600211,19.80390631,3.520869314,6.053973946,84.04296498,21.20024345,3.909129777,84.04296498,21.67483203,18.41916991,24.32662548,17.25857091,8.806237485,3.84907744,2.275325805,84.18517184,3.520869314,1.004738276,3.864671848,1.288311688,18.81474652,18.41916991,1.530666467,9.349108255,20.24466291,3.047505006,8.390037437,3.180601029,4.953524229,6.425691422,85.24680745,37.36799261,5.192391929,3.076948117,2.891315707,3.965804807,10.95453429,24.32662548,3.838598324,26.48674917,18.99167744,0.999582339,19.73894677,1.03060454,3.076948117,5.136233852,1.900102947,5.629371662,8.417647938,37.584704,22.63735482,27.18258303,84.96631815,18.80922653,0.878441591,2.891315707,0.878441591,3.336355072,2.275325805,5.152367784
poi-3.0,38.21881513,15.55698805,56.48829176,36.82667598,1.532265769,36.89046671,1.550654342,1.131221719,23.07869259,48.43487571,4.529635293,110.7510105,51.61443254,33.30181867,8.834363494,2.79052751,6.478468781,37.48047096,63.92316001,21.79763397,1.131221719,66.54112303,58.0026297,9.030393832,11.91370504,52.26780555,63.88109536,7.832120342,1.550654342,73.1342409,55.74424522,5.945593787,50.787605,40.5423349,42.24685916,46.90389295,51.27973022,52.18336657,45.42379091,110.082075,0.933603989,57.97813448,113.6163317,55.78662219,61.86385385,22.1714588,15.33993033,51.80481369,65.95128475,14.78094037,0.95488848,60.79216618,30.07933984,60.94077105,36.26010721,5.415385312,15.26647035,14.96265359,4.529635293,34.67343148,32.06658978,71.66640862,8.342946079,3.657989743,2.065180345,0.95488848,109.606254,39.5898599,3.502591622,66.85791469,48.43728905,73.63586671,69.53881843,5.612433147,21.1097071,16.3869638,22.24865541,0.944556598,5.559635718,0.933603989,9.833578215,113.6518045,22.76941674,16.48410093,46.56919063,29.22976731,54.51024306,61.17436466,41.78635452,2.79052751,66.63024587,43.69510293,3.875141239,80.34709634,16.30646111,46.84556446,59.26142543,108.6035444,39.66944005,9.999761333
synapse-1.0,40.04029748,10.17892914,9.576229272,10.03763972,17.67881991,2.254583964,7.793494003,10.81039338,0.553948057,11.26207441,2.188850238,9.621323901,12.9207149,43.3979013,16.04317408,183.3975008,18.58767288,0.133757962,11.45322641,43.53934674,0.133757962,4.969898166,38.48058025,2.181048234,22.41500642,15.8512387,37.63486203,11.07203056,18.95056939,15.8610998,36.2306858,21.81282542,11.86732785,0.351373452,44.29493927,41.27320566,38.19775741,37.66063823,10.81039338,13.62089292,9.621323901,16.51262516,38.39224386,14.96144738,43.3979013,18.33645436,16.51262516,44.29493927,1.628080229,14.54992368,12.94790781,17.89497397,11.66193536,6.382329592,29.70159616,0.351373452,16.29316916,0.553948057,10.76060201,16.81618899,37.00416841,10.6989124,15.43928675,40.8617763,29.70159616,2.254583964,38.10540641,7.793494003,37.81069789,13.44516585,12.96992898,18.95056939,37.85253333,18.50926927,6.382329592,11.32654929,11.50095166,4.969898166,9.219928353,11.89865547,16.41317315,1.628080229,17.53461846,6.986117928,40.04029748,16.29316916,18.74232615,183.3975008,11.98263955,16.41317315,17.89497397,11.18242629,10.67449492,15.8512387,37.63486203,6.163042666,12.9207149,14.96144738,10.67449492,10.6989124
synapse-1.1,10.87906826,85.86026813,2.246769474,107.511307,2.939428145,2.877403194,16.8134879,85.59216495,16.00314142,80.54973062,4.59766128,9.357590303,82.77503264,3.414232883,3.834723895,10.63120381,2.310503111,94.32697335,87.05144528,0.833517062,75.18786614,0.445945946,6.7831218,10.63120381,4.620498385,2.145836703,2.044582507,75.20024303,18.54768607,88.05346995,85.09049684,2.814805803,83.50770657,2.661773855,10.69043078,11.55889128,85.30334398,94.3993996,83.19420488,21.15449159,3.613497565,122.9706982,86.66802987,4.018872159,5.205278357,79.41840997,0.445945946,3.414232883,2.858604137,4.108722792,85.57260099,14.61636109,14.96345584,4.745572269,80.9332084,2.929895734,11.5641731,7.471244255,14.17214629,0.638213836,80.98049337,2.246769474,7.471244255,26.24906274,2.310503111,91.8188203,4.608513173,122.8059969,4.342322068,97.4127558,94.62473146,8.683588903,125.4113837,0.638213836,88.02142018,125.4113837,8.365406853,92.95673291,95.71217933,2.852796381,3.019692232,79.61778829,92.98534635,125.1742496,123.5076454,26.64164547,19.63106091,2.761316425,3.322126376,107.4940945,87.88685398,3.613497565,81.49746723,93.50162081,83.50845454,9.359668432,26.7803769,80.16398444,77.59999397,91.79710325
synapse-1.2,15.29200724,43.71748909,32.64162219,33.04635207,48.45324848,215.8056036,30.31095112,10.07908732,51.02949941,8.764800055,0.56640625,44.33544514,10.77267925,1.415300903,3.937764214,9.581860885,10.1535827,9.590471858,29.55721632,3.16626469,13.28382851,38.64925893,23.36295878,7.32596856,42.35518874,10.27299194,0.790281508,29.890731,8.574121401,42.0827618,30.17290606,20.98402453,4.06245033,8.574630214,16.45436706,219.8136626,9.055350752,9.993935952,48.15006458,213.6146257,10.95075065,10.31551117,29.53237756,9.312579411,36.29841825,18.45109759,30.97205203,4.236689908,25.37482237,15.89349728,219.5062137,208.4387179,45.30267809,9.469050953,11.08777673,17.20127414,9.710242129,17.54042578,0.605851618,224.3152751,42.74730034,15.91879424,29.02736215,8.574121401,215.8876818,0.56640625,213.3635748,8.753158963,39.15174954,37.69097885,31.79972358,9.838901945,0.605851618,2.063003958,7.29052219,2.011471992,11.5072146,224.1764409,214.9816696,10.81633319,9.993757879,11.69714982,1.847597847,17.2432682,9.482011036,8.634927541,13.52334144,35.18393444,19.06769331,24.69586827,9.055350752,43.46528578,34.71009065,40.36181922,208.4387179,0.790281508,8.191179549,39.85860323,224.1764409,10.78817613
velocity-1.4,11.00738066,8.103049596,12.47415182,11.67715515,9.298175809,1.746346915,6.127417063,5.886272938,8.908008839,12.03867191,0.834189916,5.070957766,9.434585871,1.172794774,8.400528299,11.00738066,7.86247269,1.071428571,9.616405915,12.42702166,11.27066979,5.187812003,0.846341268,1.793789789,0.791255608,12.15138431,12.82863618,5.519822617,5.599392802,0.612024494,11.14360058,13.19122503,12.51915389,8.756172256,0.926937804,12.51915389,1.224096045,11.82040923,8.563339728,5.424635843,1.035965577,0.834189916,11.92156807,5.886272938,9.443847458,1.011169763,12.15138431,5.141558021,12.80159533,9.216494639,6.127417063,9.057059452,7.774551994,12.89961413,12.65562327,9.072960663,9.027654008,7.183842939,5.704540531,10.77779493,2.298493746,11.08244775,10.92224999,7.86247269,9.528271222,2.298493746,8.294672898,4.966603037,8.924470335,1.035333891,6.036375352,8.475098627,8.103049596,1.071428571,1.010232511,8.503766094,11.30102171,8.83106489,10.55827885,9.616405915,8.146516341,11.7144083,4.617469706,12.58445361,10.77779493,4.617469706,5.443136794,0.979627255,0.792185875,8.363977322,0.612024494,0.979627255,9.191106789,11.70982153,4.90756783,7.407715795,7.681303125,0.859808368,1.655784284,5.319420523
velocity-1.5,1.214985592,35.94824066,10.06625119,6.734234529,33.42826463,265.7116294,6.693637331,26.81868717,265.7116294,5.730926323,34.09855255,31.15509589,364.4596929,7.225126204,430.7197033,33.41560467,7.316430535,457.1007931,1.159671094,20.31594588,430.7197033,1.248263347,364.4596929,5.770006732,17.37283088,6.347392225,48.89386415,1.61225251,42.04026309,24.40675545,408.483096,41.94782685,6.435227453,592.7936226,1.209809027,23.06379491,7.058870705,1.358778187,6.31977859,361.918317,1.919678376,51.94712999,1.848080086,20.19804203,57.762403,246.8588304,57.87909674,2.105362878,1.825339002,3.837343497,1.299797318,6.296146618,401.7799736,30.58894986,18.61992336,1.226642401,39.34055386,39.32542414,1.299797318,4.716562127,6.637932741,1.804625792,398.0837011,408.483096,1.235961767,23.89538403,1.623947802,4.716562127,1.613695918,23.81312777,1.546728972,9.088368908,1.216342292,33.27048614,8.473864101,246.8588304,13.09939566,1.233873403,38.15438915,1.600284618,35.90485174,6.693637331,592.7936226,24.92828778,1.546728972,22.98261581,32.1664943,2.488212021,21.29246195,34.73871187,33.15793731,3.557698861,1.264128892,1.226473115,6.305498646,305.1699572,3.22776835,25.5529338,1.651555107,1.477904782
velocity-1.6,22.11282826,55.39894653,32.88255128,26.73901097,35.63997979,37.32233856,22.92058979,69.00052404,70.86565495,26.29593353,38.24942924,51.10200202,26.96815859,5.389520453,0.829694323,25.91577612,53.98262234,25.47028777,0.829694323,22.27960899,45.87253917,32.15751901,33.91415847,23.13864777,35.74472466,22.18766835,29.96601787,92.00293352,32.15751901,25.36844151,71.92598137,61.34516305,24.82461899,6.658301172,6.980148249,6.998761183,47.76602922,27.76245573,25.70332353,29.46251743,47.83251927,28.96526839,79.61123389,70.33695987,0.838547154,60.10069617,52.82481981,27.31874309,249.8615652,23.06196733,26.76987278,34.52942513,5.857718863,79.83172041,35.56571079,38.98151047,56.29396688,5.857718863,249.8615652,29.15235958,50.53317477,34.93840072,27.61727755,46.83099109,32.55823184,33.79425454,45.36199969,33.33353239,42.4339643,30.36603177,53.71006112,26.47880404,43.64312941,47.2295783,44.70534868,22.55905368,37.05224086,28.66649789,7.081997886,26.64645331,33.69437399,30.78097905,5.389520453,74.85237287,52.27839775,0.838547154,48.13316764,23.23142026,34.97164788,32.54185429,25.61097791,50.53317477,33.13584999,47.50201321,61.91098132,25.03921823,28.47070358,66.84580178,31.1480859,48.3708027
xalan-2.4,428.4075812,426.8520046,13.97682283,326.9623975,404.2861893,12.65888255,314.6296099,4.17894587,313.2573198,400.2765445,33.33803091,3.146689015,425.7121297,320.5941617,11.23406574,319.6534178,316.1668759,13.14233399,3.772254674,2.509056158,436.5746575,2.366861556,402.1052961,437.5634108,35.98056827,19.07156093,332.6094944,365.500527,11.23406574,15.2680558,0.957941777,1.218254689,5.435603633,359.045935,4.041666988,314.9124009,16.62219082,367.9364821,55.85460326,399.1495512,409.4841535,338.9753011,311.1697442,15.94323747,419.446234,412.1712744,15.46161869,367.3192867,408.4887858,16.96636406,429.0522759,29.97150583,350.5803305,0.575594905,356.5426313,416.9447806,52.99890701,4.17894587,2.159690894,4.511892835,3.125284678,318.3729756,2.648455839,325.8225398,427.166064,418.9441399,15.2680558,349.5314552,334.8168837,0.215767635,36.05985571,353.3152277,409.4841535,349.0700542,0.215767635,46.11619701,416.2195927,346.0841533,411.4541426,328.4272984,48.84768525,311.1697442,2.261828825,336.3405023,0.957941777,0.575594905,355.2617189,4.874316767,5.096534105,325.313271,398.0245332,18.10117858,20.68043301,5.714361921,12.62000377,15.94323747,39.60388585,2.855786413,400.4427419,414.6291346
xalan-2.5,5.185042537,4.825213461,31.74452568,13.92105261,32.4154786,23.42795072,5.007242072,379.9077203,0.697494525,34.87579339,33.84699411,10.14615633,7.733092563,0.661270237,379.9077203,30.64519496,1.960816768,29.73998468,1.901700219,38.25377546,28.94022812,34.41663781,23.92620074,24.68662434,32.88616769,4.580811008,5.802894246,20.97814043,12.05485673,30.56617346,29.73998468,32.190763,8.691055724,45.19691717,35.9378249,40.50487733,2.431934472,1.735435837,24.0266312,2.749860326,1.459629099,33.75912496,6.171005299,17.22476787,1.381010315,33.27244395,36.85832221,35.90650407,19.83791016,38.91591343,17.28658195,0.661270237,1.047892612,15.16952353,2.865916142,20.28296659,0.660578026,7.481534297,21.56399999,7.157011993,5.093750024,4.427427394,3.756859857,18.75080864,20.64889837,22.92862229,36.45002947,5.572704047,11.61821456,30.12354525,7.018846384,7.799583658,38.19205733,19.63316078,20.22695584,37.03418175,5.528473912,2.846398419,31.36240906,11.7212372,17.08876222,35.18680701,11.90534002,11.24937071,7.481534297,10.66681181,4.671279617,3.414425581,19.18028067,20.13091702,38.91591343,0.660578026,2.76156845,32.84032103,21.92634263,1.047892612,5.456930992,17.79956133,2.50030153,32.26632618
xalan-2.6,254.4359155,1.396480052,575.266261,0.719680991,4.286661713,516.1480206,2.514138404,588.5919591,545.2775913,1.664049441,536.0530258,0.719680991,578.5713603,136.6983318,12.23933683,72.03056236,3.71703004,599.2352003,8.114929628,74.63535797,602.8390553,1.07819604,157.9709083,77.54191854,0.699772663,465.0889839,1.45335165,172.3693331,19.36718614,525.6928502,3.841261879,11.1377212,132.8933,247.0094784,8.114929628,18.53330491,270.1899186,0.957507714,0.706214689,66.05848956,67.46261962,14.42082927,69.90031744,530.1971419,269.6109724,111.8524909,0.972736925,501.9460581,2.465376463,1.092254795,6.804753501,4.220506477,107.8374802,80.48996337,132.0133162,1.46171625,1.676191854,4.220506477,569.7614198,98.31090002,65.473009,32.72137828,1.110826164,549.1970723,82.75422904,82.75422904,514.6308315,1.408337549,20.45250841,13.48726702,5.055130926,74.95241286,5.484209354,265.0682603,13.56251487,3.71703004,75.06350162,576.1870913,465.0889839,608.7658653,551.3581155,67.49521518,173.4625542,548.2590752,69.63544588,581.9577293,570.2855732,67.73535226,575.266261,559.1370481,539.5036691,3.892454442,556.9300231,505.974965,605.3609484,47.7730794,91.99332195,541.0959916,1.092254795,0.706214689
xalan-2.7,8.937145184,472.7327038,1.334433443,115.878149,662.3314414,369.0468613,16.34625387,82.40271924,4.824283685,2.768552436,687.5006827,88.65201833,160.4210601,3.54415704,713.0648933,4.824283685,80.91786805,37.8941112,1.313090017,8.128305425,1.446866126,36.61153031,639.4611346,5.343652015,33.17342441,0.896794118,39.59629832,40.94283822,42.51556162,2.672894234,89.63228099,725.7570142,7.563813685,374.7123193,10.55518163,960.3306763,0.516295156,83.21079901,79.18403669,1.166222288,713.0648933,88.04848687,106.4257297,22.35617297,425.2904868,427.3716527,975.6239236,472.7327038,27.97353813,726.8325297,1.179109228,687.5006827,84.37985987,980.2347558,93.33832376,121.4379309,38.44843996,38.01420212,2.13981778,79.72018028,83.90631063,156.4115867,638.9416282,708.1048185,30.9557688,648.9036007,323.3247797,41.19080744,657.6771576,6.549430704,0.815865539,81.77493661,402.0793943,96.70369877,311.1325616,4.254685116,350.1720946,374.7123193,3.54415704,12.7545187,123.2745546,1.334433443,19.01977344,80.86920151,160.4210601,17.17940841,350.027101,398.8431977,0.980329492,157.3180861,92.4010192,86.32054254,79.70336659,662.3314414,13.27791713,425.2904868,79.97322954,41.91733186,88.30496018,79.18403669
xerces-init,20.47758769,1.086842754,10.79509382,12.85597981,12.31890138,11.30106767,20.89445012,11.09110585,10.96308876,9.436685256,17.11944264,1.234001372,1.239184623,11.09110585,12.21897936,1.279686521,1.897187239,2.261895016,1.605279211,2.28868125,9.389940091,11.25913565,11.67884297,12.12336754,16.40870156,2.091679721,12.49049439,1.823269989,1.737977829,2.33496215,2.053758501,12.54049537,17.17714061,21.94539182,2.278954839,1.09050785,17.2175995,10.80173254,2.38493586,15.73405037,22.01126399,1.086842754,2.078385496,12.49478928,10.71213701,13.9256224,1.670820196,15.23508692,11.30284494,2.786862226,9.436685256,12.98458431,43.24385919,20.72114588,9.327404764,21.6593474,1.234001372,1.847746844,1919.174551,1.112135886,11.30106767,11.25156278,7.487699055,1.279686521,1.251906397,9.226769105,1.241623367,12.59339713,14.38863424,17.25368272,1.242978517,21.1280008,10.87144187,16.68208139,1.242743752,2.38493586,9.389940091,2.053758501,13.13679831,41.81011889,1.030864198,11.63765224,43.24385919,11.3773077,13.1914011,1.562676076,11.2754231,1.030864198,12.98458431,11.01601599,9.192556272,20.79837379,21.53811514,12.96715735,21.25433446,1.251906397,21.25433446,2.0618779,13.11866283,22.02582097
xerces-1.2,7.432098783,2.479521825,3.724954302,5.406627644,2.297419266,4.806417518,3.36654314,4.070638143,7.379573532,7.189184732,3.749137055,2.3920146,7.639573904,2.173195641,4.759741815,3.751395204,11.87061888,2.216388227,2.453529938,3.535904171,7.595366383,3.787594364,1.484753487,1.009312463,5.153716387,0.909842484,2.42039056,1.920182596,3.197664621,1.758293989,11.87061888,2.368742271,2.457928602,4.524116475,3.073903772,1.791969471,3.72623902,7.341929221,4.382572347,3.742323407,3.989579896,1.19157019,5.100119329,5.046698951,4.243926649,1.463047284,4.000600736,1.85588449,1.707742329,4.373330478,4.414776205,1.264367507,0.818319521,2.235272108,3.868524912,2.173195641,1.825130058,5.209046502,4.301507272,1.417520802,2.482247132,0.956103119,4.095323518,0.885839911,1.710601933,2.382159563,7.499890804,1.938991786,4.896943616,0.261363636,2.58358846,4.075269459,1.19157019,4.754068532,0.261363636,3.816592046,2.588335329,1.001128913,7.342267652,4.485479624,3.688844274,0.59944772,3.923833518,7.189184732,3.051212121,3.693011649,3.937304281,5.200949731,0.813763589,0.953941837,4.199258695,3.693011649,3.248093543,4.392347356,4.01545832,3.513485776,3.683627732,4.260551176,1.466698577,1.386077706
xerces-1.3,43.66826508,21.68674994,22.74298943,15.08046096,30.26060448,27.53630146,25.67526606,47.82959252,40.55324331,8.82292355,18.91415988,1.377284824,47.55289555,52.79729227,1.178887726,1.175844607,38.03395094,30.26060448,11.39703618,21.15140173,0.426048565,23.73036195,1.652214445,40.9253288,3.22499977,25.76048251,43.37484593,0.549708288,36.3381171,43.69594201,21.59680281,31.48894337,35.432171,24.51414274,22.45668382,48.17539583,1.813537344,42.61209687,2.956760094,44.23546166,38.30975917,43.41576035,3.6987179,35.12991492,46.56201746,3.036244855,2.597940515,22.46762132,27.06487549,29.45320017,22.55297802,38.89783281,20.26835434,37.374744,40.51217283,13.29540307,48.48607165,18.33492729,33.26838411,37.53359942,53.21299465,9.235748288,0.426048565,22.43580508,27.04668089,43.92716238,29.75440135,20.20266808,6.138960839,24.90283179,1.73701839,42.70438943,10.33091088,1.750290261,36.92637166,40.41461316,9.588267521,42.1790755,16.88425533,35.60821031,46.39085858,30.78431286,10.63018671,32.43867296,49.51420768,43.59556435,30.52561559,52.8093811,23.61022256,46.76032626,0.979784082,52.39882855,55.89639388,18.22255582,38.94186599,33.82478602,46.28775945,0.549708288,45.77274671,56.22082968
xerces-1.4,266.9969176,109.7164634,288.1145143,282.1494216,272.2489616,116.5020616,260.8535129,257.1401181,279.7367852,326.3273288,76.2559498,246.4676027,84.17679752,283.777969,316.0279117,273.7095155,97.85533257,60.57702232,280.7841266,359.6493942,5.226420144,265.8530531,319.0147105,276.0828085,288.1609726,334.8372061,2.32394364,2.355935322,287.3316203,253.8253528,286.2698176,365.7005037,313.4057996,310.9511007,292.4677951,334.8780036,333.9116779,286.0571966,305.4158518,300.0955544,318.6130585,359.4393693,318.2962804,264.0448537,81.40945184,345.216122,245.7522739,5.755088998,304.1651987,297.6252389,112.0578485,322.3068925,270.3599726,262.6881497,122.701577,246.3320631,7.392938276,36.59650744,2.160411311,328.443452,296.9481494,3.791810111,260.3109183,2.160411311,318.5306303,287.1242017,2.714285714,76.26444973,306.961615,276.0828085,281.6861924,295.9158539,53.98913849,332.9205375,2.714285714,305.4794683,257.2378356,315.8271165,237.4597364,268.3064221,93.00205217,250.4521005,263.4915201,253.0984367,331.5096598,246.4676027,34.78291864,3.176520821,237.4597364,359.4288542,301.3176652,349.1358595,249.0967373,365.7005037,288.3483358,330.2773499,267.9140171,329.2506854,101.908278,342.1486489
